Species,prevalence
Pseudomonas stutzeri,0.10638297872340426
Cutibacterium acnes,0.06382978723404255
Shewanella sp. FDAARGOS_354,0.02127659574468085
Rheinheimera sp. LHK132,0.02127659574468085
Massilia oculi,0.02127659574468085
Malassezia restricta,0.02127659574468085
