Species,hong_kong,london,ilorin,singapore,new_york_city,porto,barcelona,kyiv,doha,seoul,zurich,lisbon,stockholm,denver,berlin,santiago,offa,hamilton,marseille,paris,naples,sacramento,sofia,vienna,sendai,brisbane,kuala_lumpur,hanoi,minneapolis,auckland,baltimore
Acetoanaerobium sticklandii,0.0015337423312883436,,,,,,,,,,,,,,,,,,,,,,,,,,,,,,
Acetobacter aceti,,,,,,,,,,,,,,,,,,,,,,,,,,,,,0.07692307692307693,,
Acetobacter ascendens,,,,,,,,,,,,,,,,,,,,,,,,,,,,,0.07692307692307693,,
Acetobacter ghanensis,,,,,0.006756756756756757,,,0.013513513513513514,,,,,,,,,,,,,,,,,,,,,0.07692307692307693,,
Acetobacter orientalis,0.003067484662576687,,0.005128205128205128,,0.02027027027027027,,,0.04054054054054054,,,,,,,,,,,,,,,,,,,,,0.07692307692307693,,
Acetobacter oryzoeni,,,,,,,,,,,,,,,,,,,,,,,,,,,,,0.07692307692307693,,
Acetobacter pasteurianus,,,,,0.006756756756756757,,,,,,,,,,,,,,,,,,,,,,,,0.07692307692307693,,
Acetobacter persici,0.0015337423312883436,,,,0.006756756756756757,,,,,,,,,,,,,,,,,,,,,,,,0.07692307692307693,,
Acetobacter senegalensis,,,,,,,,,,,,,,,,,,,,,,,,,,,,,0.07692307692307693,,
Acetobacter sp. KACC 21233,,,,,,,,0.013513513513513514,,,,,,,,,,,,,,,,,,,,,0.07692307692307693,,
Acetobacter tropicalis,,,,,,,,,,,,,,,,,,,,,,,,,,,,,0.07692307692307693,,
Acetobacteraceae bacterium,0.05674846625766871,0.011876484560570071,0.005128205128205128,0.09444444444444444,,0.0990990990990991,0.010416666666666666,0.08108108108108109,,,0.34615384615384615,,0.18604651162790697,0.02702702702702703,,,,,,0.0625,0.125,,,,,0.07142857142857142,0.14285714285714285,0.14285714285714285,,,
Acholeplasma palmae,,,,,,,,,,,,,,0.16216216216216217,,,,,,,,,,,,,,,,,
Achromobacter denitrificans,0.0015337423312883436,0.007125890736342043,0.015384615384615385,,0.02027027027027027,,,,,,,,,,,,0.11764705882352941,,,,,,,,,,,,,,
Achromobacter insolitus,0.004601226993865031,0.009501187648456057,0.02564102564102564,,0.006756756756756757,,,,,,,,,,,,0.058823529411764705,,,,,,,,,,,,,,
Achromobacter ruhlandii,,,,,,,,,,,,,,,,,0.058823529411764705,,,,,,,,,,,,,,
Achromobacter sp. AONIH1,0.003067484662576687,0.05938242280285035,0.010256410256410256,0.005555555555555556,0.006756756756756757,,,0.013513513513513514,0.015151515151515152,,0.019230769230769232,,,,,,0.058823529411764705,,,,,0.0625,,,,,,,,,
Achromobacter sp. B7,,0.009501187648456057,0.005128205128205128,,0.02027027027027027,0.009009009009009009,,,,,,,,,,,,,,,,,,,,,,,0.07692307692307693,,
Achromobacter sp. MFA1 R4,,0.011876484560570071,0.03076923076923077,,0.013513513513513514,,,,0.030303030303030304,,,0.0392156862745098,,,,0.058823529411764705,0.058823529411764705,,,,,,,,,,,,,,
Achromobacter spanius,,0.08076009501187649,0.05641025641025641,,0.033783783783783786,0.018018018018018018,,,,,,0.058823529411764705,,0.05405405405405406,,0.058823529411764705,0.17647058823529413,,,,,,,,,,,,0.07692307692307693,0.07692307692307693,
Achromobacter xylosoxidans,0.09202453987730061,0.37767220902612825,0.15384615384615385,0.11666666666666667,0.060810810810810814,0.07207207207207207,,0.13513513513513514,0.045454545454545456,0.03333333333333333,0.23076923076923078,0.058823529411764705,0.046511627906976744,0.08108108108108109,,0.11764705882352941,0.23529411764705882,,,0.125,0.0625,0.0625,0.25,,0.07142857142857142,0.14285714285714285,0.5714285714285714,0.14285714285714285,0.38461538461538464,0.07692307692307693,0.16666666666666666
Acidaminococcus intestini,,0.0023752969121140144,,0.005555555555555556,,,0.010416666666666666,,,,,,,,,,,,,,,,,,,,,,,,
Acidibrevibacterium fodinaquatile,0.018404907975460124,0.0023752969121140144,0.005128205128205128,0.022222222222222223,,,,0.04054054054054054,,,0.019230769230769232,,,0.02702702702702703,,,,,,,,,,,,,0.07142857142857142,,,,
Acidipropionibacterium acidipropionici,0.006134969325153374,0.023752969121140142,,0.016666666666666666,0.013513513513513514,,,0.013513513513513514,,,0.057692307692307696,,,,,,,,,,,,,,0.07142857142857142,,0.07142857142857142,0.14285714285714285,0.15384615384615385,,
Acidipropionibacterium jensenii,0.0015337423312883436,0.011876484560570071,,0.011111111111111112,0.08108108108108109,,,0.05405405405405406,,,0.038461538461538464,,,,,,,,,0.0625,,0.0625,,,,,,,,,
Acidipropionibacterium virtanenii,,0.0023752969121140144,,,,,,,,,,,,,,,,,,,,,,,,,,,,,
Acidobacterium capsulatum,0.006134969325153374,,,,,,,0.013513513513513514,,,,,,,,,,,,,,,,,,,,,,,
Acidovorax avenae,0.02607361963190184,,0.041025641025641026,0.027777777777777776,0.006756756756756757,0.009009009009009009,,0.013513513513513514,0.030303030303030304,,0.07692307692307693,,,,,0.058823529411764705,,,,0.125,,0.125,0.125,,,0.21428571428571427,,,,,
Acidovorax carolinensis,0.19171779141104295,,0.05128205128205128,0.08888888888888889,0.08783783783783784,0.018018018018018018,,0.04054054054054054,0.12121212121212122,0.1,0.057692307692307696,,0.11627906976744186,0.05405405405405406,,0.17647058823529413,,,0.125,0.25,0.0625,0.0625,0.1875,0.13333333333333333,,0.6428571428571429,0.21428571428571427,,0.23076923076923078,,0.08333333333333333
Acidovorax cattleyae,,,0.005128205128205128,,,,,,,,,,,,,,,,,,,,,,,,,,,,
Acidovorax citrulli,0.003067484662576687,,0.010256410256410256,,,,,,,,,,,,,,,,,,,,,,,,,,,,
Acidovorax ebreus,,,0.010256410256410256,,,,0.09375,,,,,0.0196078431372549,,,,,0.11764705882352941,,,0.1875,,,,,,0.07142857142857142,,,,,
Acidovorax sp. 1608163,0.07822085889570553,0.011876484560570071,0.05641025641025641,0.05,0.07432432432432433,0.018018018018018018,0.010416666666666666,0.05405405405405406,0.07575757575757576,0.05,0.019230769230769232,,0.023255813953488372,0.02702702702702703,0.027777777777777776,0.058823529411764705,,,0.125,0.0625,0.125,,0.1875,0.13333333333333333,0.14285714285714285,0.42857142857142855,0.2857142857142857,,0.07692307692307693,,
Acidovorax sp. HDW3,0.0015337423312883436,,0.010256410256410256,,,,,,,,,,,,,,,,,,,,,,,,,,,,
Acidovorax sp. JS42,,,0.005128205128205128,,,,0.09375,,,,,0.0196078431372549,,,,,0.058823529411764705,,,0.1875,,,,,,0.07142857142857142,,,,,
Acidovorax sp. KKS102,0.23006134969325154,0.011876484560570071,0.07179487179487179,0.08333333333333333,0.14864864864864866,0.06306306306306306,,0.05405405405405406,0.12121212121212122,0.2,0.057692307692307696,,0.20930232558139536,0.02702702702702703,0.027777777777777776,0.11764705882352941,,,0.0625,,0.0625,,0.25,0.2,0.21428571428571427,0.6428571428571429,0.5714285714285714,0.21428571428571427,0.23076923076923078,,
Acidovorax sp. RAC01,0.03987730061349693,0.0023752969121140144,0.020512820512820513,0.011111111111111112,0.02702702702702703,,,,0.06060606060606061,0.03333333333333333,,,0.023255813953488372,0.02702702702702703,,0.058823529411764705,,,,,0.0625,,0.125,0.06666666666666667,,0.07142857142857142,,,0.07692307692307693,,
Acidovorax sp. T1,0.018404907975460124,,0.010256410256410256,,0.006756756756756757,,,,0.045454545454545456,0.016666666666666666,,,,,,0.058823529411764705,,,,,,,,,,,,,0.07692307692307693,,
Acinetobacter baumannii,0.05521472392638037,0.2209026128266033,0.3641025641025641,0.17222222222222222,0.43243243243243246,0.6756756756756757,0.9270833333333334,0.35135135135135137,0.8181818181818182,0.03333333333333333,0.28846153846153844,0.5098039215686274,0.20930232558139536,0.7567567567567568,0.6111111111111112,0.35294117647058826,0.23529411764705882,0.1875,0.75,0.0625,0.375,0.375,0.1875,0.06666666666666667,0.35714285714285715,0.07142857142857142,,0.35714285714285715,0.15384615384615385,0.07692307692307693,0.3333333333333333
Acinetobacter baylyi,,,0.015384615384615385,0.005555555555555556,0.02027027027027027,,0.041666666666666664,,,,,0.0196078431372549,,,,,,0.0625,,,,,,,,,,,,,
Acinetobacter bereziniae,0.004601226993865031,0.0023752969121140144,0.03076923076923077,0.005555555555555556,0.013513513513513514,0.02702702702702703,0.041666666666666664,,,0.016666666666666666,,0.0392156862745098,,0.02702702702702703,0.027777777777777776,,0.058823529411764705,0.0625,,,,,,,,,,,,,
Acinetobacter calcoaceticus,0.004601226993865031,0.004750593824228029,0.005128205128205128,0.022222222222222223,0.060810810810810814,0.009009009009009009,0.041666666666666664,0.013513513513513514,0.015151515151515152,0.016666666666666666,0.019230769230769232,0.09803921568627451,,,0.027777777777777776,,,0.0625,,,,,0.0625,,,,,,,,
Acinetobacter chinensis,,,0.010256410256410256,,0.006756756756756757,,,,,,,0.0392156862745098,,,,,,0.0625,,,,,,,,,,,,,
Acinetobacter cumulans,,,0.010256410256410256,0.005555555555555556,0.08783783783783784,0.018018018018018018,0.3541666666666667,,,,,0.058823529411764705,,0.02702702702702703,,0.058823529411764705,0.058823529411764705,0.0625,,,,,,,,,,,,0.07692307692307693,
Acinetobacter defluvii,,0.0023752969121140144,0.020512820512820513,0.005555555555555556,0.0472972972972973,0.018018018018018018,0.052083333333333336,,,,,0.0392156862745098,,0.02702702702702703,0.027777777777777776,,,0.0625,,,,,,,,,,,,,
Acinetobacter dispersus,0.0015337423312883436,0.0023752969121140144,0.005128205128205128,0.005555555555555556,0.02027027027027027,0.018018018018018018,0.052083333333333336,,,,,0.0196078431372549,,,0.027777777777777776,,0.11764705882352941,0.0625,0.0625,,0.0625,,,,0.07142857142857142,,,,,,
Acinetobacter equi,,,0.010256410256410256,0.005555555555555556,0.02702702702702703,,,,,,,0.0392156862745098,,,,,,0.0625,,,,,,,,,,,,,
Acinetobacter guillouiae,0.0352760736196319,0.030878859857482184,0.03076923076923077,0.011111111111111112,0.033783783783783786,0.11711711711711711,0.041666666666666664,,,0.03333333333333333,,0.0392156862745098,,0.02702702702702703,0.05555555555555555,,0.058823529411764705,0.125,,,,0.0625,0.0625,,0.07142857142857142,,,,,,
Acinetobacter gyllenbergii,0.0015337423312883436,,0.010256410256410256,0.005555555555555556,0.02027027027027027,0.018018018018018018,0.052083333333333336,,,,,0.0392156862745098,,,0.05555555555555555,,0.11764705882352941,0.0625,0.0625,,,,,,0.07142857142857142,,,,,,
Acinetobacter haemolyticus,0.015337423312883436,0.026128266033254157,0.3333333333333333,0.005555555555555556,0.14189189189189189,0.16216216216216217,0.84375,0.013513513513513514,0.19696969696969696,0.016666666666666666,,0.1568627450980392,0.023255813953488372,0.16216216216216217,0.1111111111111111,0.058823529411764705,0.11764705882352941,0.0625,0.0625,,,,0.1875,,,0.07142857142857142,,,,0.07692307692307693,
Acinetobacter indicus,0.06288343558282208,0.028503562945368172,0.8051282051282052,0.08333333333333333,0.27702702702702703,0.14414414414414414,0.7604166666666666,0.14864864864864866,0.6060606060606061,,0.019230769230769232,0.5098039215686274,,0.35135135135135137,0.1388888888888889,0.11764705882352941,0.5294117647058824,0.1875,,,,0.125,0.0625,,,,,0.5714285714285714,,0.23076923076923078,0.08333333333333333
Acinetobacter johnsonii,0.11349693251533742,0.5890736342042755,0.20512820512820512,0.3888888888888889,0.5540540540540541,0.954954954954955,0.9375,0.2702702702702703,0.803030303030303,0.18333333333333332,0.23076923076923078,0.27450980392156865,0.5581395348837209,0.6756756756756757,0.9722222222222222,1.0,0.17647058823529413,0.1875,1.0,0.875,1.0,0.0625,0.875,0.8,0.8571428571428571,0.07142857142857142,,0.21428571428571427,,0.15384615384615385,0.4166666666666667
Acinetobacter junii,0.11196319018404909,0.0332541567695962,0.48205128205128206,0.08888888888888889,0.07432432432432433,0.15315315315315314,0.9583333333333334,0.12162162162162163,0.5454545454545454,0.08333333333333333,0.1346153846153846,0.058823529411764705,,0.08108108108108109,0.1388888888888889,,0.058823529411764705,0.0625,0.125,,0.0625,,0.125,,,0.2857142857142857,,0.6428571428571429,,,0.25
Acinetobacter lactucae,,,,,0.05405405405405406,,,,0.015151515151515152,,,0.0392156862745098,,,0.05555555555555555,,,,,,,,,,,,,,,,
Acinetobacter larvae,,0.004750593824228029,0.005128205128205128,0.005555555555555556,0.006756756756756757,,,,,,,0.0196078431372549,,,,,,0.0625,,,,,,,,,,,,,
Acinetobacter lwoffii,0.018404907975460124,0.4513064133016627,0.13333333333333333,0.3277777777777778,0.581081081081081,0.8108108108108109,0.9166666666666666,0.1891891891891892,0.7424242424242424,0.03333333333333333,0.15384615384615385,0.6274509803921569,0.16279069767441862,0.5675675675675675,0.8611111111111112,1.0,0.47058823529411764,0.3125,0.875,0.3125,1.0,0.4375,0.5,0.26666666666666666,0.07142857142857142,,,0.14285714285714285,,0.07692307692307693,0.08333333333333333
Acinetobacter nosocomialis,,0.004750593824228029,0.03076923076923077,0.022222222222222223,0.1554054054054054,0.02702702702702703,0.25,,0.030303030303030304,0.016666666666666666,0.038461538461538464,0.13725490196078433,,0.10810810810810811,0.027777777777777776,0.35294117647058826,,0.0625,,,,,,,,,,0.07142857142857142,,,
Acinetobacter oleivorans,0.003067484662576687,,,,0.013513513513513514,,,,,0.016666666666666666,,0.0196078431372549,,,0.027777777777777776,,,,,,,,,,,,,,,,
Acinetobacter phage Acj61,,,,,,0.009009009009009009,,,,,,,,,,,,,,,,,,,,,,,,,
Acinetobacter pittii,0.006134969325153374,0.0166270783847981,0.035897435897435895,0.022222222222222223,0.20945945945945946,0.09009009009009009,0.59375,,0.7575757575757576,0.016666666666666666,0.038461538461538464,0.3137254901960784,,0.1891891891891892,0.1111111111111111,,,0.0625,0.0625,,,0.0625,,,,,,,,,0.25
Acinetobacter radioresistens,0.0015337423312883436,0.023752969121140142,0.14358974358974358,0.011111111111111112,0.28378378378378377,0.24324324324324326,0.6770833333333334,0.013513513513513514,0.42424242424242425,0.016666666666666666,,0.4117647058823529,,0.43243243243243246,0.05555555555555555,0.47058823529411764,0.35294117647058826,0.3125,,,,0.0625,,,,,,,,0.07692307692307693,0.08333333333333333
Acinetobacter schindleri,0.06288343558282208,0.07363420427553444,0.8256410256410256,0.36666666666666664,0.5067567567567568,0.36036036036036034,0.8333333333333334,0.2702702702702703,0.803030303030303,0.05,0.17307692307692307,0.6274509803921569,0.023255813953488372,0.6216216216216216,0.3333333333333333,0.6470588235294118,0.7647058823529411,0.3125,0.1875,,0.125,0.4375,0.25,0.2,,,,0.5,,0.15384615384615385,0.16666666666666666
Acinetobacter soli,0.007668711656441718,,0.07179487179487179,0.027777777777777776,0.033783783783783786,,0.052083333333333336,,,,0.057692307692307696,0.0784313725490196,,,,,,0.0625,,,,,,,,,,,,,
Acinetobacter sp. 185,,0.0023752969121140144,0.010256410256410256,0.005555555555555556,0.07432432432432433,,0.010416666666666666,,,,,0.0392156862745098,,,,0.058823529411764705,0.058823529411764705,0.125,,,,,,,,,,,,0.07692307692307693,
Acinetobacter sp. 323-1,,,0.010256410256410256,0.005555555555555556,0.05405405405405406,,0.010416666666666666,,,,,0.0392156862745098,,,,0.058823529411764705,0.058823529411764705,0.0625,,,,,,,,,,,,0.07692307692307693,
Acinetobacter sp. ACNIH1,0.004601226993865031,0.014251781472684086,0.6051282051282051,0.05555555555555555,0.27702702702702703,0.10810810810810811,0.5833333333333334,0.05405405405405406,0.696969696969697,,0.038461538461538464,0.5882352941176471,,0.5405405405405406,0.1388888888888889,0.29411764705882354,0.6470588235294118,0.125,0.0625,,,0.3125,,,,,,0.14285714285714285,,0.07692307692307693,
Acinetobacter sp. ACNIH2,0.0015337423312883436,0.0023752969121140144,0.03076923076923077,0.005555555555555556,0.10135135135135136,0.036036036036036036,0.3333333333333333,,,,,0.0392156862745098,,0.02702702702702703,,0.058823529411764705,0.058823529411764705,0.125,,,,,,,,,,,,0.07692307692307693,
Acinetobacter sp. C16S1,0.0015337423312883436,,,,0.013513513513513514,,0.052083333333333336,,,,,,,,,,,,,,,,,,,,,,,,
Acinetobacter sp. DUT-2,,,,,0.013513513513513514,,,,0.030303030303030304,,,0.058823529411764705,,,0.027777777777777776,,,,,,,,,,,,,,,,
Acinetobacter sp. LoGeW2-3,,,0.07692307692307693,0.005555555555555556,0.17567567567567569,0.009009009009009009,0.041666666666666664,,,,,0.2549019607843137,,0.08108108108108109,0.027777777777777776,0.058823529411764705,0.29411764705882354,0.0625,,,,0.0625,,,,,,,,0.07692307692307693,
Acinetobacter sp. NCu2D-2,,,0.010256410256410256,0.005555555555555556,0.11486486486486487,0.018018018018018018,0.03125,,,,,0.1568627450980392,,0.02702702702702703,,0.058823529411764705,0.11764705882352941,0.0625,,,,,,,,,,,,0.07692307692307693,
Acinetobacter sp. NEB149,,0.05938242280285035,0.02564102564102564,0.06111111111111111,0.2905405405405405,0.23423423423423423,0.20833333333333334,0.04054054054054054,0.4696969696969697,0.016666666666666666,0.07692307692307693,0.5294117647058824,0.023255813953488372,0.5405405405405406,0.1388888888888889,0.5294117647058824,0.29411764705882354,0.125,,,,0.3125,0.25,0.06666666666666667,,,,,,0.07692307692307693,
Acinetobacter sp. SWBY1,0.007668711656441718,,0.035897435897435895,0.011111111111111112,0.05405405405405406,,,,0.030303030303030304,,,0.0392156862745098,,0.02702702702702703,,0.058823529411764705,,,,,,,,,,,,,,0.07692307692307693,
Acinetobacter sp. TGL-Y2,,0.0023752969121140144,0.010256410256410256,0.005555555555555556,0.060810810810810814,,0.041666666666666664,,,,,0.0392156862745098,,,,0.058823529411764705,0.058823529411764705,0.1875,,,,,,,,,,,,0.07692307692307693,
Acinetobacter sp. TTH0-4,,0.004750593824228029,0.015384615384615385,0.005555555555555556,0.11486486486486487,0.06306306306306306,0.0625,,,0.016666666666666666,,0.058823529411764705,,0.02702702702702703,0.027777777777777776,0.4117647058823529,0.11764705882352941,0.1875,,,,,,,,,,,,0.15384615384615385,
Acinetobacter sp. WCHA45,0.04141104294478527,0.004750593824228029,0.08717948717948718,0.016666666666666666,0.02702702702702703,0.06306306306306306,0.6875,0.013513513513513514,0.13636363636363635,0.016666666666666666,0.038461538461538464,0.0196078431372549,,0.05405405405405406,0.1111111111111111,,,0.0625,0.1875,,,,0.125,,,,,0.14285714285714285,,,
Acinetobacter sp. WCHA55,0.01687116564417178,0.035629453681710214,0.05641025641025641,0.016666666666666666,0.05405405405405406,0.15315315315315314,0.46875,,0.10606060606060606,,,0.058823529411764705,,0.02702702702702703,0.16666666666666666,0.23529411764705882,,0.0625,0.125,,0.0625,,0.125,0.06666666666666667,,,,,,,
Acinetobacter sp. WCHAc010034,,0.0023752969121140144,0.020512820512820513,0.005555555555555556,0.10135135135135136,0.018018018018018018,0.4166666666666667,,,,,0.0784313725490196,,0.05405405405405406,,0.058823529411764705,0.11764705882352941,0.0625,,,,,,,,,,,,0.07692307692307693,
Acinetobacter sp. WCHAc010052,,,0.010256410256410256,,0.006756756756756757,,0.13541666666666666,,,,,0.0392156862745098,,,,,,0.0625,,,,,,,,,,,,,
Acinetobacter sp. dk386,,,0.010256410256410256,0.005555555555555556,0.10810810810810811,0.009009009009009009,,,,,,0.058823529411764705,,,,0.058823529411764705,0.058823529411764705,0.1875,,,,,,,,,,,,0.07692307692307693,
Acinetobacter tandoii,0.007668711656441718,0.004750593824228029,0.15384615384615385,0.016666666666666666,0.05405405405405406,,0.041666666666666664,,,,,0.0392156862745098,,,,0.058823529411764705,0.058823529411764705,0.0625,,,,,,,,,,,,0.07692307692307693,
Acinetobacter towneri,0.024539877300613498,0.007125890736342043,0.07179487179487179,0.016666666666666666,0.0945945945945946,0.009009009009009009,0.46875,,0.06060606060606061,,,0.0784313725490196,,0.05405405405405406,,0.058823529411764705,0.058823529411764705,0.0625,,,,,,,,,,0.14285714285714285,,0.07692307692307693,
Acinetobacter ursingii,0.08895705521472393,0.0688836104513064,0.046153846153846156,0.1111111111111111,0.19594594594594594,0.6036036036036037,0.5416666666666666,0.14864864864864866,0.21212121212121213,0.016666666666666666,0.15384615384615385,0.21568627450980393,,0.16216216216216217,0.05555555555555555,0.058823529411764705,,0.0625,0.3125,0.125,0.0625,,0.375,,,,,0.14285714285714285,,0.07692307692307693,0.08333333333333333
Acinetobacter venetianus,0.010736196319018405,0.0023752969121140144,0.015384615384615385,0.005555555555555556,0.04054054054054054,0.009009009009009009,0.5625,,0.015151515151515152,,,0.0196078431372549,,0.02702702702702703,0.05555555555555555,,,0.0625,,,,,,,,,,,,,
Acinetobacter wuhouensis,,0.007125890736342043,0.010256410256410256,0.005555555555555556,0.0945945945945946,0.04504504504504504,0.6145833333333334,,,,,0.09803921568627451,,0.10810810810810811,0.05555555555555555,0.058823529411764705,0.058823529411764705,0.125,,,,,,,,,,,,,
Actinomadura amylolytica,,0.004750593824228029,,,,,,,,,,,,,,,,,,,,,,,,,,,,,
Actinomadura sp. WMMA1423,0.003067484662576687,0.023752969121140142,,0.005555555555555556,,0.009009009009009009,,,0.030303030303030304,,0.038461538461538464,,,,,,,,,,,0.25,,,,0.07142857142857142,,,,,
Actinomadura sp. WMMB499,0.003067484662576687,0.019002375296912115,,,,0.02702702702702703,,,0.015151515151515152,,0.038461538461538464,,,,,,,,,,,0.1875,,,,0.07142857142857142,,,,,
Actinomyces gaoshouyii,,,,0.005555555555555556,,0.009009009009009009,,,,,,,,,,,,,,,,,,,,,,,,,
Actinomyces howellii,0.0015337423312883436,,,,,,,0.013513513513513514,,,0.019230769230769232,,,0.02702702702702703,,,,,,,,,,,,,,,,,
Actinomyces naeslundii,0.0950920245398773,0.17577197149643706,0.02564102564102564,0.28888888888888886,0.4527027027027027,0.5045045045045045,0.03125,0.33783783783783783,0.12121212121212122,0.016666666666666666,0.19230769230769232,,0.2558139534883721,0.2702702702702703,0.3055555555555556,0.058823529411764705,,,0.625,0.375,0.4375,,0.75,0.5333333333333333,0.2857142857142857,0.21428571428571427,0.42857142857142855,0.14285714285714285,0.38461538461538464,,0.6666666666666666
Actinomyces oris,0.1165644171779141,0.2042755344418052,0.02564102564102564,0.31666666666666665,0.5135135135135135,0.5225225225225225,0.041666666666666664,0.3783783783783784,0.13636363636363635,0.03333333333333333,0.2692307692307692,,0.27906976744186046,0.32432432432432434,0.4722222222222222,0.17647058823529413,,,0.6875,0.4375,0.5625,,0.75,0.5333333333333333,0.42857142857142855,0.21428571428571427,0.5,0.21428571428571427,0.38461538461538464,,0.6666666666666666
Actinomyces pacaensis,0.003067484662576687,0.004750593824228029,,0.03333333333333333,0.013513513513513514,,0.010416666666666666,0.04054054054054054,,,,,0.06976744186046512,,,,,,0.125,0.0625,,,,,,,,,0.07692307692307693,,
Actinomyces radicidentis,0.010736196319018405,0.004750593824228029,0.010256410256410256,0.08333333333333333,0.006756756756756757,0.05405405405405406,0.010416666666666666,0.35135135135135137,,0.016666666666666666,0.19230769230769232,,,0.02702702702702703,0.027777777777777776,,,,,,,,,,0.07142857142857142,,,0.2857142857142857,0.07692307692307693,,
Actinomyces slackii,0.0015337423312883436,,,,0.006756756756756757,,,,,,,,,0.02702702702702703,,,,,,,,,,,,,,,,,
Actinomyces sp. Chiba101,0.0015337423312883436,,,0.011111111111111112,,0.009009009009009009,,,,,,,,0.02702702702702703,,,,,,,,,,,,,,,,,
Actinomyces sp. Z16,,,,,,,,,,,,,,0.02702702702702703,,,,,,,,,,,,,,,,,
Actinomyces sp. dk561,,,,,,,,,,,,,,0.02702702702702703,,,,,,,,,,,,,,,,,
Actinomyces sp. oral taxon 171,0.26380368098159507,0.27315914489311166,0.06153846153846154,0.3888888888888889,0.5675675675675675,0.5675675675675675,0.052083333333333336,0.40540540540540543,0.18181818181818182,0.08333333333333333,0.34615384615384615,,0.37209302325581395,0.35135135135135137,0.5277777777777778,0.23529411764705882,,,0.75,0.4375,0.6875,,0.8125,0.5333333333333333,0.5714285714285714,0.21428571428571427,0.5,0.21428571428571427,0.46153846153846156,,0.6666666666666666
Actinomyces sp. oral taxon 414,0.10122699386503067,0.1496437054631829,0.035897435897435895,0.2722222222222222,0.3716216216216216,0.4774774774774775,0.03125,0.3918918918918919,0.22727272727272727,,0.25,,0.13953488372093023,0.24324324324324326,0.25,0.058823529411764705,,,0.5,0.25,0.5,0.0625,0.625,0.4666666666666667,0.42857142857142855,0.07142857142857142,0.5,0.21428571428571427,0.23076923076923078,,0.6666666666666666
Actinomyces sp. oral taxon 848,,,0.005128205128205128,,0.006756756756756757,,0.010416666666666666,0.013513513513513514,,,,,,,,,,,,,,,,,,,,,,,
Actinomyces sp. oral taxon 897,0.015337423312883436,0.007125890736342043,0.005128205128205128,0.044444444444444446,0.02702702702702703,0.0990990990990991,0.03125,0.0945945945945946,,,0.038461538461538464,,0.046511627906976744,0.05405405405405406,0.027777777777777776,,,,,0.0625,0.0625,,0.0625,,,,0.2857142857142857,0.07142857142857142,,,0.25
Actinomyces viscosus,0.0950920245398773,0.11401425178147269,0.020512820512820513,0.24444444444444444,0.38513513513513514,0.43243243243243246,0.020833333333333332,0.28378378378378377,0.07575757575757576,0.016666666666666666,0.17307692307692307,,0.18604651162790697,0.1891891891891892,0.2222222222222222,,,,0.5,0.1875,0.25,,0.6875,0.4666666666666667,0.14285714285714285,0.07142857142857142,0.35714285714285715,0.14285714285714285,0.3076923076923077,,0.08333333333333333
Actinoplanes derwentensis,0.02147239263803681,0.047505938242280284,0.041025641025641026,,0.013513513513513514,0.05405405405405406,,,0.045454545454545456,0.03333333333333333,0.11538461538461539,,0.046511627906976744,0.02702702702702703,0.08333333333333333,0.058823529411764705,,,0.125,,,0.75,,0.06666666666666667,,0.14285714285714285,,0.07142857142857142,0.15384615384615385,,
Actinoplanes friuliensis,0.03067484662576687,0.14251781472684086,0.05128205128205128,0.07777777777777778,0.013513513513513514,0.08108108108108109,,0.08108108108108109,0.07575757575757576,0.05,0.34615384615384615,,0.13953488372093023,0.10810810810810811,0.16666666666666666,,,,0.0625,0.0625,0.0625,0.875,0.125,0.2,0.14285714285714285,0.21428571428571427,,0.07142857142857142,0.3076923076923077,,
Actinoplanes missouriensis,0.019938650306748466,0.019002375296912115,0.046153846153846156,0.011111111111111112,0.006756756756756757,0.018018018018018018,,,0.030303030303030304,0.03333333333333333,0.07692307692307693,,,0.02702702702702703,0.08333333333333333,,,,0.125,,,0.6875,,,,0.14285714285714285,,0.07142857142857142,0.15384615384615385,,
Actinoplanes sp. N902-109,0.046012269938650305,0.08788598574821853,0.05641025641025641,0.07777777777777778,,0.04504504504504504,,0.0945945945945946,0.045454545454545456,0.06666666666666667,0.23076923076923078,,0.023255813953488372,0.08108108108108109,0.08333333333333333,,,,,0.0625,0.0625,0.8125,0.0625,0.06666666666666667,0.14285714285714285,0.21428571428571427,,0.07142857142857142,0.23076923076923078,,
Actinoplanes sp. OR16,0.024539877300613498,0.04275534441805225,0.07179487179487179,0.005555555555555556,0.006756756756756757,0.02702702702702703,,,0.015151515151515152,0.03333333333333333,0.1346153846153846,,0.046511627906976744,0.05405405405405406,0.1111111111111111,,,,0.125,,,0.75,0.0625,,,0.14285714285714285,,0.07142857142857142,0.15384615384615385,,
Actinoplanes teichomyceticus,0.019938650306748466,0.028503562945368172,0.046153846153846156,0.016666666666666666,0.006756756756756757,0.018018018018018018,,0.013513513513513514,,0.03333333333333333,0.1346153846153846,,0.046511627906976744,0.05405405405405406,0.08333333333333333,,,,0.0625,,,0.75,,,,0.14285714285714285,,0.07142857142857142,0.15384615384615385,,
Actinopolymorpha singaporensis,,0.03800475059382423,,,,,,,,,,,,,,,,,,,,0.0625,,,,,,,,,
Actinopolyspora erythraea,0.0015337423312883436,,0.010256410256410256,,,,,,,,,,,,,,,,,,,,,,,,,,,,
Actinosynnema pretiosum,,,0.010256410256410256,,,,,,,,,,,,,,,,,,,,,,,,,,,,
Advenella kashmirensis,,,0.005128205128205128,,,,,,,,,,,0.02702702702702703,,,,,,,,,,,,,,,,,
Advenella mimigardefordensis,,,0.005128205128205128,,,,,,,,,,,,,,,,,,,,,,,,,,,,
Aequorivita sp. H23M31,,0.009501187648456057,,,,,,,,,,,,,,,,,,,,,,,,,,,,,
Aequorivita sublithincola,0.006134969325153374,0.007125890736342043,,,,,,,,,,,,,,,,,,,,,,,,,,,,,
Aeribacillus pallidus,,,0.005128205128205128,,,,,,,,,,,,,,,,,,,,,,,,,,,,
Aerococcus christensenii,,,,,,0.009009009009009009,,,,,,,,,,,,,,,,,,,,,,,,,
Aerococcus urinaeequi,0.004601226993865031,0.05463182897862233,0.05128205128205128,,0.08783783783783784,0.11711711711711711,0.020833333333333332,0.013513513513513514,0.030303030303030304,,,0.0784313725490196,0.046511627906976744,0.1891891891891892,0.05555555555555555,0.17647058823529413,0.058823529411764705,,0.125,0.0625,0.0625,0.125,,,,,,0.07142857142857142,,0.15384615384615385,
Aerococcus viridans,0.013803680981595092,0.040380047505938245,0.06666666666666667,0.016666666666666666,0.08783783783783784,0.05405405405405406,0.03125,0.04054054054054054,0.10606060606060606,,,0.09803921568627451,0.023255813953488372,0.1891891891891892,0.05555555555555555,0.058823529411764705,0.058823529411764705,,0.125,,0.0625,,,,,,,0.14285714285714285,,0.07692307692307693,
Aeromicrobium choanae,0.010736196319018405,0.3847980997624703,0.09230769230769231,0.08888888888888889,0.32432432432432434,0.009009009009009009,0.010416666666666666,0.06756756756756757,,0.06666666666666667,0.15384615384615385,,0.18604651162790697,0.08108108108108109,0.05555555555555555,0.5294117647058824,,,0.0625,0.125,0.1875,0.6875,0.1875,0.06666666666666667,,,0.07142857142857142,0.35714285714285715,0.38461538461538464,,
Aeromicrobium erythreum,0.027607361963190184,0.0997624703087886,0.046153846153846156,0.005555555555555556,,0.009009009009009009,,0.013513513513513514,,,0.019230769230769232,,0.046511627906976744,,0.027777777777777776,0.058823529411764705,,,,,,,,0.06666666666666667,,,,,,,
Aeromicrobium marinum,0.004601226993865031,0.007125890736342043,,,,,,,,,,,,,,,,,,,,,,,,,,,,,
Aeromicrobium sp. 592,0.003067484662576687,0.07363420427553444,,0.005555555555555556,,,,,,,,,0.06976744186046512,,0.05555555555555555,,,,,,,0.0625,,,,,,,,,
Aeromicrobium sp. A1-2,0.0015337423312883436,0.004750593824228029,,,,,,,,,,,,,0.027777777777777776,,,,,,,,,,,,,,,,
Aeromicrobium sp. MF47,0.003067484662576687,0.0332541567695962,,,,,,,,,,,,,0.05555555555555555,,,,,,,,,,,,,,,,
Aeromonas caviae,0.003067484662576687,0.0023752969121140144,0.13333333333333333,0.03888888888888889,0.006756756756756757,0.018018018018018018,,0.02702702702702703,0.045454545454545456,,,,,,,,,,0.0625,0.0625,0.0625,,,0.13333333333333333,,,,,,,
Aeromonas dhakensis,0.006134969325153374,,0.005128205128205128,,,,,,,,,,,,,,,,,,,,,,,,,,,,
Aeromonas encheleia,,,,,0.006756756756756757,,,,,0.016666666666666666,,,,,,,,,,,,,,,,,,,,,
Aeromonas hydrophila,0.009202453987730062,,0.015384615384615385,0.016666666666666666,0.013513513513513514,,,,,0.016666666666666666,,,,,,,,,,,0.0625,,,0.06666666666666667,,,,,,,
Aeromonas media,0.0015337423312883436,,0.010256410256410256,0.027777777777777776,0.02702702702702703,0.018018018018018018,,0.02702702702702703,,0.016666666666666666,,,0.023255813953488372,,,,,,,,0.0625,,0.0625,0.06666666666666667,,,,,,,
Aeromonas rivipollensis,,,,0.011111111111111112,0.006756756756756757,,,,,,,,,,,,,,,,,,,,,,,,,,
Aeromonas salmonicida,,0.0023752969121140144,,0.005555555555555556,0.013513513513513514,0.009009009009009009,,,,0.016666666666666666,,,0.023255813953488372,,,0.11764705882352941,,,,,,,,,,,,,,,
Aeromonas sp. ASNIH1,,,0.005128205128205128,,,,,,,,,,,,,,,,,,,,,,,,,,,,
Aeromonas sp. ASNIH2,,,0.010256410256410256,,,,,,,,,,,,,,,,,,,,,,,,,,,,
Aeromonas sp. ASNIH3,,,0.005128205128205128,,,,,,,,,,,,,,,,,,,,,,,,,,,,
Aeromonas sp. ASNIH5,,,0.020512820512820513,0.005555555555555556,,,,,,,,,,,,,,,,,,,,,,,,,,,
Aeromonas sp. ASNIH7,0.0015337423312883436,,0.005128205128205128,0.005555555555555556,0.006756756756756757,,,,,,,,,,,,,,,,,,,0.06666666666666667,,,,,,,
Aeromonas sp. CA23,,,,,0.006756756756756757,,,,,,,,,,,,,,,,,,,,,,,,,,
Aeromonas sp. CU5,,,,,0.006756756756756757,,,,,,,,,,,,,,,,,,,,,,,,,,
Aeromonas veronii,0.009202453987730062,,0.010256410256410256,,0.013513513513513514,,,0.013513513513513514,,0.016666666666666666,,,,,,,,,,,,0.0625,,,,,,,,,
Aerosticca soli,,,0.010256410256410256,,,,,0.013513513513513514,,,,,,,,,,,,,,,,,,,,,,,
Aggregatibacter actinomycetemcomitans,,,,,,0.018018018018018018,,,,,,,,,,,,,,,,,,,,,,,,,
Aggregatibacter aphrophilus,,0.0023752969121140144,,,,0.018018018018018018,0.03125,0.013513513513513514,,,,,,0.2702702702702703,,,,,,,0.0625,,,0.06666666666666667,,,,,,,
Aggregatibacter segnis,0.003067484662576687,0.004750593824228029,0.005128205128205128,,,0.05405405405405406,0.010416666666666666,0.04054054054054054,,,0.019230769230769232,,,,0.027777777777777776,,,,,,,,,,,,,,,,
Agrobacterium fabrum,0.0015337423312883436,0.004750593824228029,,0.005555555555555556,,,,,,0.016666666666666666,,0.0196078431372549,,,,,,,,,,,,,0.07142857142857142,,,,,0.15384615384615385,
Agrobacterium larrymoorei,0.0015337423312883436,0.007125890736342043,0.10256410256410256,0.011111111111111112,,,,,,,0.019230769230769232,0.0196078431372549,,,,,,0.125,,,,,,,,0.07142857142857142,,,,0.15384615384615385,
Agrobacterium rhizogenes,0.012269938650306749,0.004750593824228029,,0.005555555555555556,,,,,,,,0.0196078431372549,,,,,,,,,,,,,,,,,,0.07692307692307693,
Agrobacterium sp. H13-3,,0.0023752969121140144,,,,,,,,,,,,,,,,,,,,,,,,,,,,,
Agrobacterium sp. MA01,,0.0023752969121140144,,,,,,,,,,,,,,,,,,,,,,,,,,,,,
Agrobacterium sp. T29,0.004601226993865031,0.0023752969121140144,,,,,,,,,,,,,,,,,,,,,,,,,,,,0.07692307692307693,
Agrobacterium tumefaciens,0.12269938650306748,0.20190023752969122,0.1076923076923077,0.11666666666666667,0.20270270270270271,0.10810810810810811,0.041666666666666664,0.1891891891891892,0.07575757575757576,0.03333333333333333,0.11538461538461539,0.0392156862745098,0.023255813953488372,0.5405405405405406,0.1388888888888889,0.058823529411764705,0.058823529411764705,0.125,0.3125,0.0625,0.25,,0.3125,0.06666666666666667,0.42857142857142855,0.07142857142857142,,0.07142857142857142,,0.23076923076923078,0.08333333333333333
Agrobacterium vitis,,0.0023752969121140144,,,,,,,,,,0.0196078431372549,,,,,,,,,,,,,,,,,,0.07692307692307693,
Agrococcus carbonis,0.18098159509202455,0.5154394299287411,0.2923076923076923,0.2777777777777778,0.3716216216216216,0.036036036036036036,0.0625,0.25675675675675674,0.09090909090909091,0.1,0.5192307692307693,,0.3953488372093023,0.1891891891891892,0.3888888888888889,0.9411764705882353,,,0.5625,0.8125,0.5625,0.75,0.25,0.4,0.07142857142857142,0.07142857142857142,,0.42857142857142855,0.5384615384615384,,
Agrococcus jejuensis,0.10276073619631902,0.17814726840855108,0.1076923076923077,0.022222222222222223,0.006756756756756757,0.018018018018018018,,0.013513513513513514,,,0.11538461538461539,,,,0.027777777777777776,0.23529411764705882,,,0.0625,0.0625,0.0625,0.25,,0.06666666666666667,,,,0.14285714285714285,0.07692307692307693,,0.08333333333333333
Agrococcus sp. SGAir0287,0.0352760736196319,0.0498812351543943,0.020512820512820513,0.011111111111111112,,,,,,,,,,,0.027777777777777776,,,,,,,0.0625,,0.06666666666666667,,,,,,,
Agromyces aureus,,0.028503562945368172,0.005128205128205128,0.005555555555555556,0.0472972972972973,,,,0.25757575757575757,,,,,0.43243243243243246,0.027777777777777776,,,,,,,0.125,,0.06666666666666667,,,,0.07142857142857142,,,
Agromyces flavus,0.007668711656441718,0.021377672209026127,0.020512820512820513,0.005555555555555556,,,,,,,,,,,,,,,,,,,,,,,,0.14285714285714285,,,
Agromyces protaetiae,,0.009501187648456057,0.005128205128205128,,,,,,0.015151515151515152,,,,,,,,,,,,,,,0.06666666666666667,,,,,,,
Agromyces sp. HY052,,0.011876484560570071,0.005128205128205128,,,,,,,,,,,,,,,,,,,,,,,,,,,,
Agromyces sp. KACC 19306,0.007668711656441718,0.009501187648456057,0.005128205128205128,,,,,,,,,,,,,,,,,,,,,,,,,,,,
Agromyces sp. LHK192,0.006134969325153374,0.019002375296912115,0.005128205128205128,0.011111111111111112,,,,,,,,,,,,,,,,,,,,,,,,0.07142857142857142,,,
Agromyces sp. MF30-A,,0.011876484560570071,0.005128205128205128,,,,,,,,,,,,,,,,,,,,,,,,,,,,
Akkermansia muciniphila,0.0015337423312883436,0.0023752969121140144,0.010256410256410256,0.011111111111111112,,,0.010416666666666666,,,,,,,0.10810810810810811,,,,,,,,,,,,,,0.07142857142857142,,,
Alcaligenes faecalis,0.010736196319018405,0.021377672209026127,0.02564102564102564,0.011111111111111112,0.006756756756756757,,0.08333333333333333,0.013513513513513514,,,0.057692307692307696,,0.023255813953488372,,,,,,,,,,,,0.07142857142857142,,,,,,
Alcanivorax pacificus,0.0015337423312883436,,0.015384615384615385,,,,,,,,,,,,,,,,,,,,,,,,,,,,
Alcanivorax sp. N3-2A,0.006134969325153374,,,,0.006756756756756757,,,,,,,,,,,,,,0.0625,,,,,,,,,,,,
Alcanivorax xenomutans,0.004601226993865031,,,,,,,,,,,,,,,,,,,,,,,,,,,,,,
Algoriphagus sanaruensis,,,,,0.006756756756756757,,,,,,,,,,,,,,,,,,,,,,,,,,
Alicycliphilus denitrificans,0.09662576687116564,0.007125890736342043,0.035897435897435895,0.1,0.02027027027027027,,0.09375,0.013513513513513514,0.07575757575757576,0.016666666666666666,0.019230769230769232,,0.023255813953488372,,,,0.11764705882352941,,,0.125,,,0.125,,,0.6428571428571429,0.07142857142857142,,0.07692307692307693,,
Alienimonas californiensis,0.01687116564417178,,,,,,,,,,,,,,,,,,,,,,,,,,,,,,
Alistipes communis,0.0015337423312883436,,,0.005555555555555556,,,0.010416666666666666,,,,,,,,,,,,,,,,,,,,,,,,
Alistipes dispar,,,0.005128205128205128,,,,,,,,,,,,,,,,,,,,,,,,,,,,
Alistipes finegoldii,,,0.005128205128205128,0.005555555555555556,,,0.010416666666666666,,,,,,,,,,,,,,,,,,,,,,,,
Alistipes megaguti,,,0.005128205128205128,,,,,,,,,,,,,,,,,,,,,,,,,,,,
Alistipes onderdonkii,0.007668711656441718,,0.005128205128205128,0.005555555555555556,0.006756756756756757,,,0.013513513513513514,,,0.019230769230769232,,,,,,,,,,,,,,,,,,,,0.08333333333333333
Alistipes shahii,0.0015337423312883436,,0.005128205128205128,,,0.009009009009009009,,,,,,,,,,,,,,,,,,,,,,,,,
Alloactinosynnema sp. L-07,,,0.005128205128205128,0.005555555555555556,,,,,,,,,,,,,,,,,,,,,,,,,,,
Allokutzneria albata,0.0015337423312883436,0.004750593824228029,0.005128205128205128,0.011111111111111112,,,,,0.015151515151515152,,,,,,,,,,,,,,,,,,,,,,
Altererythrobacter atlanticus,0.023006134969325152,,,,,,,,,,,,,,,,,,,,,,,,,,,,,,
Altererythrobacter dongtanensis,0.06134969325153374,,0.07692307692307693,0.011111111111111112,,,,,,0.016666666666666666,,,,,,,,,,,,,,,,,,,,,
Altererythrobacter epoxidivorans,0.04141104294478527,,0.010256410256410256,,,,,,,,,,,,,,,,,,,,,,,,,,,,
Altererythrobacter ishigakiensis,0.0015337423312883436,,,,,,,,,,,,,,,,,,,,,,,,,,,,,,
Altererythrobacter mangrovi,0.04141104294478527,,0.020512820512820513,0.005555555555555556,,,,,,,,,,,,,,,,,,,,,,,,,,,
Altererythrobacter marensis,0.05828220858895705,,0.020512820512820513,0.005555555555555556,,0.009009009009009009,,,,,,,,,,,,,0.0625,,,,,,,,,,,,
Altererythrobacter namhicola,0.04447852760736196,,,0.005555555555555556,,,,,,,,,,,,,,,,,,,,,,,,,,,
Altererythrobacter sp. B11,0.0598159509202454,,0.010256410256410256,0.011111111111111112,,,,,,,,0.0196078431372549,,,,,,,,,,,,,,,,,,,
Altererythrobacter sp. BO-6,0.04447852760736196,,0.020512820512820513,0.005555555555555556,,,,,,,,,,,,,,,0.125,,,,,,,,,,,,
Altererythrobacter sp. NS1,0.11196319018404909,0.011876484560570071,0.09743589743589744,0.05,0.006756756756756757,0.009009009009009009,,0.02702702702702703,0.030303030303030304,0.05,0.09615384615384616,0.0196078431372549,0.09302325581395349,,,,,,,0.375,0.0625,,,0.06666666666666667,,,,0.14285714285714285,0.07692307692307693,,
Altererythrobacter sp. TH136,0.07515337423312883,0.34679334916864607,0.09743589743589744,0.17777777777777778,0.38513513513513514,0.04504504504504504,0.020833333333333332,0.12162162162162163,,0.11666666666666667,0.40384615384615385,0.0196078431372549,0.46511627906976744,0.16216216216216217,0.3333333333333333,0.9411764705882353,,,0.5,0.875,0.5,0.1875,0.375,0.13333333333333333,0.5,,,,0.6923076923076923,,
Altererythrobacter sp. ZODW24,0.004601226993865031,,,,,,,,,,,,,,,,,,,,,,,,,,,,,,
Alteromonas macleodii,0.032208588957055216,0.0023752969121140144,,,,,,,,,,,,,,,,,,,,,,,,,,,,,
Alteromonas pelagimontana,,,0.005128205128205128,,,,,,,,,,,,,,,,,,,,,,,,,,,,
Alteromonas sp. RKMC-009,0.0015337423312883436,,,,,,,,,,,,,,,,,,,,,,,,,,,,,,
Aminipila butyrica,,,,,,,,,,,,,,,,,0.11764705882352941,,,,,,,,,,,,,,
Aminipila sp. CBA3637,,,0.005128205128205128,,,,,,,,,,,,,,0.058823529411764705,,,,,,,,,,,,,,
Aminipila sp. JN-18,,,0.02564102564102564,,,,,,,,,,,,,,0.058823529411764705,,,,,,,,,,,,,,
Aminobacter aminovorans,0.0015337423312883436,,,0.005555555555555556,,,,,,,,,,,,,,,,,,,,,,,,,,,
Aminobacter sp. MSH1,0.0015337423312883436,0.0023752969121140144,,0.005555555555555556,0.006756756756756757,0.009009009009009009,,,,,,,,,,,,,,,,,,,,,,,,,
Amycolatopsis albispora,,0.0023752969121140144,0.005128205128205128,0.005555555555555556,,,,,,,,,,,,,,,,,,,,,,,,,,,
Amycolatopsis keratiniphila,,,,0.005555555555555556,,,,,,,,,,,,,,,,,,,,,,,,,,,
Amycolatopsis mediterranei,0.02147239263803681,0.06175771971496437,0.010256410256410256,0.011111111111111112,,0.009009009009009009,,0.013513513513513514,0.015151515151515152,,0.07692307692307693,,,,,,,,,,,0.5625,,,,0.14285714285714285,,0.07142857142857142,,,
Amycolatopsis methanolica,0.006134969325153374,0.014251781472684086,0.015384615384615385,0.016666666666666666,,,,,,,,,,,,,,,,,,0.0625,,,,0.07142857142857142,,,,,
Amycolatopsis sp. AA4,0.0015337423312883436,,0.005128205128205128,0.011111111111111112,,,,,,,,,,,,,,,,,,,,,,,,,,,
Amycolatopsis sp. YIM 10,,,0.005128205128205128,0.011111111111111112,,,,,,,,,,,,,,,,,,0.0625,,,,,,,,,
Anabaena cylindrica,0.01687116564417178,,,0.011111111111111112,,0.018018018018018018,,,,,,,,,,,,,,,,,,,,,,,,,
Anabaena sp. WA102,0.0015337423312883436,,,,,,,,,,,,,,,,,,,,,,,,,,,,,,
Anabaena sp. YBS01,,,,,,0.009009009009009009,0.3020833333333333,,,,,,,,,,,,,,,,,,,,,,,,
Anabaenopsis circularis,0.012269938650306749,,,,,,,,,,,,,0.10810810810810811,,,,,,,,,,,,,,,,,
Anaerobutyricum hallii,,0.0023752969121140144,0.015384615384615385,,,0.018018018018018018,0.010416666666666666,,,,,,,,,,,,,,,0.0625,,,0.14285714285714285,,,0.07142857142857142,,,
Anaerococcus mediterraneensis,,0.004750593824228029,,,,0.02702702702702703,0.010416666666666666,,,,,,,,0.027777777777777776,,,,,,,,,,,,,,,,
Anaerococcus prevotii,,0.014251781472684086,0.005128205128205128,,,0.2072072072072072,0.020833333333333332,,,,,,,0.02702702702702703,0.19444444444444445,,,,,,,,,,,,,,,,
Anaerocolumna sp. CBA3638,,,0.05641025641025641,,,,,,,,,0.11764705882352941,,,,,0.5294117647058824,,,,,,,,,,,,,,
Anaeromyxobacter dehalogenans,0.0015337423312883436,,,,,,,,,,,,,,,,,,,,,,,,,0.07142857142857142,,0.07142857142857142,,,
Anaeromyxobacter sp. Fw109-5,0.0015337423312883436,,,,,,,,,0.016666666666666666,,,,,,,,,,,,,,,,0.07142857142857142,,0.14285714285714285,,,
Anaerostipes hadrus,0.0015337423312883436,0.0023752969121140144,0.005128205128205128,,,0.009009009009009009,0.010416666666666666,,,,,,,0.02702702702702703,,,,,,,,,,,0.14285714285714285,,,0.07142857142857142,,,
Anaerotignum propionicum,,,0.015384615384615385,,,,,,,,,0.0392156862745098,,,,,0.29411764705882354,,,,,,,,,,,,,,
Anaplasma marginale,,,,,,,,,,,,,,,,,,,,,,,,,,,,,,,0.08333333333333333
Ancylobacter pratisalsi,0.0015337423312883436,,,,,,,,0.015151515151515152,,,,,,,,,,,,,,,,,,,,,,
Ancylobacter sp. TS-1,0.003067484662576687,,,,,0.009009009009009009,,,0.015151515151515152,,,,,,,,,,,,,,,,,,,,,,
Anoxybacillus amylolyticus,,,0.005128205128205128,,,,,,,,,,,,,,,,,,,,,,,,,,,,
Antarctobacter heliothermus,0.0015337423312883436,,,,,,,,,,,,,,,,,,,,,,,,,,,,,,
Apibacter sp. HY041,,,0.005128205128205128,,,0.009009009009009009,,,,,,,,,,,,,,,,,,,,,,,,,
Apis mellifera filamentous virus,,,,,,,,,,,0.019230769230769232,,,,,,,,0.0625,,,,,,,,,,,,
Aquabacterium olei,0.46932515337423314,0.0023752969121140144,0.2,0.4722222222222222,0.19594594594594594,0.009009009009009009,,0.33783783783783783,0.09090909090909091,0.6666666666666666,0.17307692307692307,,0.09302325581395349,0.16216216216216217,0.027777777777777776,0.058823529411764705,,,,0.125,0.3125,,0.3125,0.2,0.14285714285714285,0.8571428571428571,0.7857142857142857,0.07142857142857142,0.8461538461538461,,0.8333333333333334
Aquaspirillum sp. LM1,,,,,,,,,,0.016666666666666666,,,,,,,,,,,,,,,,,,,,,
Aquimarina sp. BL5,,,,,0.006756756756756757,,,,,,,,,,,,,,,,,,,,,,,,,,
Aquisphaera giovannonii,0.01687116564417178,,0.015384615384615385,0.016666666666666666,,0.009009009009009009,,,0.015151515151515152,,,,,,,,,,,,,,,,,0.07142857142857142,0.07142857142857142,0.14285714285714285,,,
Aquitalea sp. USM4,,,,0.011111111111111112,,,,0.013513513513513514,,,,,,,,,,,,,,,,,,,,,,,
Arabia massiliensis,,0.011876484560570071,,,,0.009009009009009009,0.052083333333333336,,,,,,,,0.027777777777777776,,,,,,,,,,,,,,,,
Arachidicoccus sp. BS20,,,,,,,,,,,,0.0196078431372549,,,,,,,,,,,,,,,,,,,
Archangium gephyra,0.02607361963190184,0.014251781472684086,0.3384615384615385,0.07222222222222222,0.013513513513513514,0.036036036036036036,0.010416666666666666,0.05405405405405406,0.19696969696969696,0.05,0.1346153846153846,,0.09302325581395349,,0.05555555555555555,,,,,,,0.25,,,,0.07142857142857142,0.14285714285714285,0.14285714285714285,,,
Arcobacter cryaerophilus,,,,,0.006756756756756757,0.08108108108108109,,,,,,,,,,,,,,,,,,,,,,,,,
Arcobacter suis,,,,,,,,,,,,,,,,0.058823529411764705,,,,,,,,,,,,,,,
Arenimonas daejeonensis,0.010736196319018405,,0.005128205128205128,0.005555555555555556,0.013513513513513514,,,,,,,0.0392156862745098,,,,0.11764705882352941,,,,,,,,0.06666666666666667,,,,,0.07692307692307693,0.07692307692307693,
Aromatoleum aromaticum,,,,0.005555555555555556,,,,,,,,,,,,,,,,,,,,,,,,,,,
Arsenicicoccus sp. oral taxon 190,0.08895705521472393,0.6247030878859857,0.1794871794871795,0.20555555555555555,0.5675675675675675,0.02702702702702703,0.03125,0.24324324324324326,0.030303030303030304,0.13333333333333333,0.4423076923076923,,0.3023255813953488,,0.3055555555555556,0.5294117647058824,,,0.375,0.5625,0.1875,0.9375,0.1875,0.3333333333333333,0.14285714285714285,0.07142857142857142,0.21428571428571427,0.7142857142857143,0.15384615384615385,,0.16666666666666666
Arsenophonus endosymbiont of Aleurodicus dispersus,0.0015337423312883436,,,,,,,,,,,,,,,,,,,,,,,,,,,,,,
Arsenophonus nasoniae,0.0015337423312883436,,0.005128205128205128,,0.013513513513513514,,,,,,,,,0.02702702702702703,,,,,,,,,,,,,,,,,
Arthrobacter alpinus,0.0015337423312883436,0.011876484560570071,,,,,,,,,,,0.023255813953488372,0.02702702702702703,,,,,,,,,,,,,,,,,
Arthrobacter citreus,,,0.005128205128205128,,,,,,,,,,,,,,,,,,,,,,,,,,,,
Arthrobacter crystallopoietes,,0.14014251781472684,,0.005555555555555556,0.02027027027027027,0.02702702702702703,,0.02702702702702703,,,0.09615384615384616,,0.046511627906976744,,0.027777777777777776,0.058823529411764705,,,,,,0.1875,,,,,,,,,
Arthrobacter dokdonellae,,0.0166270783847981,,,,,,,,,,,,,,,,,,,,,,,,,,,,,
Arthrobacter sp. 24S4-2,0.007668711656441718,0.009501187648456057,,,,,,,,,,,,,,,,,,,,0.0625,,,,,,,,,
Arthrobacter sp. ERGS1:01,,0.014251781472684086,,,,,,,,,,,,,,,,,,,,,,,,,,,,,
Arthrobacter sp. FB24,0.009202453987730062,0.009501187648456057,,,,,,,,,,,,,,,,,,,,0.0625,,,,,,,,,
Arthrobacter sp. KBS0702,0.013803680981595092,0.028503562945368172,,0.005555555555555556,,,,0.013513513513513514,,,,,,,,,,,,,,0.0625,,,,,,,,,
Arthrobacter sp. PAMC 25486,,0.007125890736342043,,,,,,,,,,,,,,,,,,,,,,,,,,,,,
Arthrobacter sp. PAMC25564,0.007668711656441718,0.026128266033254157,,,,,,0.013513513513513514,,,,,,,,,,,,,,0.0625,,,,,,,,,
Arthrobacter sp. PGP41,0.0015337423312883436,0.007125890736342043,,,,,,,,,,,,,,,,,,,,0.0625,,,,,,,,,
Arthrobacter sp. QXT-31,0.0015337423312883436,0.047505938242280284,,,,,,0.013513513513513514,,,0.019230769230769232,,,,,,,,,,,0.125,,,,,,,,,
Arthrobacter sp. U41,0.02607361963190184,0.09501187648456057,,,0.006756756756756757,0.018018018018018018,,0.02702702702702703,,,0.038461538461538464,,0.023255813953488372,,,,,,,,,0.25,,,,,,,,,
Arthrobacter sp. UKPF54-2,0.015337423312883436,0.026128266033254157,,,,,,0.013513513513513514,,,,,,,,,,,,,,0.0625,,,,,,,,,
Arthrobacter sp. YC-RL1,0.0015337423312883436,0.21377672209026127,0.010256410256410256,0.005555555555555556,,0.02702702702702703,,,0.045454545454545456,,,,,,,,,,,,,,0.0625,,,,,,,,
Arthrobacter sp. YN,0.003067484662576687,0.004750593824228029,,0.005555555555555556,,,,,,,,,,,,,,,,,,,,,,,,,,,
Arthrobacter sp. ZXY-2,,0.007125890736342043,,,,,,,,,,,,,,,,,,,,0.0625,,,,,,,,,
Arthrospira platensis,,,,,,,,,,,,,,0.05405405405405406,,,,,,,,,,,,,,,,,
Asaia bogorensis,0.003067484662576687,,0.010256410256410256,0.016666666666666666,,,,,,0.016666666666666666,,,,,,,,,,,,,,,,,,,,,
Aspergillus fumigatus,0.0843558282208589,0.009501187648456057,0.24615384615384617,0.16666666666666666,,0.22522522522522523,,0.10810810810810811,0.045454545454545456,,0.07692307692307693,0.0196078431372549,,,,,,0.0625,,,,0.125,,,,0.07142857142857142,,0.14285714285714285,,0.07692307692307693,
Aspergillus oryzae,0.10122699386503067,0.019002375296912115,0.3384615384615385,0.20555555555555555,0.006756756756756757,0.6936936936936937,0.03125,0.17567567567567569,0.19696969696969696,,0.11538461538461539,0.0196078431372549,0.06976744186046512,0.3783783783783784,0.027777777777777776,0.11764705882352941,,0.0625,,,0.0625,0.75,,,,0.07142857142857142,,0.2857142857142857,,0.07692307692307693,
Asticcacaulis excentricus,0.012269938650306749,,,0.005555555555555556,,,,,,,,,,,,,,,,,,,,,,,,,,,
Atlantibacter hermannii,0.003067484662576687,0.009501187648456057,0.05641025641025641,,0.04054054054054054,,,,0.696969696969697,,,0.1568627450980392,,,,0.058823529411764705,0.5294117647058824,0.1875,,,,0.0625,,,,,,,,,
Atopobium parvulum,,0.007125890736342043,,0.016666666666666666,0.006756756756756757,,0.020833333333333332,0.02702702702702703,,,,,0.023255813953488372,0.02702702702702703,,,,,0.0625,0.0625,,,,,,,,,,,
Auraticoccus monumenti,0.0015337423312883436,0.43705463182897863,0.010256410256410256,0.13333333333333333,0.14189189189189189,0.02702702702702703,0.010416666666666666,0.13513513513513514,,0.016666666666666666,0.4807692307692308,,0.37209302325581395,0.08108108108108109,0.3055555555555556,0.058823529411764705,,,0.0625,0.5625,0.3125,1.0,0.125,0.3333333333333333,0.21428571428571427,0.07142857142857142,,0.35714285714285715,0.23076923076923078,,
Aureimonas sp. AU20,0.015337423312883436,,0.07692307692307693,0.005555555555555556,,,,,,0.016666666666666666,0.019230769230769232,,,,,,,,,,,,,,,,,,,,
Auricoccus indicus,,0.004750593824228029,0.005128205128205128,0.005555555555555556,,0.06306306306306306,0.11458333333333333,,0.10606060606060606,,0.019230769230769232,,0.023255813953488372,,0.027777777777777776,,,,,,,,,,,,,,,,
Auritidibacter sp. NML130574,,0.004750593824228029,0.005128205128205128,,,,,,,,,,,,,,,,,,,,,,,,,,,,
Austwickia chelonae,,0.007125890736342043,,,,,,,,,,,,,,,,,,,,,,,,,,,,,
Azoarcus communis,,,,0.005555555555555556,,,,,,,,0.0196078431372549,,,,,,,,,,,,,,,,,,,
Azoarcus sp. CIB,,,,0.005555555555555556,,,,,,,,,,,,,,,,,,,,,,,,,,,
Azoarcus sp. DD4,,,,0.005555555555555556,,,,,,,,,,,,,,,,,,,,,,,,,,,
Azoarcus sp. DN11,,,,0.005555555555555556,,,,,,,,,,,,,,,,,,,,,,,,,,,
Azoarcus sp. KH32C,,,,0.005555555555555556,,,,,,,,,,,,,,,,,,,,,,,,,,,
Azoarcus sp. SY39,,,,0.005555555555555556,,,,,,,,,,,,,,,,,,,,,,,,,,,
Azorhizobium caulinodans,0.009202453987730062,0.0023752969121140144,,0.005555555555555556,0.006756756756756757,,,,0.015151515151515152,,,,,0.02702702702702703,,,,,,,,,,,,,,,,,
Azospira sp. I09,0.0015337423312883436,0.0023752969121140144,,0.005555555555555556,0.006756756756756757,,,,,,,,,,,,,,0.125,,,,,,,,,,,,
Azospirillum brasilense,0.1411042944785276,0.030878859857482184,0.07692307692307693,0.22777777777777777,0.013513513513513514,0.05405405405405406,,0.20270270270270271,0.030303030303030304,0.03333333333333333,0.36538461538461536,0.0196078431372549,,0.02702702702702703,,,0.11764705882352941,,0.125,0.125,0.3125,0.4375,,,0.21428571428571427,0.14285714285714285,0.42857142857142855,0.14285714285714285,0.23076923076923078,,
Azospirillum humicireducens,,,0.005128205128205128,,,,,,,,,,,,,,,,,,,,,,,,,,,,
Azospirillum lipoferum,0.0015337423312883436,0.0023752969121140144,0.010256410256410256,0.005555555555555556,,0.009009009009009009,,,,,,,,0.02702702702702703,,,0.058823529411764705,0.0625,,,,,,,,,,,0.07692307692307693,,
Azospirillum sp. CFH 70021,0.027607361963190184,0.0023752969121140144,0.010256410256410256,0.011111111111111112,,,,0.013513513513513514,,,,,,0.02702702702702703,,,,,,,,,,,,,,,0.07692307692307693,,
Azospirillum sp. M2T2B2,,,0.010256410256410256,,,0.009009009009009009,,,,,,,,,,,,0.0625,,,,,,,,,,,,,
Azospirillum sp. TSA2s,,,0.010256410256410256,,0.006756756756756757,,,,,,0.019230769230769232,,,,,,,,,,,,,,,,,,,,
Azospirillum sp. TSH100,,,0.005128205128205128,,,,,,,,,,,,,,,,,,,,,,,,,,,,
Azospirillum sp. TSH58,,,0.010256410256410256,,,,,,,,,0.0196078431372549,,,,,0.058823529411764705,,,,,,,,,,,,,,
Azospirillum thiophilum,,,0.005128205128205128,,,,,,,,,,,,,,,,,,,,,,,,,,,,
Azotobacter chroococcum,,,,,0.006756756756756757,,,,,,,0.0196078431372549,,,,,,,,,,,,,,,,0.14285714285714285,,,
Azotobacter salinestris,,,,,,,,,,,,0.0196078431372549,,,,,,,,,,,,,,,,0.07142857142857142,,,
Azotobacter vinelandii,,,0.005128205128205128,,,,,,,,,0.0196078431372549,,,,,,,,,,,,,,,,,,,
Babesia bigemina,0.003067484662576687,0.04275534441805225,0.2923076923076923,0.08333333333333333,0.12162162162162163,0.09009009009009009,0.07291666666666667,0.0945945945945946,0.22727272727272727,,0.038461538461538464,,0.20930232558139536,0.13513513513513514,0.08333333333333333,,,,0.4375,0.0625,0.1875,,0.0625,,,,,,,,
Babesia bovis,0.0015337423312883436,,,,0.013513513513513514,,,,,,,,,0.13513513513513514,,,,,,,,,,,,,,,,,
Bacillaceae bacterium TKL69,,,0.005128205128205128,,,,,,,,,,,,,,,,,,,,,,,,,,,,
Bacillus albus,,,0.005128205128205128,,,,,,,,,,,,,,,0.0625,,,,,,,,,,,,,
Bacillus altitudinis,,0.007125890736342043,0.005128205128205128,,,,,,,,,0.0196078431372549,,,,,,,,,,,,,,,,,,,
Bacillus amyloliquefaciens,0.003067484662576687,0.0023752969121140144,0.010256410256410256,,,,,,,,,,,,,,,,,,,,,,,,,,,,
Bacillus anthracis,,,0.010256410256410256,,,,,,,,,,,,,,,0.0625,,,,,,,,,,,,,
Bacillus asahii,,,0.015384615384615385,,,,,,,,,,,,,,0.058823529411764705,,,,,,,,,,,,,,
Bacillus atrophaeus,,,0.005128205128205128,,,,,,,,,,,,,,,,,,,,0.0625,,,,,,,,
Bacillus butanolivorans,,0.0023752969121140144,0.005128205128205128,,,,,,,,,,,,,,,,,,,,,,,,,,,,
Bacillus cellulosilyticus,,,0.010256410256410256,,,,,,,,,,,,,,,,,,,,,,,,,,,,
Bacillus cereus,0.0015337423312883436,0.014251781472684086,0.06153846153846154,,,0.08108108108108109,,,0.015151515151515152,,0.038461538461538464,0.058823529411764705,,0.2702702702702703,,0.058823529411764705,0.11764705882352941,0.0625,,,,,,,,,,,,0.07692307692307693,
Bacillus ciccensis,,0.03800475059382423,0.020512820512820513,,,,,,,,,,,,,,0.11764705882352941,,,,,,,,,,,,,,
Bacillus circulans,,0.009501187648456057,0.15897435897435896,,0.02027027027027027,0.018018018018018018,,,0.030303030303030304,,,0.17647058823529413,,,,,0.23529411764705882,,,,,,,,,,,,,,
Bacillus clausii,,,0.005128205128205128,,,,,,,,,,,,,,,,,,,,,,,,,,,,
Bacillus coagulans,,,,,,,0.010416666666666666,,,,,,,0.02702702702702703,,,,,,,,,,,,,,,,,
Bacillus cohnii,,,0.015384615384615385,,,,,,,,,,,,,,0.058823529411764705,,,,,,,,,,,,,,
Bacillus cytotoxicus,,,0.010256410256410256,,,,,,,,,,,,,,,0.0625,,,,,,,,,,,,,
Bacillus filamentosus,,,0.010256410256410256,,,,,,,,,,,,,,,,,,,,,,,,,,,,
Bacillus flexus,,,0.041025641025641026,0.005555555555555556,,,,,0.045454545454545456,,,,,,,,,,,,,,,,,,,,,,
Bacillus foraminis,,,0.015384615384615385,,,,,,,,,,,,,,0.058823529411764705,,,,,,,,,,,,,,
Bacillus freudenreichii,,,0.005128205128205128,,,,,,,,,,,,,,,,,,,,,,,,,,,,
Bacillus gobiensis,,,0.005128205128205128,,,,,,,,,,,,,,,,,,,,,,,,,,,,
Bacillus halodurans,,,0.005128205128205128,,,,,,,,,,,,,,,,,,,,,,,,,,,,
Bacillus horikoshii,,,0.010256410256410256,,,,,,,,,,,,,,,,,,,,,,,,,,,,
Bacillus infantis,0.0015337423312883436,,0.010256410256410256,,,,,,0.030303030303030304,,,0.0196078431372549,,,,,,,,,,,,,,,,,,,
Bacillus jeotgali,,,0.015384615384615385,,,,,,,,,0.0196078431372549,,,,,0.058823529411764705,,,,,,,,,,,,,,
Bacillus kochii,,0.0023752969121140144,0.020512820512820513,,,0.018018018018018018,,,,,,,,,,,0.058823529411764705,,,,,,,,,,,,,,
Bacillus krulwichiae,,,0.010256410256410256,,,,,,,,,,,,,,,,,,,,,,,,,,,,
Bacillus lehensis,,,0.005128205128205128,,,,,,,,,,,,,,,,,,,,,,,,,,,,
Bacillus lentus,,,0.010256410256410256,,,,,,,,,,,,,,,,,,,,,,,,,,,,
Bacillus licheniformis,,0.0023752969121140144,,,,,,,,,,,,,,,,,,,,,,,,,,,,,
Bacillus litoralis,,,0.015384615384615385,,,,,,0.030303030303030304,,0.019230769230769232,,,,,,0.058823529411764705,,,,,,,,,,,,,,
Bacillus luti,,0.0023752969121140144,,,,,,,,,,,,,,,,0.0625,,,,,,,,,,,,,
Bacillus marisflavi,,,0.020512820512820513,,,,,,,,,,,,,,0.058823529411764705,,,,,,,,,,,,,0.07692307692307693,
Bacillus megaterium,0.003067484662576687,0.004750593824228029,0.05128205128205128,0.005555555555555556,0.013513513513513514,0.009009009009009009,,0.013513513513513514,0.07575757575757576,,,0.0196078431372549,,0.1891891891891892,,,0.11764705882352941,,,,0.0625,0.1875,,,,,,,,,
Bacillus mesonae,,,0.015384615384615385,,,,,,,,,,,,,,0.11764705882352941,,,,,,,,,,,,,,
Bacillus methanolicus,,,0.010256410256410256,,,,,,,,,,,,,,0.058823529411764705,,,,,,,,,,,,,,
Bacillus muralis,,,0.005128205128205128,,,,,,,,,,,,,,,,,,,,,,,,,,,,
Bacillus mycoides,,0.0023752969121140144,0.010256410256410256,,,,,,,,,,,,,,,0.0625,,,,,,,,,,,,0.07692307692307693,
Bacillus oceanisediminis,,0.0166270783847981,0.020512820512820513,,,,,,0.030303030303030304,,,0.0196078431372549,,,,,0.11764705882352941,,,,,,,,,,,,,,
Bacillus pacificus,,,,,,,,,,,,,,,,,,0.0625,,,,,,,,,,,,,
Bacillus paralicheniformis,0.006134969325153374,,0.005128205128205128,,,,0.010416666666666666,,,,,0.0196078431372549,,,,,,,,,,,,,,,,,,,
Bacillus paranthracis,,,0.005128205128205128,,,,,,,,,0.0392156862745098,,,,,,,,,,,,,,,,,,,
Bacillus pseudofirmus,,,0.010256410256410256,,,,,,,,,,,,,,,,,,,,,,,,,,,,
Bacillus pseudomycoides,,0.0023752969121140144,0.010256410256410256,,,,,,,,,,,,,,,0.0625,,,,,,,,,,,,0.07692307692307693,
Bacillus pumilus,,0.007125890736342043,0.015384615384615385,,,,,,,,,0.0196078431372549,,,,,,,,,,,,,,,,,,,
Bacillus safensis,,0.011876484560570071,0.010256410256410256,0.005555555555555556,,,,,,,,0.0392156862745098,,,,,,,,,,,,,,,,,,,
Bacillus simplex,,0.011876484560570071,0.005128205128205128,,,,,,0.030303030303030304,,,,,,,,,,,,,,,,,,,,,,
Bacillus smithii,,,,,0.006756756756756757,,,,,,,,,,,,,,,,,,,,,,,,,,
Bacillus sp. 1NLA3E,,,0.015384615384615385,,,,,,,,,,,,,,0.058823529411764705,,,,,,,,,,,,,,
Bacillus sp. ABP14,,,0.010256410256410256,,,,,,,,,,,,,,,,,,,,,,,,,,,,
Bacillus sp. BD59S,,,,,,,0.07291666666666667,,,,,,,,,,,0.0625,,,,,,,,,,,,,
Bacillus sp. BS98,,,,,,,,,,,,,,,,,,0.0625,,,,,,,,,,,,,
Bacillus sp. DSL-17,,,0.015384615384615385,,,,,,0.030303030303030304,,,,,,,,0.058823529411764705,,,,,,,,,,,,,,
Bacillus sp. FDAARGOS_235,,,,,,,,,,,,,,,,,,0.0625,,,,,,,,,,,,,
Bacillus sp. FJAT-18017,,,0.010256410256410256,,,,,,,,,,,,,,,,,,,,,,,,,,,,
Bacillus sp. FJAT-22090,,0.0023752969121140144,0.010256410256410256,,,,,,,,,,,,,,,,,,,,,,,,,,,0.07692307692307693,
Bacillus sp. FJAT-25496,,,0.020512820512820513,,,,,,,,,,,,,,0.11764705882352941,,,,,,,,,,,,,,
Bacillus sp. FJAT-45348,,,0.005128205128205128,,,,,,,,,,,,,,,,,,,,,,,,,,,,
Bacillus sp. OxB-1,,,0.005128205128205128,,,,,,,,,,,,,,,,,,,,,,,,,,,,
Bacillus sp. S3,,,0.015384615384615385,,,,,,,,,,,,,,0.11764705882352941,,,,,,,,,,,,,,
Bacillus sp. SPB7,,,,,,,0.010416666666666666,,,,,,,,,,,,,,,,,,,,,,,,
Bacillus sp. THAF10,,,0.010256410256410256,,,,,,,,,,,,,,,,,,,,,,,,,,,,
Bacillus sp. WP8,,0.0023752969121140144,,,,,,,,,,,,,,,,,,,,,,,,,,,,,
Bacillus sp. X1(2014),,,0.015384615384615385,,,,,,,,,,,,,,0.11764705882352941,,,,,,,,,,,,,,
Bacillus sp. Y1,,,0.020512820512820513,,,,,,0.030303030303030304,,,,,,,,0.11764705882352941,,,,,,,,,,,,,,
Bacillus subtilis,0.0015337423312883436,0.0166270783847981,0.03076923076923077,,0.006756756756756757,,0.041666666666666664,,,,,,,,,,,,,,,,,,,,,,,,
Bacillus tequilensis,,0.0023752969121140144,,,,,,,,,,,,,,,,,,,,,,,,,,,,,
Bacillus thermoamylovorans,,,0.015384615384615385,,,0.009009009009009009,,,,,,,,,,,,,,,,,,,,,,,,,
Bacillus thuringiensis,,0.011876484560570071,0.02564102564102564,,,0.036036036036036036,,,,,0.019230769230769232,0.0196078431372549,,0.21621621621621623,,,0.058823529411764705,0.0625,,,,,,,,,,,,0.07692307692307693,
Bacillus toyonensis,,,,,,,,,,,,,,,,,,0.0625,,,,,,,,,,,,,
Bacillus tropicus,,,0.005128205128205128,,,,,,,,,,,,,,,,,,,,,,,,,,,,
Bacillus vallismortis,,,,,,,0.010416666666666666,,,,,,,,,,,,,,,,,,,,,,,,
Bacillus velezensis,,0.0023752969121140144,0.005128205128205128,,,,0.010416666666666666,,,,,,,,,,,,,,,,,,,,,,,,
Bacillus vietnamensis,,,0.005128205128205128,,,,,,,,,,,,,,,,,,,,,,,,,,,,
Bacillus weihaiensis,,,0.010256410256410256,,,,,,0.030303030303030304,,,,,,,,,,,,,,,,,,,,,,
Bacillus wiedmannii,,0.0023752969121140144,0.005128205128205128,,,,,,,,,,,,,,,0.0625,,,,,,,,,,,,,
Bacteriovorax stolpii,,,0.005128205128205128,,,,,,,0.016666666666666666,,,,,,,,,,,,,0.0625,,,,,,,,
Bacteroidales bacterium CF,,,,,,,,,,,,,,0.13513513513513514,,,,,,,,,,,,,,,,,
Bacteroides caccae,0.007668711656441718,0.0023752969121140144,0.010256410256410256,0.005555555555555556,,0.009009009009009009,0.010416666666666666,,,,,,,,,,,,,,,0.0625,,,,,,,,,0.08333333333333333
Bacteroides caecimuris,,0.0023752969121140144,,,,,,,,,,,,,,,,,,,,,,,,,,0.07142857142857142,,,
Bacteroides cellulosilyticus,0.0015337423312883436,,0.005128205128205128,,,,,,0.015151515151515152,,,,,,,,,,,,,,,,,,,0.07142857142857142,,,
Bacteroides dorei,0.006134969325153374,0.004750593824228029,0.015384615384615385,0.005555555555555556,,0.018018018018018018,0.010416666666666666,,0.015151515151515152,,0.019230769230769232,,,,,,,,,0.0625,,,,,0.21428571428571427,,,0.07142857142857142,,,0.08333333333333333
Bacteroides fragilis,0.010736196319018405,0.0023752969121140144,0.035897435897435895,0.005555555555555556,,0.009009009009009009,,,0.015151515151515152,,0.019230769230769232,,,,,,,,,0.0625,,0.125,,,0.14285714285714285,,,0.21428571428571427,,,0.08333333333333333
Bacteroides helcogenes,,,0.005128205128205128,,,,0.010416666666666666,,,,,,,,,,,,,,,,,,,,,,,,
Bacteroides heparinolyticus,,,,,,,,,,,,,,,,,,,,,,,,0.06666666666666667,,,,,,,
Bacteroides intestinalis,0.0015337423312883436,0.0023752969121140144,0.010256410256410256,,,,,,,,,,,,,,,,,,,,,,,,,,,,
Bacteroides ovatus,0.0015337423312883436,0.004750593824228029,0.005128205128205128,0.005555555555555556,,,0.010416666666666666,,0.015151515151515152,,,,,,,,,,,,,0.0625,,,0.14285714285714285,,,0.07142857142857142,,,0.08333333333333333
Bacteroides salanitronis,,,0.010256410256410256,,,,0.010416666666666666,,,,,,,,,,,,,,,,,,,,,,,,
Bacteroides sp. A1C1,0.0015337423312883436,,0.005128205128205128,0.005555555555555556,,0.009009009009009009,,,,,,,,,,,,,,,,,,,0.14285714285714285,,,0.07142857142857142,,,0.08333333333333333
Bacteroides sp. CBA7301,,0.0023752969121140144,0.015384615384615385,0.005555555555555556,,,0.010416666666666666,,,,,,,,,,,,,,,,,,,,,,,,
Bacteroides thetaiotaomicron,0.004601226993865031,0.007125890736342043,0.02564102564102564,0.005555555555555556,,0.018018018018018018,0.010416666666666666,,0.015151515151515152,,,,,,,,,,,,,0.0625,,,0.14285714285714285,,,0.07142857142857142,,,
Bacteroides uniformis,0.004601226993865031,0.004750593824228029,0.005128205128205128,0.011111111111111112,0.006756756756756757,0.018018018018018018,0.010416666666666666,,0.015151515151515152,,,,,,,,,,,,,,0.125,,0.14285714285714285,,,0.07142857142857142,,,0.08333333333333333
Bacteroides vulgatus,0.012269938650306749,0.0166270783847981,0.015384615384615385,0.011111111111111112,0.02702702702702703,0.009009009009009009,0.010416666666666666,,0.015151515151515152,,,,,,,,,,,0.0625,0.0625,0.125,0.125,0.06666666666666667,0.14285714285714285,,,0.07142857142857142,,,
Bacteroides xylanisolvens,0.003067484662576687,0.0023752969121140144,0.005128205128205128,,,0.009009009009009009,,,,,,,,,,,,,,,,,,,0.07142857142857142,,,0.07142857142857142,,,0.08333333333333333
Baekduia soli,0.09969325153374232,0.1021377672209026,0.21025641025641026,0.20555555555555555,0.02702702702702703,0.04504504504504504,,0.20270270270270271,0.24242424242424243,0.05,0.23076923076923078,,0.23255813953488372,0.16216216216216217,0.3333333333333333,,,,,0.0625,0.125,0.875,0.0625,,0.5,0.21428571428571427,0.21428571428571427,0.14285714285714285,0.38461538461538464,,0.08333333333333333
Barnesiella viscericola,,,0.005128205128205128,,,,0.020833333333333332,,,,,,,,,,,,,,,,,,,,,,,,
Bartonella apis,,,,,,,,,0.015151515151515152,,,,,,,,,,,0.0625,,,,,,,,,,,
Bartonella bacilliformis,,,,,0.006756756756756757,,,,,,,,,,,,,,,,,,,,,,,,,,
Bdellovibrio bacteriovorus,0.0015337423312883436,,,,,,,,,,,,,,,,,,,,,,0.0625,,,,,,,,
Beijerinckiaceae bacterium RH AL1,0.05061349693251534,0.0023752969121140144,,0.06666666666666667,,,,0.04054054054054054,,,0.17307692307692307,,0.023255813953488372,,,,,,,,,,,,,0.07142857142857142,0.07142857142857142,,,,
Bergeyella cardium,,0.0023752969121140144,,,,,,,,,,,,,,,,,,,,,,,,,,,,,
Bernardetia litoralis,,,,,,0.009009009009009009,,,,,,,,,,,,,,,,,,,,,,,,,
Besnoitia besnoiti,,,,,,0.018018018018018018,,0.013513513513513514,,,0.019230769230769232,,,0.2702702702702703,,,,,,,,,,,,,,,,,
Betapapillomavirus 1,,,,,0.006756756756756757,,,,,,,,,,,,,,,,,,,,,,,,,,
Betaproteobacteria bacterium GR16-43,0.003067484662576687,,,,,,,,,,,,,,,,,,,,,,,,,,,0.14285714285714285,,,
Beutenbergia cavernae,,0.035629453681710214,0.005128205128205128,,,0.018018018018018018,,,,,,,,,,,,,,,,,,,,,,,,,
Bifidobacterium adolescentis,0.009202453987730062,0.009501187648456057,0.05641025641025641,0.027777777777777776,0.013513513513513514,0.018018018018018018,0.010416666666666666,,,,0.038461538461538464,,0.06976744186046512,,,,,,,,0.0625,,,0.06666666666666667,0.14285714285714285,,,,0.07692307692307693,,
Bifidobacterium angulatum,,,0.005128205128205128,,,,0.010416666666666666,,0.015151515151515152,,,,,,,,,,,,,,,,,,,,,,
Bifidobacterium asteroides,0.009202453987730062,,,0.005555555555555556,,0.009009009009009009,,,0.030303030303030304,,0.057692307692307696,,,,0.027777777777777776,,,,,0.0625,,,,,,,,,,,
Bifidobacterium bifidum,0.007668711656441718,,0.005128205128205128,0.005555555555555556,0.013513513513513514,0.02702702702702703,,,,,0.019230769230769232,,,,,,,,,,,,,,0.07142857142857142,,,,,,
Bifidobacterium breve,,,0.010256410256410256,,0.013513513513513514,,,,,,,,,,,,,,,,,,,,,,,,,,
Bifidobacterium catenulatum,,,0.020512820512820513,,0.006756756756756757,0.009009009009009009,,,,,,,,0.02702702702702703,,,,,,,,,,,0.14285714285714285,,,,,,0.08333333333333333
Bifidobacterium coryneforme,,,,,,,,,,,,,,,,,,,,0.0625,,,,,,,,,,,
Bifidobacterium dentium,,,,,,,,0.013513513513513514,,,,,,,,,,,,0.0625,,,0.125,,0.07142857142857142,,,,,,
Bifidobacterium gallinarum,,,,,0.006756756756756757,,,,,,0.019230769230769232,,,,,,,,,,,,,,,,,,,,
Bifidobacterium indicum,,,,,,,,,,,,,,,,,,,,0.0625,,,,,,,,,,,
Bifidobacterium longum,0.0015337423312883436,0.009501187648456057,0.09230769230769231,0.011111111111111112,0.02027027027027027,0.018018018018018018,0.010416666666666666,,,,0.057692307692307696,,0.023255813953488372,,,,,,,,,,,,0.14285714285714285,,,0.07142857142857142,,,0.08333333333333333
Bifidobacterium pseudocatenulatum,0.0015337423312883436,,,0.005555555555555556,0.006756756756756757,0.009009009009009009,,,,,,,,,,,,,,,,,,,0.21428571428571427,,,,,,
Bifidobacterium pseudolongum,,,0.005128205128205128,,0.006756756756756757,0.036036036036036036,,,0.045454545454545456,,,,,0.02702702702702703,,,,,,,,,,,,,,,,,
Bifidobacterium thermophilum,0.0015337423312883436,0.0023752969121140144,,0.005555555555555556,,,,,,,,,,,,,,,,,,,,,,,,,,,
Blastochloris tepida,0.003067484662576687,,,,,,,,,,,,,,,,,,,,,,,,,,,,,,
Blastochloris viridis,0.0015337423312883436,,0.005128205128205128,,,,,,,,,,,,,,,,,,,,,,,,,,,,
Blastococcus saxobsidens,0.4570552147239264,0.5985748218527316,0.6358974358974359,0.6222222222222222,0.6216216216216216,0.2882882882882883,0.2916666666666667,0.6216216216216216,0.7424242424242424,0.36666666666666664,0.6923076923076923,,0.5116279069767442,0.4594594594594595,0.5,0.9411764705882353,,,0.875,1.0,0.8125,1.0,0.5625,0.4666666666666667,0.7857142857142857,0.42857142857142855,0.9285714285714286,0.8571428571428571,0.8461538461538461,,0.9166666666666666
Blastomonas fulva,0.0015337423312883436,,,,,,,,,,,,,,,,,,,,,,,,,,,,,,
Blastomonas sp. RAC04,0.003067484662576687,,,,,,,,,,,,,,,,,,,,,,,,,,,,,,
Blattabacterium clevelandi,,,,,0.006756756756756757,,,,,,,,,,,,,,,,,,,,,,,,,,
Blattabacterium sp. (Blattella germanica),,,,,,,,,0.030303030303030304,,,,,,,,,,,,,,,,,,,,,,
Blattabacterium sp. (Periplaneta americana),,,,,,,,,,,,,,,,,,,0.0625,,,,,,,,,,,,
Blautia producta,0.0015337423312883436,,0.010256410256410256,,,,,,,,,0.0196078431372549,,,,,0.058823529411764705,,,,,,,,,,,,,,
Blautia sp. N6H1-15,,,0.010256410256410256,,,,,,,,,,,,,,,,,,,,,,,,,,,,
Blautia sp. SC05B48,0.007668711656441718,0.009501187648456057,0.03076923076923077,0.005555555555555556,,0.018018018018018018,,,,,,,0.023255813953488372,0.05405405405405406,,,,,,,,0.0625,0.125,,0.14285714285714285,,,0.07142857142857142,,,0.08333333333333333
Bordetella avium,,0.0023752969121140144,,,,,,,,,,,,,,,,,,,,,,,,,,,,,
Bordetella bronchiseptica,,0.0023752969121140144,,,,,,,,,,,,,,,,,,,,,,,,,,,,,
Bordetella genomosp. 13,,0.0023752969121140144,0.005128205128205128,0.011111111111111112,,,,0.013513513513513514,,,,,,,,,,,,,,,,,,,,,,,
Bordetella hinzii,,0.0023752969121140144,0.005128205128205128,,,,,,0.015151515151515152,,,,,,,,0.11764705882352941,,,,,,,,,,,,,,
Bordetella petrii,,0.004750593824228029,0.010256410256410256,,,,,,,,,,,,,,,,,,,,,,,,,,,,
Bordetella pseudohinzii,,,,,,,,,,,,0.0196078431372549,,,,,,,,,,,,,,,,,,,
Bordetella sp. N,,0.0023752969121140144,,,,,,,,,,,,,,,,,,,,,,,,,,,,0.07692307692307693,
Bordetella trematum,0.003067484662576687,0.0023752969121140144,,,,,,0.013513513513513514,,,0.019230769230769232,,,,,,,,,,,,,,,,,,,,
Borrelia miyamotoi,,,,,,,0.03125,,,,,,,,,,,,,,,,,,,,,,,,
Bosea sp. AS-1,0.05828220858895705,,,0.011111111111111112,0.02027027027027027,0.009009009009009009,,0.04054054054054054,0.015151515151515152,0.016666666666666666,,,,0.02702702702702703,0.027777777777777776,,,,,,,,,0.06666666666666667,0.07142857142857142,,,,,,
Bosea sp. F3-2,0.08742331288343558,0.004750593824228029,,0.011111111111111112,0.02027027027027027,,,0.04054054054054054,0.030303030303030304,0.016666666666666666,,,,0.02702702702702703,0.027777777777777776,,,,,,,,,0.13333333333333333,0.14285714285714285,,,,,,
Bosea sp. PAMC 26642,0.029141104294478526,0.0023752969121140144,,,0.006756756756756757,,,,,0.016666666666666666,,,,,,,,,,,,,,0.13333333333333333,,,,,,,
Bosea sp. RAC05,0.09815950920245399,0.0023752969121140144,,0.016666666666666666,0.013513513513513514,,,0.02702702702702703,,0.016666666666666666,0.019230769230769232,,,,0.027777777777777776,,,,,,,,0.0625,0.13333333333333333,0.35714285714285715,,0.07142857142857142,,0.07692307692307693,,
Bosea sp. Tri-49,0.16104294478527606,0.009501187648456057,,0.027777777777777776,0.013513513513513514,,,0.05405405405405406,0.015151515151515152,0.016666666666666666,0.057692307692307696,,,0.02702702702702703,0.027777777777777776,,,,,,,,0.0625,0.13333333333333333,0.42857142857142855,,0.5714285714285714,,,,
Bosea vaviloviae,0.032208588957055216,,,0.011111111111111112,0.006756756756756757,,,,,,,,,0.02702702702702703,,,,,,,,,,0.13333333333333333,0.07142857142857142,,,,,,
Boseongicola sp. CCM32,0.0015337423312883436,,,,,,,,,,,,,,,,,,,,,,,,,,,,,,
Botrytis cinerea,0.0843558282208589,0.05938242280285035,0.18461538461538463,0.1388888888888889,0.033783783783783786,0.6396396396396397,0.052083333333333336,0.14864864864864866,0.06060606060606061,0.016666666666666666,0.1346153846153846,0.0196078431372549,0.27906976744186046,0.2972972972972973,0.3055555555555556,0.23529411764705882,,0.0625,0.0625,0.0625,0.0625,0.5,,,0.6428571428571429,0.07142857142857142,,0.14285714285714285,,0.07692307692307693,
Brachybacterium avium,0.05061349693251534,0.2921615201900237,0.1794871794871795,0.022222222222222223,0.02702702702702703,0.018018018018018018,,0.05405405405405406,0.045454545454545456,,0.057692307692307696,,0.11627906976744186,,0.05555555555555555,0.5882352941176471,,,0.125,0.0625,0.25,0.0625,0.0625,,0.07142857142857142,,0.07142857142857142,0.5714285714285714,,,
Brachybacterium faecium,0.1656441717791411,0.40617577197149646,0.38974358974358975,0.14444444444444443,0.10810810810810811,0.036036036036036036,0.010416666666666666,0.20270270270270271,0.18181818181818182,0.016666666666666666,0.15384615384615385,,0.13953488372093023,,0.08333333333333333,0.7647058823529411,,,0.4375,0.0625,0.3125,0.0625,0.1875,,0.07142857142857142,,0.5,0.6428571428571429,0.07692307692307693,,0.08333333333333333
Brachybacterium ginsengisoli,0.13803680981595093,0.40617577197149646,0.38974358974358975,0.15555555555555556,0.0945945945945946,0.04504504504504504,0.010416666666666666,0.14864864864864866,0.18181818181818182,0.016666666666666666,0.15384615384615385,,0.13953488372093023,,0.05555555555555555,0.8235294117647058,,,0.375,0.0625,0.375,0.0625,0.1875,,0.07142857142857142,,0.5,0.6428571428571429,0.07692307692307693,,
Brachybacterium saurashtrense,0.25306748466257667,0.4323040380047506,0.49743589743589745,0.22777777777777777,0.12162162162162163,0.04504504504504504,0.020833333333333332,0.3108108108108108,0.2727272727272727,0.05,0.15384615384615385,,0.13953488372093023,0.32432432432432434,0.05555555555555555,0.7058823529411765,,,0.5625,0.0625,0.5625,0.1875,0.1875,0.13333333333333333,0.2857142857142857,,0.7142857142857143,0.7142857142857143,0.07692307692307693,,0.08333333333333333
Brachybacterium sp. P6-10-X1,0.12116564417177914,0.33016627078384797,0.3384615384615385,0.12222222222222222,0.05405405405405406,0.13513513513513514,0.010416666666666666,0.12162162162162163,0.13636363636363635,0.016666666666666666,0.11538461538461539,,0.11627906976744186,0.02702702702702703,0.05555555555555555,0.7058823529411765,,,0.3125,,0.25,0.125,0.125,,0.14285714285714285,,0.42857142857142855,0.5714285714285714,0.07692307692307693,,
Brachybacterium sp. SGAir0954,0.26226993865030673,0.27078384798099764,0.441025641025641,0.15555555555555556,0.10810810810810811,0.009009009009009009,,0.28378378378378377,0.24242424242424243,0.016666666666666666,0.17307692307692307,0.0196078431372549,0.046511627906976744,0.1891891891891892,0.05555555555555555,0.4117647058823529,,,0.1875,,,0.125,0.3125,,0.2857142857142857,0.07142857142857142,0.7142857142857143,0.6428571428571429,0.07692307692307693,,
Brachybacterium vulturis,0.05521472392638037,0.3254156769596199,0.24102564102564103,0.03333333333333333,0.04054054054054054,0.036036036036036036,,0.05405405405405406,0.06060606060606061,0.016666666666666666,0.07692307692307693,,0.13953488372093023,,0.05555555555555555,0.6470588235294118,,,0.1875,0.0625,0.3125,0.0625,0.0625,,0.07142857142857142,,0.14285714285714285,0.5714285714285714,0.07692307692307693,,
Brachyspira pilosicoli,,,0.005128205128205128,,,,,,,,,,,,,,,,,,,,,,,,,,,,
Bradymonadales bacterium V1718,,,,,0.006756756756756757,,,,,,,,,,,,,,,,,,,,,,,,,,
Bradyrhizobiaceae bacterium SG-6C,0.006134969325153374,0.0023752969121140144,,0.07222222222222222,0.02702702702702703,,,,,,,,0.37209302325581395,,,,,,,,,,,0.06666666666666667,0.07142857142857142,,,,,,
Bradyrhizobium amphicarpaeae,0.2714723926380368,,0.05128205128205128,0.4444444444444444,0.18243243243243243,,,0.36486486486486486,0.030303030303030304,0.11666666666666667,0.2692307692307692,,0.046511627906976744,0.08108108108108109,,,,,,,,,0.0625,0.06666666666666667,,0.7142857142857143,0.5714285714285714,0.07142857142857142,0.46153846153846156,,0.6666666666666666
Bradyrhizobium betae,0.5107361963190185,,0.13846153846153847,0.6833333333333333,0.31756756756756754,,,0.5945945945945946,0.07575757575757576,0.6166666666666667,0.3269230769230769,,0.5116279069767442,0.21621621621621623,,,,,,0.125,0.375,,0.3125,0.13333333333333333,0.14285714285714285,1.0,0.7142857142857143,0.21428571428571427,0.6923076923076923,,0.9166666666666666
Bradyrhizobium canariense,0.006134969325153374,,,0.10555555555555556,0.02027027027027027,,,0.04054054054054054,,,0.057692307692307696,,0.16279069767441862,,,,,,,,,,,,,0.07142857142857142,,,,,
Bradyrhizobium diazoefficiens,0.24233128834355827,,0.041025641025641026,0.4111111111111111,0.12837837837837837,,,0.25675675675675674,0.030303030303030304,0.08333333333333333,0.19230769230769232,,0.16279069767441862,0.05405405405405406,,,,,,,,,,0.06666666666666667,,0.7142857142857143,0.5714285714285714,0.07142857142857142,0.46153846153846156,,0.5833333333333334
Bradyrhizobium erythrophlei,0.3941717791411043,0.040380047505938245,0.09743589743589744,0.6222222222222222,0.14864864864864866,0.018018018018018018,,0.47297297297297297,0.045454545454545456,0.21666666666666667,0.5,,0.8837209302325582,0.13513513513513514,0.19444444444444445,,,,,0.1875,0.1875,0.5,0.1875,0.2,0.7142857142857143,0.9285714285714286,0.8571428571428571,0.21428571428571427,0.8461538461538461,,0.75
Bradyrhizobium guangdongense,0.3803680981595092,,0.06666666666666667,0.55,0.22972972972972974,,,0.3918918918918919,0.045454545454545456,0.2833333333333333,0.28846153846153844,,0.13953488372093023,0.13513513513513514,,,,,,,,,0.0625,0.13333333333333333,,0.7857142857142857,0.5714285714285714,0.07142857142857142,0.6153846153846154,,0.75
Bradyrhizobium guangxiense,0.2822085889570552,,0.05641025641025641,0.4388888888888889,0.17567567567567569,,,0.36486486486486486,0.030303030303030304,0.1,0.2692307692307692,,0.06976744186046512,0.08108108108108109,,,,,,,,,0.0625,0.06666666666666667,,0.7142857142857143,0.5714285714285714,0.07142857142857142,0.46153846153846156,,0.6666666666666666
Bradyrhizobium guangzhouense,0.4125766871165644,,0.07692307692307693,0.5833333333333334,0.25675675675675674,,,0.4189189189189189,0.07575757575757576,0.38333333333333336,0.28846153846153844,,0.16279069767441862,0.16216216216216217,,,,,,,0.0625,,0.0625,0.13333333333333333,,0.9285714285714286,0.6428571428571429,0.07142857142857142,0.6153846153846154,,0.8333333333333334
Bradyrhizobium icense,0.08742331288343558,,0.010256410256410256,0.18333333333333332,0.02027027027027027,,,0.14864864864864866,0.015151515151515152,0.016666666666666666,0.07692307692307693,,0.11627906976744186,,,,,,,,,,,,0.07142857142857142,0.6428571428571429,,0.14285714285714285,0.3076923076923077,,
Bradyrhizobium japonicum,0.3450920245398773,,0.06153846153846154,0.5111111111111111,0.20945945945945946,,,0.3918918918918919,0.045454545454545456,0.26666666666666666,0.28846153846153844,,0.16279069767441862,0.08108108108108109,,,,,,,,,0.0625,0.13333333333333333,,0.7142857142857143,0.7142857142857143,0.07142857142857142,0.6153846153846154,,0.75
Bradyrhizobium lablabi,0.046012269938650305,,0.005128205128205128,0.16666666666666666,0.02027027027027027,,,0.13513513513513514,0.015151515151515152,,0.07692307692307693,,0.16279069767441862,,,,,,,,,,,,,0.5714285714285714,,,0.23076923076923078,,
Bradyrhizobium oligotrophicum,0.16411042944785276,,0.020512820512820513,0.18888888888888888,0.02027027027027027,,,0.17567567567567569,0.030303030303030304,,0.09615384615384616,,0.3023255813953488,,,,,,,,,,,,,0.7142857142857143,0.14285714285714285,,0.3076923076923077,,0.16666666666666666
Bradyrhizobium ottawaense,,,,,0.006756756756756757,,,,,,,,,,,,,,,,,,,,,,,,,,
Bradyrhizobium paxllaeri,0.03067484662576687,,0.005128205128205128,0.15555555555555556,0.02027027027027027,,,0.0945945945945946,0.015151515151515152,,0.057692307692307696,,0.046511627906976744,,,,,,,,,,,,0.07142857142857142,0.2857142857142857,,0.14285714285714285,0.15384615384615385,,
Bradyrhizobium sp.,0.22392638036809817,,0.041025641025641026,0.4111111111111111,0.14864864864864866,,,0.25675675675675674,0.030303030303030304,0.08333333333333333,0.19230769230769232,,0.023255813953488372,0.05405405405405406,,,,,,,,,,0.06666666666666667,,0.7142857142857143,0.5,0.07142857142857142,0.46153846153846156,,0.5
Bradyrhizobium sp. 1(2017),0.3266871165644172,,0.06153846153846154,0.5111111111111111,0.22297297297297297,,,0.3783783783783784,0.045454545454545456,0.25,0.28846153846153844,,0.046511627906976744,0.08108108108108109,,,,,,,,,0.0625,0.13333333333333333,,0.7857142857142857,0.6428571428571429,0.07142857142857142,0.5384615384615384,,0.75
Bradyrhizobium sp. 4(2017),0.15184049079754602,,0.015384615384615385,0.3,0.05405405405405406,,,0.21621621621621623,0.030303030303030304,0.016666666666666666,0.09615384615384616,,0.023255813953488372,,,,,,,,,,,,,0.6428571428571429,0.21428571428571427,,0.46153846153846156,,0.16666666666666666
Bradyrhizobium sp. 58S1,0.18558282208588958,,0.015384615384615385,0.39444444444444443,0.12837837837837837,,,0.24324324324324326,0.030303030303030304,0.05,0.17307692307692307,,0.023255813953488372,,,,,,,,,,,,,0.6428571428571429,0.5,0.07142857142857142,0.46153846153846156,,0.3333333333333333
Bradyrhizobium sp. 6(2017),0.7269938650306749,0.0023752969121140144,0.38974358974358975,0.8222222222222222,0.4391891891891892,,,0.8513513513513513,0.16666666666666666,0.9666666666666667,0.5576923076923077,,0.7209302325581395,0.35135135135135137,,,,,0.3125,0.5625,0.5625,,0.6875,0.7333333333333333,0.7857142857142857,1.0,0.9285714285714286,0.5,0.9230769230769231,,1.0
Bradyrhizobium sp. BTAi1,0.9938650306748467,0.0166270783847981,0.7538461538461538,0.9888888888888889,0.5878378378378378,,,0.972972972972973,0.19696969696969696,1.0,0.9615384615384616,,1.0,0.40540540540540543,,,,,1.0,1.0,1.0,,1.0,1.0,1.0,1.0,1.0,0.8571428571428571,1.0,,1.0
Bradyrhizobium sp. CCBAU 051011,0.09049079754601227,0.0023752969121140144,0.015384615384615385,0.19444444444444445,0.02027027027027027,,,0.17567567567567569,0.030303030303030304,0.016666666666666666,0.07692307692307693,,0.16279069767441862,,0.027777777777777776,,,,,,,0.0625,,,0.07142857142857142,0.6428571428571429,,0.14285714285714285,0.5384615384615384,,
Bradyrhizobium sp. CCGE-LA001,0.30828220858895705,,0.06153846153846154,0.48333333333333334,0.19594594594594594,,,0.3783783783783784,0.030303030303030304,0.2,0.2692307692307692,,0.09302325581395349,0.08108108108108109,,,,,,,,,0.0625,0.06666666666666667,,0.7142857142857143,0.5714285714285714,0.07142857142857142,0.46153846153846156,,0.6666666666666666
Bradyrhizobium sp. LCT2,0.04754601226993865,,0.005128205128205128,0.19444444444444445,0.02027027027027027,,,0.13513513513513514,0.015151515151515152,,0.07692307692307693,,,,,,,,,,,,,,,0.42857142857142855,,,0.23076923076923078,,
Bradyrhizobium sp. ORS 278,0.1303680981595092,,0.015384615384615385,0.2111111111111111,0.02027027027027027,,,0.1891891891891892,0.030303030303030304,,0.09615384615384616,,0.20930232558139536,,,,,,,,,,,,,0.7142857142857143,,,0.3076923076923077,,0.08333333333333333
Bradyrhizobium sp. ORS 285,0.20705521472392638,,0.03076923076923077,0.2833333333333333,0.02027027027027027,,,0.21621621621621623,0.030303030303030304,0.03333333333333333,0.1346153846153846,,0.3023255813953488,,,,,,,,,,,0.06666666666666667,,0.7142857142857143,0.21428571428571427,,0.46153846153846156,,0.25
Bradyrhizobium sp. ORS 3257,0.3696319018404908,,0.07692307692307693,0.5333333333333333,0.23648648648648649,,,0.3918918918918919,0.045454545454545456,0.31666666666666665,0.28846153846153844,,0.16279069767441862,0.10810810810810811,,,,,,,0.0625,,0.0625,0.13333333333333333,,0.7857142857142857,0.7142857142857143,0.07142857142857142,0.6153846153846154,,0.8333333333333334
Bradyrhizobium sp. S23321,0.1687116564417178,,0.015384615384615385,0.37777777777777777,0.12162162162162163,,,0.24324324324324326,0.030303030303030304,0.016666666666666666,0.15384615384615385,,0.023255813953488372,,,,,,,,,,,,,0.6428571428571429,0.35714285714285715,0.07142857142857142,0.46153846153846156,,0.25
Bradyrhizobium sp. SK17,0.7607361963190185,0.0023752969121140144,0.4512820512820513,0.8444444444444444,0.47297297297297297,,,0.8648648648648649,0.16666666666666666,0.9833333333333333,0.5576923076923077,,0.7441860465116279,0.3783783783783784,,,,,0.5,0.6875,0.75,,0.75,0.7333333333333333,0.8571428571428571,1.0,1.0,0.5,0.9230769230769231,,1.0
Bradyrhizobium sp. WSM471,0.09202453987730061,,0.015384615384615385,0.25555555555555554,0.04054054054054054,,,0.17567567567567569,0.015151515151515152,,0.09615384615384616,,0.023255813953488372,,,,,,,,,,,,,0.5714285714285714,,,0.23076923076923078,,0.08333333333333333
Bradyrhizobium symbiodeficiens,0.34049079754601225,,0.06153846153846154,0.5333333333333333,0.21621621621621623,,,0.3783783783783784,0.045454545454545456,0.2833333333333333,0.28846153846153844,,0.09302325581395349,0.08108108108108109,,,,,,,,,0.0625,0.13333333333333333,,0.7142857142857143,0.7142857142857143,0.14285714285714285,0.6153846153846154,,0.75
Bradyrhizobium zhanjiangense,0.2960122699386503,,0.06153846153846154,0.46111111111111114,0.16891891891891891,,,0.36486486486486486,0.030303030303030304,0.16666666666666666,0.25,,0.09302325581395349,0.08108108108108109,,,,,,,,,0.0625,0.06666666666666667,,0.7142857142857143,0.5714285714285714,0.07142857142857142,0.46153846153846156,,0.75
Brevibacillus agri,,,,0.005555555555555556,,0.009009009009009009,,,,,,,,,,,0.058823529411764705,,,,,,,,,,,,,,
Brevibacillus brevis,,,0.005128205128205128,,,,,,,,,,,,,,0.058823529411764705,,,,,,,,,,,,,,
Brevibacillus laterosporus,,,0.010256410256410256,,0.006756756756756757,,,,,,,,,,,,,,,,,,,,,,,,,,
Brevibacterium aurantiacum,0.018404907975460124,0.05463182897862233,,0.022222222222222223,0.02702702702702703,0.14414414414414414,,0.02702702702702703,0.015151515151515152,,0.038461538461538464,,0.046511627906976744,,0.1111111111111111,0.11764705882352941,,,0.3125,0.25,0.125,,0.1875,,0.07142857142857142,,,0.07142857142857142,,,
Brevibacterium linens,0.06595092024539877,0.10688836104513064,0.12307692307692308,0.05,0.02702702702702703,0.09009009009009009,,0.05405405405405406,0.015151515151515152,,0.057692307692307696,,,0.08108108108108109,0.027777777777777776,0.058823529411764705,,,0.125,,,,0.125,,0.14285714285714285,,0.21428571428571427,0.2857142857142857,0.07692307692307693,,
Brevibacterium luteolum,0.05521472392638037,0.20190023752969122,0.23076923076923078,0.2222222222222222,0.08108108108108109,0.12612612612612611,0.010416666666666666,0.14864864864864866,0.09090909090909091,0.03333333333333333,0.09615384615384616,,0.046511627906976744,0.08108108108108109,0.027777777777777776,,,,0.3125,0.125,0.1875,0.0625,0.375,0.06666666666666667,0.2857142857142857,,0.42857142857142855,0.07142857142857142,0.07692307692307693,,0.08333333333333333
Brevibacterium sandarakinum,0.003067484662576687,0.023752969121140142,,,0.006756756756756757,0.036036036036036036,,,,,0.019230769230769232,,0.023255813953488372,,,,,,0.0625,,0.0625,,0.125,,,,,,,,
Brevibacterium siliguriense,0.003067484662576687,0.021377672209026127,0.010256410256410256,,,,,,,,,,,,,,,,,,,,,,,,,,,,
Brevibacterium sp. 'Marine',0.004601226993865031,0.023752969121140142,0.03076923076923077,,,,,,,,,,,,,,,,,,,,,,,,,,,,
Brevibacterium sp. Ap13,,0.004750593824228029,,,,,,,,,,,,,,,,,,,,,,,,,,,,,
Brevibacterium sp. CS2,0.20398773006134968,0.6294536817102138,0.2564102564102564,0.3611111111111111,0.1554054054054054,0.15315315315315314,0.09375,0.32432432432432434,0.2727272727272727,0.03333333333333333,0.2692307692307692,,0.046511627906976744,0.08108108108108109,0.5,,,,1.0,0.6875,0.4375,,0.875,0.5333333333333333,0.14285714285714285,,0.6428571428571429,0.35714285714285715,,,0.08333333333333333
Brevibacterium sp. WO024,0.023006134969325152,0.040380047505938245,0.005128205128205128,,0.013513513513513514,,,0.02702702702702703,0.015151515151515152,0.016666666666666666,0.019230769230769232,,,,,,,,0.0625,,,,0.0625,,,,,,,,
Brevibacterium sp. YB235,0.009202453987730062,0.04513064133016627,0.06153846153846154,,,0.009009009009009009,,,,,,,,0.1891891891891892,,,,,,,,,,,,,,,,,
Brevibacterium sp. o2,0.004601226993865031,0.026128266033254157,0.015384615384615385,,0.006756756756756757,,,,,,,,,,,,,,,,,,,,,,,,,,
Brevirhabdus pacifica,0.02147239263803681,0.0023752969121140144,,,0.006756756756756757,,,,,,,,,,,,,,,,,,,,,,,,,,
Brevundimonas diminuta,0.3312883435582822,0.2755344418052256,0.035897435897435895,0.06111111111111111,0.12162162162162163,0.09009009009009009,0.07291666666666667,0.0945945945945946,0.19696969696969696,0.03333333333333333,0.07692307692307693,0.2549019607843137,,0.13513513513513514,0.08333333333333333,0.23529411764705882,0.058823529411764705,0.1875,0.1875,0.125,0.0625,,0.0625,0.2,0.07142857142857142,,0.14285714285714285,,0.38461538461538464,,
Brevundimonas mediterranea,0.4754601226993865,0.14251781472684086,0.02564102564102564,0.05555555555555555,0.07432432432432433,0.036036036036036036,0.041666666666666664,0.12162162162162163,0.07575757575757576,0.016666666666666666,,0.0784313725490196,,0.08108108108108109,0.08333333333333333,,,0.1875,0.125,,,0.0625,0.0625,0.13333333333333333,0.07142857142857142,0.07142857142857142,0.14285714285714285,,0.15384615384615385,0.07692307692307693,
Brevundimonas naejangsanensis,0.588957055214724,0.3824228028503563,0.16923076923076924,0.15,0.4189189189189189,0.2972972972972973,0.08333333333333333,0.2972972972972973,0.6363636363636364,0.06666666666666667,0.15384615384615385,0.3333333333333333,0.3023255813953488,0.6216216216216216,0.5,0.7647058823529411,0.17647058823529413,0.3125,0.875,0.1875,0.375,0.3125,0.3125,0.26666666666666666,0.2857142857142857,0.07142857142857142,0.7142857142857143,,0.46153846153846156,,0.25
Brevundimonas sp. 'scallop',0.3374233128834356,0.09263657957244656,0.015384615384615385,0.027777777777777776,0.12837837837837837,0.06306306306306306,,0.02702702702702703,0.06060606060606061,0.06666666666666667,,0.0784313725490196,,,,,,0.1875,,,,,0.125,0.13333333333333333,0.07142857142857142,,,,,0.38461538461538464,
Brevundimonas sp. Bb-A,0.09662576687116564,0.023752969121140142,0.005128205128205128,0.011111111111111112,0.033783783783783786,,0.010416666666666666,0.02702702702702703,,,,0.058823529411764705,,0.16216216216216217,,,,,,,,,,0.06666666666666667,,,,,,,
Brevundimonas sp. DS20,0.13650306748466257,0.07363420427553444,0.005128205128205128,0.022222222222222223,0.0472972972972973,,0.03125,0.04054054054054054,0.015151515151515152,,,0.058823529411764705,,0.02702702702702703,,,,0.125,,,,,,0.06666666666666667,,,,,,,
Brevundimonas sp. GW460-12-10-14-LB2,0.3450920245398773,0.04275534441805225,0.015384615384615385,0.027777777777777776,0.14189189189189189,0.06306306306306306,0.020833333333333332,0.02702702702702703,0.045454545454545456,0.06666666666666667,,0.0784313725490196,,,,,,0.125,,,,,0.125,0.13333333333333333,0.14285714285714285,,,,0.07692307692307693,0.38461538461538464,
Brevundimonas sp. LM2,0.2929447852760736,0.11163895486935867,0.010256410256410256,0.03333333333333333,0.0472972972972973,0.02702702702702703,0.041666666666666664,0.05405405405405406,0.030303030303030304,,,0.058823529411764705,0.023255813953488372,0.02702702702702703,0.08333333333333333,,,0.1875,0.0625,,,,,0.13333333333333333,,,,,0.15384615384615385,,
Brevundimonas sp. M20,0.32975460122699385,0.12351543942992874,0.035897435897435895,0.05555555555555555,0.060810810810810814,0.036036036036036036,0.052083333333333336,0.0945945945945946,0.030303030303030304,,,0.09803921568627451,0.046511627906976744,0.05405405405405406,0.16666666666666666,0.17647058823529413,,0.1875,0.125,,,0.0625,,0.2,,,,,0.15384615384615385,,
Brevundimonas sp. MF30-B,0.42484662576687116,0.12589073634204276,0.041025641025641026,0.05555555555555555,0.04054054054054054,0.04504504504504504,0.052083333333333336,0.0945945945945946,0.030303030303030304,0.016666666666666666,,0.09803921568627451,,0.02702702702702703,0.08333333333333333,,,0.1875,0.0625,,,,0.0625,0.2,,,0.21428571428571427,,0.15384615384615385,,
Brevundimonas sp. SGAir0440,0.5230061349693251,0.08788598574821853,0.05641025641025641,0.1111111111111111,0.16891891891891891,0.10810810810810811,0.052083333333333336,0.20270270270270271,0.13636363636363635,0.1,0.07692307692307693,0.09803921568627451,,0.05405405405405406,0.027777777777777776,,,0.1875,0.125,,0.0625,0.0625,0.3125,0.13333333333333333,0.35714285714285715,0.07142857142857142,0.5714285714285714,,0.07692307692307693,0.38461538461538464,
Brevundimonas subvibrioides,0.1794478527607362,0.08788598574821853,0.005128205128205128,0.022222222222222223,0.033783783783783786,,0.020833333333333332,0.02702702702702703,0.015151515151515152,,,0.058823529411764705,,,0.08333333333333333,,,0.0625,0.0625,,,,,0.06666666666666667,,,,,0.07692307692307693,,
Brevundimonas vancanneytii,0.13650306748466257,0.2042755344418052,0.005128205128205128,0.03333333333333333,0.0472972972972973,0.04504504504504504,0.052083333333333336,0.04054054054054054,0.030303030303030304,,0.019230769230769232,0.13725490196078433,,0.08108108108108109,,,0.058823529411764705,0.125,0.0625,,,,,0.13333333333333333,,,,,0.15384615384615385,,
Brevundimonas vesicularis,0.21319018404907975,0.019002375296912115,,0.027777777777777776,0.05405405405405406,0.018018018018018018,,0.02702702702702703,0.030303030303030304,0.05,,0.0784313725490196,,,,,,0.1875,,,,,0.1875,0.13333333333333333,,,,,,0.23076923076923078,
Brochothrix thermosphacta,,0.021377672209026127,,0.044444444444444446,0.02027027027027027,0.2702702702702703,0.052083333333333336,0.02702702702702703,,,,,,,0.05555555555555555,0.11764705882352941,,,0.0625,,0.0625,,0.1875,,,,,,,,
Brucella sp. 09RB8471,,0.007125890736342043,,,,,,,,,,,,,,,,,,,,,,,,,,,,,
Brucella sp. 09RB8910,,0.05938242280285035,,,,,,,,,,,,,,,,,,,,,,,,,,,,,
Brucella sp. 141012304,,0.021377672209026127,,,,,,,,,,,,,,,,,,,,,,,,,,,,,
Brucella sp. 2280,,0.040380047505938245,,,,,,,,,,,,,,,,,,,,,,,,,,,,,
Buchnera aphidicola,0.0015337423312883436,0.028503562945368172,0.010256410256410256,0.011111111111111112,0.0472972972972973,0.32432432432432434,0.0625,,0.015151515151515152,,,,0.023255813953488372,0.40540540540540543,0.19444444444444445,0.23529411764705882,,,,0.1875,0.125,0.125,,,0.07142857142857142,,,,,,
Burkholderia cenocepacia,,0.0023752969121140144,0.010256410256410256,,,,,,,0.016666666666666666,,,,0.02702702702702703,,,,,,,,,,,,,,,,,
Burkholderia cepacia,0.009202453987730062,,,,,,,,,,,,,0.02702702702702703,,,,,,,,,,,,,,,0.07692307692307693,,
Burkholderia contaminans,,,,,,,,,,,,,,0.02702702702702703,,,,,,,,,,,,,,,,,
Burkholderia dolosa,,,,,,,0.4375,,,,,,,,,,,,,,,,,,,,,,,,
Burkholderia gladioli,0.007668711656441718,,0.005128205128205128,,,,,,,,,,,,,,,,,,,,,,,,0.14285714285714285,,,0.07692307692307693,
Burkholderia glumae,,,0.005128205128205128,,,,,,,,,,,,,,,,,,,,,,,,,,,,
Burkholderia lata,,,,0.005555555555555556,0.02027027027027027,,,,,,,,,0.02702702702702703,,,,,,0.0625,,,,,,,,,,,
Burkholderia metallica,,,,,,,,,,,,,,0.02702702702702703,,,,,,,,,,,,,,,,,
Burkholderia multivorans,0.006134969325153374,,,,,,,0.013513513513513514,,,,,,,,,,,,,,,,0.13333333333333333,,,,,,,
Burkholderia pyrrocinia,,,,,,,,,,,,,,0.02702702702702703,,,,,,,,,,,,,,,,,
Burkholderia seminalis,,,,0.005555555555555556,,,,,,,,,,,,,,,,,,,,,,,,,,,
Burkholderia sp. KK1,,,,0.005555555555555556,,,,,,,,,,,,,,,,,,,,,,,,,,,
Burkholderia sp. PAMC 26561,,,,,,,,,,,,,,,,,,,,,0.0625,,,,,,,,,,
Burkholderia stabilis,,,,,,,,,,,,,,0.02702702702702703,,,,,,,,,,,,,,,,,
Burkholderiales bacterium JOSHI_001,0.18711656441717792,,0.035897435897435895,0.20555555555555555,0.02702702702702703,,,0.10810810810810811,0.045454545454545456,0.016666666666666666,0.07692307692307693,,0.023255813953488372,0.02702702702702703,,,,,,,,,,0.06666666666666667,,0.6428571428571429,0.07142857142857142,0.14285714285714285,0.46153846153846156,,0.25
Buttiauxella sp. 3AFRM03,,,0.005128205128205128,,,,,,,,,,,,,,0.058823529411764705,0.1875,,,,,,,,,,,,,
Butyricimonas faecalis,,,,,,,0.010416666666666666,,,,,,,,,,,,,,,,,,,,,,,,
Calothrix brevissima,0.027607361963190184,,,0.005555555555555556,,0.02702702702702703,,,,,,,,0.16216216216216217,,,,,,,,,,,,,,,,,
Calothrix parasitica,0.019938650306748466,,,,,0.018018018018018018,,,,,,,,0.16216216216216217,,,,,,,,,,,,,,,,,
Calothrix parietina,0.012269938650306749,,,,,0.02702702702702703,,,,,,,,0.16216216216216217,,,,,,,,,,,,,,,,,
Calothrix sp. 336/3,0.012269938650306749,,0.005128205128205128,,,0.018018018018018018,,,,,,,,0.13513513513513514,,,,,,,,,,,,,,,,,
Calothrix sp. NIES-2098,0.024539877300613498,,,0.011111111111111112,,0.036036036036036036,,,,,,,,,,,,,,,,,,,,,,,,,
Calothrix sp. NIES-2100,0.03067484662576687,,,0.016666666666666666,,0.04504504504504504,,,,,,,,,,,,,,,,,,,,,,,,,
Calothrix sp. NIES-3974,0.009202453987730062,,,,,,,,,,,,,,,,,,,,,,,,,,,,,,
Calothrix sp. PCC 7507,0.023006134969325152,,,0.011111111111111112,,0.036036036036036036,,,,,,,,,,,,,,,,,,,,,,,,,
Campylobacter concisus,,0.007125890736342043,,0.011111111111111112,,,0.020833333333333332,0.013513513513513514,,,,,,,,,,,,,,,,,,,,,,,
Campylobacter gracilis,,,,,,0.009009009009009009,,,,,,,,,,,,,,,,,,,,,,,,,
Campylobacter rectus,0.0015337423312883436,,,0.022222222222222223,,0.018018018018018018,,0.013513513513513514,,,,,,,,,,,,,,,,,,,,,,,
Campylobacter showae,0.0015337423312883436,0.0023752969121140144,,0.011111111111111112,,0.009009009009009009,0.010416666666666666,0.013513513513513514,,,,,,,,,,,,,,,,,,,,,,,
Campylobacter ureolyticus,,,,,,0.018018018018018018,,,,,,,,,,,,,,,,,,,,,,,,,
Candida albicans,0.0015337423312883436,0.0023752969121140144,0.005128205128205128,0.005555555555555556,,0.04504504504504504,,0.04054054054054054,0.015151515151515152,,0.057692307692307696,,,0.21621621621621623,,,,,,,,,,,,,,,,,
Candida dubliniensis,0.007668711656441718,,0.005128205128205128,0.011111111111111112,0.006756756756756757,0.07207207207207207,0.010416666666666666,0.02702702702702703,,,0.09615384615384616,,,0.24324324324324326,,,,,,0.1875,,,,,,0.07142857142857142,,,,,
Candida orthopsilosis,,0.007125890736342043,0.03076923076923077,0.027777777777777776,0.006756756756756757,0.04504504504504504,,0.05405405405405406,0.015151515151515152,,0.11538461538461539,,,0.05405405405405406,0.027777777777777776,,,,,,,,,,,,,0.07142857142857142,,,
Candidatus Accumulibacter phosphatis,,,,,,,,,,0.016666666666666666,,,,,,,,,,,,,,,,,,,,,
Candidatus Coxiella mudrowiae,,,,,,,,,,,,,,,,,,,,,,,,,,,0.07142857142857142,,,,
Candidatus Erwinia haradaeae,,,,,,0.009009009009009009,,,,,,,,0.05405405405405406,,,,,,,,,,,,,,,,,
Candidatus Fonsibacter ubiquis,0.003067484662576687,,,,,,,,,,,0.0196078431372549,,,,,,,,,,,,,,,,,,,
Candidatus Fukatsuia symbiotica,,,,,0.006756756756756757,,,,,,,,,,,,,,,,,,,,,,,,,,
Candidatus Hamiltonella defensa,0.0015337423312883436,,,,,0.009009009009009009,,0.013513513513513514,,,,,,,,,,,,0.25,,,,0.06666666666666667,0.07142857142857142,,,,,,
Candidatus Hodgkinia cicadicola,,,,,,,,,,,,,,0.16216216216216217,,,,,,,,,,,,,,,,,
Candidatus Nitrosocosmicus exaquare,0.0015337423312883436,,,,,,,,,,,,,,,,,,,,,,,,,,,,,,
Candidatus Pelagibacter giovannonii,0.0015337423312883436,,,,,,,,,,,,,,,,,,,,,,,,,,,,,,
Candidatus Pelagibacter sp. IMCC9063,,,,,0.013513513513513514,,,,,,,,,,,,,,,,,,,,,,,,,,
Candidatus Portiera aleyrodidarum,0.003067484662576687,,,,0.006756756756756757,,,,,,,,,,,,,,,,,,,,,,,,,,
Candidatus Promineofilum breve,,,,,0.006756756756756757,,,,,,,,,,,,,,,,,,,,,,,,,,
Candidatus Rickettsiella viridis,,0.009501187648456057,,,,,,,,,,,,,,,,,,0.0625,,,,,,,,,,,
Candidatus Saccharimonas aalborgensis,,,,0.005555555555555556,,,,,,,,,,,,,,,,,,,,,,,,,,,
Candidatus Solibacter usitatus,,,,,,,,,,,,,,,,,,,,,,,,,,0.07142857142857142,,,,,
Candidatus Sulcia muelleri,,,,,0.006756756756756757,,,,,,,,,,,,,,,,,,,,,,,,,,
Candidatus Uzinura diaspidicola,,,,0.005555555555555556,0.006756756756756757,0.009009009009009009,,,,,,,,,,,,,,,,,,,,,,,,,
Capnocytophaga endodontalis,,,,,,0.009009009009009009,,,,,,,,,,,,,,,,,,,,,,,,,
Capnocytophaga gingivalis,0.003067484662576687,0.009501187648456057,,,,0.02702702702702703,0.020833333333333332,0.013513513513513514,0.015151515151515152,,,,,,,,,,,,0.0625,,,,,,,,,,
Capnocytophaga leadbetteri,0.003067484662576687,,,,,0.009009009009009009,0.010416666666666666,0.013513513513513514,,,,,,,,,,,,,,,,,,,,,,,
Capnocytophaga ochracea,,,,,,,0.010416666666666666,,,,,,,,,,,,,,,,,,,,,,,,
Capnocytophaga sp. FDAARGOS_737,0.003067484662576687,,,,,0.009009009009009009,0.010416666666666666,0.013513513513513514,,,,,,,,,,,,,,,,,,,,,,,
Capnocytophaga sp. oral taxon 323,,,,,,,0.010416666666666666,,,,,,,,,,,,,,,,,,,,,,,,
Capnocytophaga sp. oral taxon 864,,,,,,,0.010416666666666666,,,,,,,0.02702702702702703,,,,,,,,,,,,,,,,,
Capnocytophaga sp. oral taxon 878,,0.0023752969121140144,,,,,,,,,,,,,,,,,,,,,,,,,,,,,
Capnocytophaga sputigena,0.009202453987730062,0.0166270783847981,,,,0.0990990990990991,0.03125,0.05405405405405406,0.015151515151515152,,,,,,0.027777777777777776,,,,,,0.0625,,,,,,,0.07142857142857142,,,
Capnocytophaga stomatis,,,,,,0.009009009009009009,,,,,,,,,,,,,,,,,,,,,,,,,
Caproiciproducens sp. NJN-50,,,,,,,0.010416666666666666,,,,,,,,,,,,,,,,,,,,,,,,
Cardinium endosymbiont of Encarsia pergandiella,0.0015337423312883436,,,,,,,,,,,,0.023255813953488372,,,,,,,,,,,,,,,,,,
Cardinium endosymbiont of Sogatella furcifera,0.003067484662576687,,,,,,,,,,0.019230769230769232,,0.023255813953488372,,,,,,,,,,,,,,,,,,
Cardiobacterium hominis,0.015337423312883436,0.007125890736342043,,0.011111111111111112,0.013513513513513514,0.009009009009009009,,,,,,,,,0.027777777777777776,,,,,,,,0.0625,,0.07142857142857142,,,,,,
Carnobacterium divergens,,0.011876484560570071,,,,0.009009009009009009,,,,,,,,,,,,,,,,,,,,,,,,,
Carnobacterium inhibens,,0.17577197149643706,,,0.006756756756756757,0.018018018018018018,,,,,,0.0196078431372549,,,,0.17647058823529413,,,,,,,,,,,,,,0.07692307692307693,
Carnobacterium maltaromaticum,,0.026128266033254157,,,,,0.010416666666666666,,,,,,,,,0.058823529411764705,,,0.0625,,,,,,,,,,,,
Carnobacterium sp. 17-4,,0.07363420427553444,,,0.006756756756756757,,,,,,,,,,0.027777777777777776,,,,,,,,,,,,,,,0.07692307692307693,
Carnobacterium sp. CP1,,0.0023752969121140144,,,,,,,,,,,,,,,,,,,,,,,,,,,,,
Catenulispora acidiphila,,0.0023752969121140144,,,,,,,,,,,,,,,,,,,,,,,,0.07142857142857142,0.07142857142857142,,,,
Caulobacter flavus,0.06134969325153374,0.004750593824228029,0.005128205128205128,0.10555555555555556,0.02027027027027027,,0.010416666666666666,0.013513513513513514,0.015151515151515152,0.016666666666666666,,0.0196078431372549,,0.02702702702702703,,,,,,,,,0.0625,0.13333333333333333,,,,,0.3076923076923077,,
Caulobacter henricii,0.004601226993865031,,,0.022222222222222223,0.013513513513513514,,,,0.015151515151515152,,,0.0196078431372549,,,,,,,,,,,0.0625,,,,,,,,
Caulobacter mirabilis,0.03067484662576687,0.0023752969121140144,0.005128205128205128,0.011111111111111112,,,,,0.015151515151515152,,,0.0196078431372549,,,,,,,,,,,0.0625,0.06666666666666667,,,,,,,
Caulobacter rhizosphaerae,0.010736196319018405,,,0.044444444444444446,0.02027027027027027,,,,0.015151515151515152,,,0.0196078431372549,,,,,,,,,,,0.0625,0.06666666666666667,,,,,,,
Caulobacter segnis,0.023006134969325152,,,0.23333333333333334,0.10810810810810811,0.009009009009009009,,0.02702702702702703,0.015151515151515152,0.016666666666666666,0.038461538461538464,,,,,,,,,,,,0.0625,0.06666666666666667,,,,0.07142857142857142,0.3076923076923077,,
Caulobacter sp. FWC26,0.03067484662576687,0.004750593824228029,,0.17777777777777778,0.0472972972972973,0.009009009009009009,,0.05405405405405406,0.030303030303030304,,,,,,,,,,,,,,0.0625,,,,,,0.3076923076923077,,
Caulobacter sp. Ji-3-8,0.009202453987730062,,,0.05,0.02027027027027027,,,,0.015151515151515152,,,0.0196078431372549,,,,,,,,,,,,0.06666666666666667,,,,,,,
Caulobacter sp. K31,0.010736196319018405,0.004750593824228029,,0.03888888888888889,0.02027027027027027,,,,0.015151515151515152,,,,,,,,,,,,,,0.0625,,,,,,,,
Caulobacter vibrioides,0.024539877300613498,,,0.18333333333333332,0.05405405405405406,0.009009009009009009,,0.013513513513513514,0.030303030303030304,,,0.0196078431372549,,,,,,,,,,,0.0625,0.06666666666666667,,,,,0.3076923076923077,,
Caulobacteraceae bacterium 0127_4,0.0015337423312883436,,,,,,,,,,,,,,,,,,,,,,,,,,,,,,
Cedecea lapagei,,,0.005128205128205128,,,,,,,,,0.0196078431372549,,,,,,0.125,,,,,,,,,,,,,
Cedecea neteri,,,0.02564102564102564,,0.006756756756756757,,,,0.015151515151515152,,,0.0392156862745098,,,,,0.23529411764705882,0.3125,,,,,,,,,,,,0.07692307692307693,
Cedecea sp. FDAARGOS_727,,,0.005128205128205128,,,,,,,,,0.0196078431372549,,,,,0.11764705882352941,0.125,,,,,,,,,,,,,
Celeribacter ethanolicus,0.0015337423312883436,,,,,,,,,,,,,,,,,,,,,,,,,,,,,,
Celeribacter indicus,0.03067484662576687,0.0023752969121140144,,,0.006756756756756757,,,0.02702702702702703,,,,,,,,,,,,,,,,,,,,,,,
Celeribacter manganoxidans,0.012269938650306749,,,,,,,0.02702702702702703,,,,0.0196078431372549,,,,,,,,,,,,,,,,,,,
Cellulomonas fimi,0.004601226993865031,0.1496437054631829,0.015384615384615385,0.03333333333333333,0.006756756756756757,0.018018018018018018,,0.04054054054054054,,,0.057692307692307696,,0.11627906976744186,0.02702702702702703,,0.29411764705882354,,,,0.0625,,0.75,0.125,,,,,0.14285714285714285,0.23076923076923078,0.07692307692307693,
Cellulomonas flavigena,0.004601226993865031,0.0997624703087886,0.010256410256410256,0.016666666666666666,0.006756756756756757,0.018018018018018018,,0.02702702702702703,,,0.019230769230769232,,,0.02702702702702703,,0.23529411764705882,,,,,,0.5,0.0625,,,,,,0.07692307692307693,0.07692307692307693,
Cellulomonas gilvus,0.007668711656441718,0.06413301662707839,0.010256410256410256,0.005555555555555556,0.006756756756756757,0.018018018018018018,,0.013513513513513514,,0.016666666666666666,,,0.023255813953488372,,,0.17647058823529413,,,,,,0.1875,0.0625,,,,,,0.23076923076923078,0.07692307692307693,
Cellulomonas shaoxiangyii,0.010736196319018405,0.09738717339667459,0.015384615384615385,0.011111111111111112,0.006756756756756757,0.018018018018018018,,0.02702702702702703,,,0.038461538461538464,,,0.02702702702702703,,0.29411764705882354,,,,,,0.5,0.125,,,,,,0.07692307692307693,0.07692307692307693,
Cellulomonas sp. 40-2,0.004601226993865031,0.040380047505938245,0.020512820512820513,,,0.009009009009009009,,,,,,0.0196078431372549,,,,,,,,,,,,,,,0.07142857142857142,,,0.15384615384615385,
Cellulomonas sp. H30R-01,0.007668711656441718,0.17577197149643706,0.08717948717948718,0.03888888888888889,0.013513513513513514,0.018018018018018018,,0.05405405405405406,0.015151515151515152,0.016666666666666666,0.09615384615384616,,0.13953488372093023,0.02702702702702703,,0.29411764705882354,,,,0.0625,0.0625,0.75,0.125,,0.07142857142857142,0.07142857142857142,0.07142857142857142,0.14285714285714285,0.23076923076923078,0.07692307692307693,
Cellulomonas sp. JZ18,0.006134969325153374,0.1187648456057007,0.07179487179487179,0.03333333333333333,0.006756756756756757,0.018018018018018018,,0.04054054054054054,0.015151515151515152,,0.07692307692307693,,0.023255813953488372,0.02702702702702703,,0.29411764705882354,,,,,,0.75,0.125,,,,,,0.15384615384615385,0.07692307692307693,
Cellulomonas sp. PSBB021,0.003067484662576687,0.09501187648456057,0.015384615384615385,0.011111111111111112,0.006756756756756757,0.018018018018018018,,0.013513513513513514,,,0.019230769230769232,,,,,0.17647058823529413,,,,,,0.25,0.0625,,,,,,0.07692307692307693,0.07692307692307693,
Cellulomonas sp. Y8,0.04447852760736196,0.33729216152019004,0.3076923076923077,0.10555555555555556,0.07432432432432433,0.04504504504504504,,0.10810810810810811,0.030303030303030304,,0.40384615384615385,0.058823529411764705,0.13953488372093023,0.05405405405405406,0.027777777777777776,0.47058823529411764,,,0.125,0.1875,0.3125,0.9375,0.125,0.06666666666666667,,0.14285714285714285,0.2857142857142857,0.35714285714285715,0.3076923076923077,0.23076923076923078,
Cellulosilyticum lentocellum,,,0.005128205128205128,,,,,,,,,,,,,,,,,,,,,,,,,,,,
Cellulosilyticum sp. WCF-2,,,0.005128205128205128,,,,,,,,,,,,,,,,,,,,,,,,,,,,
Cellulosimicrobium cellulans,0.007668711656441718,0.0855106888361045,0.08717948717948718,0.022222222222222223,,0.02702702702702703,,0.02702702702702703,,0.016666666666666666,,,,0.02702702702702703,0.1388888888888889,,0.058823529411764705,,,,,,0.0625,,,,,0.07142857142857142,0.15384615384615385,,
Cellulosimicrobium sp. 72-3,,0.040380047505938245,,0.005555555555555556,,,,,,,,,,,,,0.058823529411764705,,,,,,,,,,,,,,
Cellulosimicrobium sp. BI34T,0.0015337423312883436,0.023752969121140142,0.010256410256410256,0.011111111111111112,,0.02702702702702703,,0.013513513513513514,,,,,,,0.027777777777777776,,,,,,,,,,,,,,,,
Cellulosimicrobium sp. TH-20,,0.0332541567695962,,0.005555555555555556,,,,,,,,,,,,,0.058823529411764705,,,,,,,,,,,,,,
Cellvibrio japonicus,0.003067484662576687,,0.005128205128205128,,,,,,,,,,,,,,,,,,,,,,,,,,,,
Cellvibrio sp. KY-GH-1,0.018404907975460124,,0.03076923076923077,,,,,,0.015151515151515152,,,,,,,,,,,,,,,,,,,0.14285714285714285,,,
Cellvibrio sp. KY-YJ-3,0.006134969325153374,0.0023752969121140144,0.02564102564102564,,,0.009009009009009009,,0.02702702702702703,,,,,0.023255813953488372,,,0.058823529411764705,,,0.0625,,,,,,,,,,0.07692307692307693,,
Cellvibrio sp. PSBB006,,,0.010256410256410256,,,,,,,,,,,,,,,,,,,,,,,,,,,,
Cellvibrio sp. PSBB023,0.007668711656441718,,0.02564102564102564,,,0.009009009009009009,,,,,,,,,,,,,,,,,,,,,,0.07142857142857142,0.07692307692307693,,
Cercospora beticola,0.13496932515337423,0.047505938242280284,0.5435897435897435,0.2111111111111111,0.013513513513513514,0.5585585585585585,0.010416666666666666,0.20270270270270271,0.06060606060606061,0.016666666666666666,0.11538461538461539,0.0196078431372549,0.09302325581395349,0.1891891891891892,0.08333333333333333,,,0.125,,0.0625,0.1875,0.875,,,,0.14285714285714285,0.14285714285714285,0.2857142857142857,,0.07692307692307693,
Chamaesiphon minutus,,,,,,,,,,,,,,0.1891891891891892,,,,,,0.125,,,,,,,,,,,
Chelativorans sp. BNC1,,0.0023752969121140144,,,,,,,,,,,,,,,,,,,,,,,,,,,,,
Chelatococcus daeguensis,0.0015337423312883436,,,,,,,,,,,,,,,,,,,,,,,,,,,,,,
Chelatococcus sp. CO-6,0.015337423312883436,,,0.005555555555555556,,,,,,,,,,,,,,,,,,,,,,,,,,,
Chitinophaga pinensis,0.0015337423312883436,,,,,,,,,,,,,,,,,,,,,,,,,,,,,,
Chitinophaga sp. H33E-04,,,0.005128205128205128,,,,,,,,,,,,,,,,,,,,,,,,,,,,
Chondrocystis sp. NIES-4102,0.029141104294478526,,0.005128205128205128,,,0.018018018018018018,,,,,,,,0.21621621621621623,,,,,,,,,,,,,,,,,
Chondromyces crocatus,0.007668711656441718,,0.05128205128205128,,,,,0.013513513513513514,,,,,,,,,,,,,,,,,,0.07142857142857142,,,,,0.08333333333333333
Choristoneura fumiferana granulovirus,,,,,0.013513513513513514,,,,,,,,,,,,,,,,,,,,,,,,,,
Christensenella minuta,,,,,,,0.010416666666666666,,,,,,,,,,,,,,,,,,,,,,,,
Chromobacterium sp. ATCC 53434,0.003067484662576687,,,,,,,,,,,,,,,,,,,,,,,,,,,,,,
Chromohalobacter salexigens,0.0015337423312883436,,,0.016666666666666666,,,,,,,,,,,,,,,,,,,,,,,,,,,
Chroococcidiopsis thermalis,0.2791411042944785,0.004750593824228029,0.12307692307692308,0.3888888888888889,,0.17117117117117117,0.03125,0.4594594594594595,0.015151515151515152,,0.11538461538461539,,,0.13513513513513514,,,,,,,0.0625,,,,0.21428571428571427,0.14285714285714285,0.35714285714285715,0.42857142857142855,,,
Chryseobacterium antarcticum,,0.13539192399049882,,,,,,,,,,0.058823529411764705,,,,,,,,,,,,,,,,,,0.07692307692307693,
Chryseobacterium arthrosphaerae,0.010736196319018405,0.004750593824228029,,,,,0.010416666666666666,,,,,0.0392156862745098,,,,,0.11764705882352941,0.1875,,,,,,,,,,,,0.23076923076923078,
Chryseobacterium balustinum,,0.004750593824228029,0.005128205128205128,,0.006756756756756757,0.036036036036036036,,,0.015151515151515152,,,0.0392156862745098,,0.1891891891891892,0.2222222222222222,,,0.375,,,,,,,,,,,,0.38461538461538464,
Chryseobacterium bernardetii,,0.0023752969121140144,,,,,,,,,,0.0392156862745098,,,,,0.11764705882352941,0.125,,,,,,,,,,,,0.3076923076923077,
Chryseobacterium camelliae,,0.0023752969121140144,0.020512820512820513,,,,,,,,,0.058823529411764705,,,,,0.058823529411764705,0.125,,,,,,,,,,,,0.3076923076923077,
Chryseobacterium carnipullorum,,0.009501187648456057,,,,,,,,,,0.0392156862745098,,,0.1388888888888889,,0.058823529411764705,0.25,,,,,,,,,,,,0.3076923076923077,
Chryseobacterium carnis,0.0015337423312883436,0.16389548693586697,,,,,,,,,,0.058823529411764705,,,0.027777777777777776,,,,,0.0625,,,,,,,,,,0.07692307692307693,
Chryseobacterium gallinarum,,0.004750593824228029,,,,,,,,,,0.0392156862745098,,,,,0.058823529411764705,0.125,,,,,,,,,,,,0.23076923076923078,
Chryseobacterium glaciei,,0.007125890736342043,,,,,,,,,,0.0392156862745098,,,0.05555555555555555,,0.058823529411764705,0.25,,,,,,,,,,,,0.3076923076923077,
Chryseobacterium gleum,0.007668711656441718,0.021377672209026127,0.015384615384615385,,,0.009009009009009009,0.052083333333333336,,0.015151515151515152,,,0.0784313725490196,,,0.08333333333333333,,0.11764705882352941,0.25,,,,,,,,,,,,0.3076923076923077,
Chryseobacterium haifense,0.02607361963190184,0.15201900237529692,0.005128205128205128,0.06111111111111111,0.04054054054054054,0.018018018018018018,,0.08108108108108109,0.25757575757575757,0.016666666666666666,0.019230769230769232,0.058823529411764705,0.09302325581395349,,0.5833333333333334,0.4117647058823529,,0.0625,0.375,0.0625,,,0.125,0.13333333333333333,,,,0.2857142857142857,,0.15384615384615385,0.08333333333333333
Chryseobacterium indologenes,0.004601226993865031,0.019002375296912115,,,,,,,0.015151515151515152,,,0.0392156862745098,,,0.08333333333333333,,0.11764705882352941,0.25,,,,,,,,,,,,0.3076923076923077,
Chryseobacterium indoltheticum,0.0015337423312883436,0.011876484560570071,0.005128205128205128,,0.0472972972972973,0.04504504504504504,,,0.030303030303030304,,,0.0392156862745098,,0.4594594594594595,0.8611111111111112,0.11764705882352941,0.058823529411764705,0.375,,,,,,,,,,,,0.38461538461538464,
Chryseobacterium jeonii,0.0015337423312883436,0.09501187648456057,,,,,,,,,,0.058823529411764705,,,,,,,,,,,,,,,,,,0.15384615384615385,
Chryseobacterium joostei,,0.0023752969121140144,,,,,,,,,,0.0196078431372549,,,,,0.058823529411764705,0.125,,,,,,,0.07142857142857142,,,,,0.23076923076923078,
Chryseobacterium lactis,,0.0023752969121140144,,,,,,,,,,0.0392156862745098,,,,,0.058823529411764705,0.1875,,,,,,,,,,,,0.23076923076923078,
Chryseobacterium nakagawai,,0.0023752969121140144,,,,,,,,,,,,,0.027777777777777776,,0.058823529411764705,0.0625,,,,,,,,,,,,0.07692307692307693,
Chryseobacterium piperi,,0.0023752969121140144,,,,,,,,,,0.0392156862745098,,,,,0.058823529411764705,0.125,,,,,,,,,,,,0.23076923076923078,
Chryseobacterium shandongense,,0.014251781472684086,0.010256410256410256,,,0.009009009009009009,,,0.015151515151515152,,,0.09803921568627451,,,0.1111111111111111,,0.058823529411764705,0.1875,,,,,,,,,,0.07142857142857142,,0.3076923076923077,
Chryseobacterium sp.,,0.0023752969121140144,,,,,,,,,,0.058823529411764705,,,,0.058823529411764705,,,,,,,,,,,,0.14285714285714285,,,
Chryseobacterium sp. 17S1E7,0.0015337423312883436,0.007125890736342043,,,,,,,,,,0.0392156862745098,,,,,0.11764705882352941,0.1875,,,,,0.0625,,,,,,,0.3076923076923077,
Chryseobacterium sp. 3008163,,0.009501187648456057,0.005128205128205128,,0.02027027027027027,0.018018018018018018,,,,,,0.0392156862745098,,0.40540540540540543,0.16666666666666666,,0.058823529411764705,0.375,,,,,,,,,,,,0.3076923076923077,
Chryseobacterium sp. 6424,,0.014251781472684086,,,,,0.010416666666666666,,,,,0.058823529411764705,,,,,,,,,,,,,,,,0.14285714285714285,,0.07692307692307693,
Chryseobacterium sp. F5649,0.018404907975460124,0.047505938242280284,0.020512820512820513,0.07222222222222222,0.006756756756756757,0.27927927927927926,0.10416666666666667,0.16216216216216217,0.22727272727272727,0.016666666666666666,0.11538461538461539,0.0784313725490196,0.023255813953488372,0.05405405405405406,0.3611111111111111,,,0.0625,,,,,0.1875,0.06666666666666667,,0.07142857142857142,,0.14285714285714285,,0.15384615384615385,
Chryseobacterium sp. G0162,,0.0023752969121140144,,,,,,,,,,,,,,,0.058823529411764705,0.0625,,,,,,,,,,,,0.15384615384615385,
Chryseobacterium sp. G0186,,0.0023752969121140144,,,,,,,,,,0.0392156862745098,,,,,0.058823529411764705,0.25,,,,,,,,,,,,0.3076923076923077,
Chryseobacterium sp. G0201,,0.009501187648456057,,,,,,,,,,0.0392156862745098,,,0.1388888888888889,,0.058823529411764705,0.3125,,,,,,,,,,,,0.3076923076923077,
Chryseobacterium sp. H3001,0.0015337423312883436,0.04513064133016627,,,,,,,,,,0.058823529411764705,0.09302325581395349,,0.027777777777777776,0.8823529411764706,,,,,,,,,,,,,,0.07692307692307693,
Chryseobacterium sp. H6466,0.02147239263803681,0.057007125890736345,0.020512820512820513,0.07222222222222222,0.006756756756756757,0.36936936936936937,0.10416666666666667,0.16216216216216217,0.22727272727272727,0.016666666666666666,0.11538461538461539,0.0392156862745098,0.046511627906976744,0.05405405405405406,0.3611111111111111,,,0.0625,0.0625,,0.0625,,0.1875,0.06666666666666667,,0.07142857142857142,,0.14285714285714285,,0.07692307692307693,
Chryseobacterium sp. IHB B 17019,,0.009501187648456057,0.005128205128205128,,,,,,,,,0.0392156862745098,,,,,0.058823529411764705,0.1875,,,,,,,,,,,,0.3076923076923077,
Chryseobacterium sp. NBC 122,,0.10688836104513064,,,,,,,,,,0.058823529411764705,,,,,,,,,,,,,,,,,,0.15384615384615385,
Chryseobacterium sp. NEB161,0.004601226993865031,0.019002375296912115,,0.005555555555555556,,0.02702702702702703,0.010416666666666666,0.05405405405405406,0.030303030303030304,0.016666666666666666,0.07692307692307693,0.058823529411764705,,,0.19444444444444445,,,0.0625,,,,,,,,,,0.14285714285714285,,0.23076923076923078,
Chryseobacterium sp. POL2,,0.004750593824228029,0.005128205128205128,,,,,0.013513513513513514,0.015151515151515152,,0.019230769230769232,0.0784313725490196,,,0.027777777777777776,,,,,,,,,,,,,,,0.07692307692307693,
Chryseobacterium sp. SNU WT5,,0.1021377672209026,,,,,,,,,,0.058823529411764705,,,,,,,,,,,,,,,,,,0.07692307692307693,
Chryseobacterium sp. StRB126,,0.0023752969121140144,,,,,,,,,,0.0392156862745098,,,,,0.058823529411764705,0.125,,,,,,,,,,,,0.3076923076923077,
Chryseobacterium sp. T16E-39,,0.0023752969121140144,,,,,,,,,,0.0392156862745098,,,0.08333333333333333,,0.058823529411764705,0.125,,,,,,,,,,,,0.3076923076923077,
Chryseobacterium taklimakanense,0.24079754601226994,0.023752969121140142,0.06153846153846154,0.03333333333333333,,0.009009009009009009,,0.17567567567567569,0.07575757575757576,,0.17307692307692307,0.0784313725490196,0.023255813953488372,,,,,,,,,,,0.06666666666666667,,,,0.2857142857142857,,0.15384615384615385,
Citrobacter amalonaticus,0.0015337423312883436,,0.010256410256410256,,,,,,,,,,,,,,,,,,,,,,,,,,,,
Citrobacter braakii,,,,,0.006756756756756757,0.009009009009009009,,,,,,,,,,,,,,,,,,,,,,,,,
Citrobacter farmeri,,,0.010256410256410256,,,,,0.013513513513513514,,,0.019230769230769232,,,,,,,,,,,,,,,,,,,,
Citrobacter freundii,,0.004750593824228029,0.02564102564102564,,0.013513513513513514,0.009009009009009009,,0.013513513513513514,0.015151515151515152,,0.019230769230769232,0.0392156862745098,,,,,0.058823529411764705,0.125,0.0625,,,,,,,,,,,,
Citrobacter freundii complex sp. CFNIH4,,,,,,,,,,,,0.0196078431372549,,,,,,,,,,,,,,,,,,,
Citrobacter koseri,,,0.010256410256410256,,,,,,,,,,,,,,,,,,,,,,,,,,,,
Citrobacter portucalensis,,0.0023752969121140144,0.010256410256410256,,,,,,,,,0.0196078431372549,,,,,,,,,,,,,,,,,,,
Citrobacter rodentium,,,0.010256410256410256,,,,,,,,,0.0196078431372549,,,,,0.17647058823529413,0.125,,,,,,,,,,,,,
Citrobacter sp. CF971,,,,,,,,,,,,0.0196078431372549,,,,,,,,,,,,,,,,,,,
Citrobacter sp. CFNIH10,0.0015337423312883436,,,,,,,,,,,,,,,,,,,,,,,,,,,,,,
Citrobacter sp. CRE-46,,,0.010256410256410256,,,,,,,,,,,,,,,,,,,,,,,,,,,,
Citrobacter sp. LY-1,,,0.010256410256410256,,,,,,,,,0.0196078431372549,,,,,,,,,,,,,,,,,,,
Citrobacter sp. NMI7904_11,0.0015337423312883436,,0.005128205128205128,,,,,,,,,,,,,,,,,,,,,,,,,,,,
Citrobacter sp. SNU WT2,,,0.010256410256410256,,,,,,,,,,,,,,,,,,,,,,,,,,,,
Citrobacter sp. TBCP-5362,,,,,,,,,,,,0.0196078431372549,,,,,,,,,,,,,,,,,,,
Citrobacter werkmanii,,,0.02564102564102564,,,,,,,,,0.0392156862745098,,,,,,,,,,,,,,,,,0.07692307692307693,,
Citromicrobium sp. JL477,0.07208588957055215,,0.015384615384615385,0.005555555555555556,,,,,,,,0.0196078431372549,,,,,,,,,,,,,,,,,,,
Cladosporium fulvum T-1 virus,0.006134969325153374,,,,,,,0.02702702702702703,,,,,,,,,,,,,,,,,,,,,,,
Clavibacter michiganensis,0.15950920245398773,0.6104513064133017,0.26666666666666666,0.4111111111111111,0.24324324324324326,0.12612612612612611,0.010416666666666666,0.43243243243243246,0.19696969696969696,0.06666666666666667,0.6538461538461539,,0.5813953488372093,0.3783783783783784,0.5555555555555556,0.5882352941176471,,,0.75,1.0,0.4375,1.0,0.4375,0.6666666666666666,0.42857142857142855,0.35714285714285715,0.35714285714285715,0.42857142857142855,0.6923076923076923,,0.08333333333333333
Cloacibacterium normanense,0.010736196319018405,0.0023752969121140144,0.035897435897435895,0.005555555555555556,0.04054054054054054,0.04504504504504504,0.3229166666666667,0.04054054054054054,0.3181818181818182,,0.038461538461538464,0.0392156862745098,,0.05405405405405406,0.027777777777777776,0.058823529411764705,,,,,0.0625,,,,,0.07142857142857142,,0.5,,0.07692307692307693,
Clostridiaceae bacterium 14S0207,,,,,,,,,,,,,,0.02702702702702703,,,0.058823529411764705,,,,,,,,,,,,,,
Clostridiales bacterium CCNA10,,,0.010256410256410256,0.005555555555555556,,,,,,,,,,,,,0.058823529411764705,,,,,,,,0.07142857142857142,,,,,,
Clostridioides difficile,,,0.010256410256410256,,,0.05405405405405406,,,,,,,,0.2702702702702703,,,0.058823529411764705,,,,,,,,,,,,,,
Clostridium acetobutylicum,,,0.005128205128205128,,,,,,,,,,,,,,0.058823529411764705,,,,,,,,,,,,,,
Clostridium argentinense,,0.007125890736342043,0.08717948717948718,,,,,,,,,0.058823529411764705,,0.1891891891891892,,,0.5882352941176471,,,,,,,,,,,,,,
Clostridium baratii,,,0.010256410256410256,,,,,,,,,,,,,,0.058823529411764705,,,,,,,,,,,,,,
Clostridium beijerinckii,,,0.015384615384615385,,,0.05405405405405406,,,,,,,,0.13513513513513514,,,0.058823529411764705,0.0625,,,,,,,,,,,,0.07692307692307693,
Clostridium bornimense,,,0.010256410256410256,,,,,,,,,,,,,,0.058823529411764705,,,,,,,,,,,,,,
Clostridium botulinum,0.007668711656441718,0.04513064133016627,0.3282051282051282,0.11666666666666667,0.1891891891891892,0.40540540540540543,0.16666666666666666,0.10810810810810811,0.3939393939393939,,0.057692307692307696,0.19607843137254902,0.23255813953488372,0.6216216216216216,0.2222222222222222,0.058823529411764705,0.8823529411764706,,0.3125,0.0625,0.375,0.125,0.0625,,,,,,,,
Clostridium butyricum,,,0.010256410256410256,,,0.02702702702702703,,,,,,,,0.10810810810810811,,,0.058823529411764705,,,,,,,,,,,,,,
Clostridium carboxidivorans,,,0.010256410256410256,,,,,,,,,,,,,,0.058823529411764705,,,,,,,,,,,,,,
Clostridium cellulovorans,,,0.010256410256410256,,,,,,,,,,,,,,0.058823529411764705,,,,,,,,,,,,,,
Clostridium chauvoei,,,0.005128205128205128,,,,,,,,,,,,,,0.058823529411764705,,,,,,,,,,,,,,
Clostridium diolis,,,,,,,,,,,,,,,,,,,,,,,,,,,,,,0.07692307692307693,
Clostridium drakei,,,0.005128205128205128,,,,,,,,,,,,,,,,,,,,,,,,,,,,
Clostridium estertheticum,,,0.010256410256410256,,,,,,,,,,,,,,0.058823529411764705,,,,,,,,,,,,,,
Clostridium isatidis,,,0.005128205128205128,,,,,,,,,,,,,,0.058823529411764705,,,,,,,,,,,,,,
Clostridium kluyveri,,,0.015384615384615385,,,,,,,,,,,,,,0.11764705882352941,,,,,,,,,,,,,,
Clostridium novyi,,,0.010256410256410256,,,,,,,,,,,,,,0.058823529411764705,,,,,,,,,,,,,,
Clostridium pasteurianum,,,0.020512820512820513,,,0.018018018018018018,,,,,,,,0.21621621621621623,,,0.11764705882352941,,,,,,,,,,,,,,
Clostridium perfringens,,0.007125890736342043,0.07179487179487179,0.005555555555555556,0.006756756756756757,0.15315315315315314,,,0.045454545454545456,,,0.0392156862745098,,0.2702702702702703,,0.4117647058823529,0.7058823529411765,,,,,0.0625,,,,,,,,0.07692307692307693,
Clostridium saccharobutylicum,,,0.010256410256410256,,,,,,,,,,,,,,0.058823529411764705,,,,,,,,,,,,,,
Clostridium saccharoperbutylacetonicum,,,0.010256410256410256,,0.006756756756756757,0.009009009009009009,,,,,,,,0.13513513513513514,,,0.058823529411764705,,,,,,,,,,,,,,
Clostridium scatologenes,,,0.005128205128205128,,,,,,,,,,,0.02702702702702703,,,,,,,,,,,,,,,,,
Clostridium septicum,,,0.015384615384615385,,,,,,,,,,,,,,0.058823529411764705,,,,,,,,,,,,,,
Clostridium sp. AWRP,,,0.005128205128205128,,,,,,,,,,,0.10810810810810811,,,,,,,,,,,,,,,,,
Clostridium sp. CT4,,,0.015384615384615385,0.005555555555555556,,,,,,,,,,,,,0.11764705882352941,,,,,,,,,,,,,,
Clostridium sp. DL-VIII,,,0.010256410256410256,,,,,,,,,,,0.10810810810810811,,,0.058823529411764705,,,,,,,,,,,,,0.07692307692307693,
Clostridium sp. JN-1,,,0.010256410256410256,,,,,,,,,,,,,,,,,,,,,,,,,,,,
Clostridium sp. JN-9,,,0.010256410256410256,,,,,,,,,,,,,,0.058823529411764705,,,,,,,,,,,,,,
Clostridium sp. JN500901,,,0.005128205128205128,,,,,,,,,,,,,,,,,,,,,,,,,,,,
Clostridium sp. MF28,,,,,,,,,,,,,,,,,,,,,,,,,,,,,,0.07692307692307693,
Clostridium sp. SYSU GA15002T,,,0.005128205128205128,,,,0.010416666666666666,,,,,,,,,,0.058823529411764705,,,,,,,,,,,,,,
Clostridium sporogenes,,,0.005128205128205128,,,,,,,,,0.0196078431372549,,,,,,,,,,,,,,,,,,,
Clostridium taeniosporum,,,0.005128205128205128,,,,,,,,,,,0.13513513513513514,,,0.058823529411764705,,,,,,,,,,,,,,
Clostridium tetani,0.0015337423312883436,0.009501187648456057,0.015384615384615385,0.005555555555555556,,0.009009009009009009,,0.013513513513513514,0.015151515151515152,,0.038461538461538464,,0.023255813953488372,0.32432432432432434,,,0.11764705882352941,,,,,,,,,,,,0.07692307692307693,,
Clostridium tyrobutyricum,,,0.005128205128205128,,,0.009009009009009009,,,,,,,,,,,,,,,,,,,,,,,,,
Cnuibacter physcomitrellae,0.0015337423312883436,,,,,,,,,,,,,,,,,,,,,,,,,,,,,,
Cobetia marina,0.0015337423312883436,,,0.005555555555555556,,,,,,,,,,,,,,,,,,,,,,,,,,,
Colletotrichum higginsianum,0.13803680981595093,0.007125890736342043,0.21025641025641026,0.2,0.006756756756756757,0.36036036036036034,,0.17567567567567569,0.06060606060606061,0.03333333333333333,0.11538461538461539,0.0196078431372549,,0.21621621621621623,0.027777777777777776,0.058823529411764705,,0.0625,,,0.0625,0.125,,0.06666666666666667,,0.07142857142857142,0.07142857142857142,0.14285714285714285,,0.07692307692307693,
Collimonas arenae,,,,,,,,,,,,,,,,,,,,,,,,,,,,,,0.07692307692307693,
Collimonas fungivorans,,,,,,,,,,,,,,,,,,,,,,,,,,,,,,0.07692307692307693,
Collimonas pratensis,,,,,,,,,,,,,,,,,,,,,,,,,,,,,,0.07692307692307693,
Collinsella aerofaciens,0.010736196319018405,0.007125890736342043,0.07179487179487179,0.03333333333333333,0.02027027027027027,0.036036036036036036,,0.013513513513513514,,,0.07692307692307693,,0.023255813953488372,0.08108108108108109,,,,,,0.0625,0.0625,0.0625,0.125,0.06666666666666667,0.14285714285714285,,,0.07142857142857142,,,0.08333333333333333
Comamonas aquatica,0.15030674846625766,0.07125890736342043,0.47692307692307695,0.13333333333333333,0.2635135135135135,0.06306306306306306,0.125,0.1891891891891892,0.21212121212121213,0.11666666666666667,0.09615384615384616,0.0196078431372549,0.046511627906976744,0.02702702702702703,0.08333333333333333,0.11764705882352941,,,0.5625,0.0625,0.625,,0.3125,0.3333333333333333,,,0.7857142857142857,0.35714285714285715,0.15384615384615385,,0.3333333333333333
Comamonas kerstersii,0.009202453987730062,,0.06153846153846154,,0.013513513513513514,0.009009009009009009,,,,,,,,,,,,,,0.0625,,,,,,,,,,,
Comamonas serinivorans,,,0.020512820512820513,,,,,,,,,,,,,,,,,,,,,,,,,,,,
Comamonas sp. NLF-7-7,,,0.010256410256410256,,,,,,,,,,,,,,,,,,,,,,,,,,,,
Comamonas testosteroni,0.13957055214723926,0.007125890736342043,0.12307692307692308,0.09444444444444444,0.13513513513513514,0.04504504504504504,0.10416666666666667,0.05405405405405406,0.030303030303030304,0.06666666666666667,0.038461538461538464,,0.023255813953488372,0.02702702702702703,0.08333333333333333,0.058823529411764705,,,,0.0625,,,0.125,0.13333333333333333,,0.5714285714285714,,,0.15384615384615385,,0.08333333333333333
Comamonas thiooxydans,0.0015337423312883436,0.004750593824228029,0.020512820512820513,,,,0.020833333333333332,0.013513513513513514,,,,,,0.02702702702702703,,,,,,,,,,,,,,,,,
Conexibacter woesei,0.10429447852760736,0.1187648456057007,0.2358974358974359,0.20555555555555555,0.02027027027027027,0.036036036036036036,,0.17567567567567569,0.2727272727272727,0.05,0.25,,0.18604651162790697,0.1891891891891892,0.4444444444444444,,,,,0.125,0.3125,0.875,0.0625,0.06666666666666667,0.35714285714285715,0.21428571428571427,0.2857142857142857,0.14285714285714285,0.46153846153846156,,0.08333333333333333
Confluentimicrobium sp. EMB200-NS6,0.015337423312883436,,,,,,,0.02702702702702703,,,,,,,,,,,,,,,,,,,,,,,
Corallococcus coralloides,0.02607361963190184,0.0332541567695962,0.24102564102564103,0.06111111111111111,0.013513513513513514,0.036036036036036036,,,0.09090909090909091,0.03333333333333333,0.038461538461538464,,0.09302325581395349,0.02702702702702703,,0.058823529411764705,,,,,,0.5,0.0625,,,0.07142857142857142,0.14285714285714285,0.14285714285714285,0.15384615384615385,,
Corallococcus macrosporus,0.007668711656441718,,0.041025641025641026,,,0.009009009009009009,,,0.015151515151515152,,,,,,,,,,,,,,,,,,,,,,
Corynebacteriaceae bacterium 'ARUP UnID 227',0.0015337423312883436,0.0023752969121140144,0.005128205128205128,0.005555555555555556,0.02027027027027027,,,,0.015151515151515152,,,,,,,,,,,,,,,,,,,,,,
Corynebacterium ammoniagenes,0.019938650306748466,0.07125890736342043,,,,0.009009009009009009,,,,,,,,,,,,,,,,,0.125,,0.07142857142857142,,,,,,
Corynebacterium argentoratense,,,0.005128205128205128,0.011111111111111112,,,,0.04054054054054054,,,,,,,,,,,,,,,,,,,,,,,
Corynebacterium atypicum,,0.004750593824228029,,,,,,,,,,,,,0.027777777777777776,,,,,,,,,,,,,,,,
Corynebacterium aurimucosum,0.15184049079754602,0.29691211401425177,0.1076923076923077,0.31666666666666665,0.5135135135135135,0.4954954954954955,0.010416666666666666,0.21621621621621623,0.13636363636363635,0.06666666666666667,0.21153846153846154,,0.20930232558139536,0.10810810810810811,0.3611111111111111,,,,0.5,0.1875,0.4375,,0.6875,0.7333333333333333,0.7142857142857143,0.14285714285714285,0.07142857142857142,,0.15384615384615385,,0.75
Corynebacterium callunae,,,,,0.02027027027027027,,,0.013513513513513514,,,0.019230769230769232,,0.023255813953488372,,0.08333333333333333,,,,,,,0.0625,0.0625,,,,,,,,
Corynebacterium camporealensis,0.05368098159509203,0.0023752969121140144,0.005128205128205128,,0.0472972972972973,0.036036036036036036,,,,,,,,,0.027777777777777776,,,,,,,,,,0.14285714285714285,,,,,,
Corynebacterium casei,0.0352760736196319,0.007125890736342043,0.03076923076923077,0.011111111111111112,0.02027027027027027,0.02702702702702703,,0.013513513513513514,0.015151515151515152,,,,0.023255813953488372,,0.027777777777777776,,,,,0.0625,,,,0.06666666666666667,0.07142857142857142,,,0.14285714285714285,,,
Corynebacterium cystitidis,0.003067484662576687,,,,,,,,,,,,,,,,,,,,,,,,,,,,,,
Corynebacterium diphtheriae,0.03067484662576687,0.0023752969121140144,,,0.013513513513513514,,,,,,,0.0196078431372549,,,,,,,,,,,,,0.14285714285714285,,,,,,
Corynebacterium doosanense,0.03680981595092025,0.007125890736342043,,0.011111111111111112,0.006756756756756757,0.018018018018018018,,,0.015151515151515152,,,,,,,,,,,,0.125,,0.0625,,0.07142857142857142,,,,,,
Corynebacterium efficiens,0.0015337423312883436,0.014251781472684086,0.03076923076923077,0.005555555555555556,0.14189189189189189,0.04504504504504504,,,0.06060606060606061,,,,0.023255813953488372,0.08108108108108109,,0.17647058823529413,,,,,,0.125,0.0625,,,,,,,,0.08333333333333333
Corynebacterium endometrii,0.03374233128834356,0.0023752969121140144,0.005128205128205128,,0.013513513513513514,,,,,,,,,,,,,,,,,,,,0.07142857142857142,,,,,,
Corynebacterium epidermidicanis,0.0015337423312883436,,,,,,,,,,,,,,,,,,,,,,,,,,,,,,
Corynebacterium flavescens,0.049079754601226995,0.09738717339667459,0.010256410256410256,0.011111111111111112,0.02027027027027027,0.009009009009009009,,0.013513513513513514,,,,,,,0.027777777777777776,,,,,0.0625,,0.0625,,,0.14285714285714285,,,,,,
Corynebacterium frankenforstense,0.009202453987730062,0.0023752969121140144,0.005128205128205128,,0.013513513513513514,,,,0.015151515151515152,,,,,,,,,,,,,,,,,,,,,,
Corynebacterium genitalium,0.05828220858895705,0.21140142517814728,0.15897435897435896,0.2777777777777778,0.3918918918918919,0.1981981981981982,,0.17567567567567569,0.2878787878787879,,0.15384615384615385,,0.11627906976744186,0.16216216216216217,0.2777777777777778,,,,0.4375,0.25,0.4375,,0.625,0.7333333333333333,0.07142857142857142,0.07142857142857142,,,0.38461538461538464,,0.6666666666666666
Corynebacterium glaucum,0.04447852760736196,0.047505938242280284,0.07692307692307693,0.15,0.1554054054054054,0.02702702702702703,,0.06756756756756757,0.12121212121212122,,0.09615384615384616,,0.023255813953488372,,0.05555555555555555,,,,0.375,0.0625,0.1875,,0.0625,0.4,,0.07142857142857142,,,,,0.5
Corynebacterium glutamicum,,0.1187648456057007,,,,0.02702702702702703,,,,,,,,,,,0.058823529411764705,,,,,,,,,,,,,,
Corynebacterium glyciniphilum,0.0015337423312883436,0.004750593824228029,0.005128205128205128,0.011111111111111112,0.006756756756756757,0.009009009009009009,,,,,,,,,,,,,,,,,,,0.07142857142857142,,,,,,
Corynebacterium halotolerans,0.012269938650306749,0.026128266033254157,0.015384615384615385,,0.013513513513513514,,,,0.2878787878787879,,,,,,,,,,,,,,,,,,,,,,
Corynebacterium humireducens,0.006134969325153374,0.0023752969121140144,0.010256410256410256,,0.013513513513513514,0.036036036036036036,,,0.015151515151515152,,,,,,,,,,,,,0.0625,,,,,,,,,
Corynebacterium imitans,0.04754601226993865,0.3016627078384798,0.07179487179487179,0.3388888888888889,0.47297297297297297,0.2972972972972973,0.020833333333333332,0.20270270270270271,0.18181818181818182,0.06666666666666667,0.17307692307692307,,0.16279069767441862,0.16216216216216217,0.3611111111111111,0.058823529411764705,,,0.5625,0.1875,0.3125,0.0625,0.625,0.7333333333333333,0.35714285714285715,0.07142857142857142,0.07142857142857142,,0.23076923076923078,,0.8333333333333334
Corynebacterium jeikeium,0.18098159509202455,0.40617577197149646,0.24102564102564103,0.4111111111111111,0.6148648648648649,0.5225225225225225,0.041666666666666664,0.3783783783783784,0.2878787878787879,0.03333333333333333,0.2692307692307692,,0.27906976744186046,0.13513513513513514,0.4444444444444444,0.29411764705882354,,,0.875,0.3125,0.375,0.0625,0.75,0.6666666666666666,0.6428571428571429,0.21428571428571427,0.07142857142857142,0.14285714285714285,0.23076923076923078,,0.8333333333333334
Corynebacterium kroppenstedtii,0.018404907975460124,0.3254156769596199,,0.2777777777777778,0.5405405405405406,0.36936936936936937,0.21875,0.13513513513513514,0.10606060606060606,0.016666666666666666,0.1346153846153846,,0.23255813953488372,0.32432432432432434,0.6111111111111112,0.29411764705882354,,,0.625,0.5,0.4375,0.0625,0.5,0.6,,,,,0.23076923076923078,,0.3333333333333333
Corynebacterium marinum,0.004601226993865031,0.007125890736342043,0.005128205128205128,,0.013513513513513514,0.009009009009009009,,,0.015151515151515152,,,,0.023255813953488372,0.10810810810810811,,,,,,,,0.0625,,,,,,,,,
Corynebacterium maris,0.007668711656441718,,0.010256410256410256,,0.013513513513513514,,,,0.5606060606060606,,,,0.023255813953488372,0.21621621621621623,,,,,,,0.0625,0.0625,,,0.07142857142857142,,,,,,
Corynebacterium matruchotii,0.1549079754601227,0.1543942992874109,0.041025641025641026,0.32222222222222224,0.46621621621621623,0.5225225225225225,0.13541666666666666,0.33783783783783783,0.25757575757575757,,0.23076923076923078,,0.2558139534883721,0.10810810810810811,0.4722222222222222,,,,0.5625,0.125,0.625,,0.6875,0.4,0.5,0.07142857142857142,0.07142857142857142,0.21428571428571427,,,0.5
Corynebacterium minutissimum,0.12269938650306748,0.2826603325415677,0.2153846153846154,0.29444444444444445,0.4864864864864865,0.40540540540540543,0.07291666666666667,0.20270270270270271,0.3181818181818182,0.03333333333333333,0.17307692307692307,,0.18604651162790697,0.1891891891891892,0.3333333333333333,,,,0.625,0.1875,0.375,,0.625,0.7333333333333333,0.42857142857142855,0.14285714285714285,,,0.3076923076923077,,0.75
Corynebacterium mycetoides,0.03067484662576687,0.019002375296912115,0.02564102564102564,0.03333333333333333,0.10135135135135136,,,0.04054054054054054,0.18181818181818182,,0.019230769230769232,,,,0.027777777777777776,,,,0.0625,,0.125,,,0.06666666666666667,,,0.07142857142857142,,,,0.08333333333333333
Corynebacterium nuruki,,0.004750593824228029,0.005128205128205128,,,0.009009009009009009,,,,,,,,,,,,,,,,,,,,,,,,,
Corynebacterium phocae,0.023006134969325152,,,,0.006756756756756757,,,,,,,,,,,,,,,,,,,,,,,,,,
Corynebacterium provencense,,0.0023752969121140144,0.005128205128205128,0.005555555555555556,,,,,,,,0.0196078431372549,,,,,,,,,,,,0.06666666666666667,,,,,,,
Corynebacterium resistens,0.05521472392638037,,,0.011111111111111112,0.006756756756756757,0.009009009009009009,,0.02702702702702703,0.030303030303030304,,0.019230769230769232,,,,,,,,,,,,,,0.07142857142857142,,,,,,
Corynebacterium riegelii,0.03374233128834356,0.05938242280285035,0.020512820512820513,0.15555555555555556,0.16216216216216217,0.06306306306306306,,0.05405405405405406,0.06060606060606061,,0.038461538461538464,,0.023255813953488372,,0.05555555555555555,0.11764705882352941,,,0.0625,0.0625,0.0625,,0.375,0.13333333333333333,0.07142857142857142,,,,0.07692307692307693,,0.3333333333333333
Corynebacterium sanguinis,0.27300613496932513,0.10451306413301663,0.08717948717948718,0.2722222222222222,0.16216216216216217,0.009009009009009009,,0.22972972972972974,0.2727272727272727,0.1,0.15384615384615385,,0.2558139534883721,0.08108108108108109,0.1111111111111111,0.058823529411764705,,,0.25,,0.3125,,0.625,0.4,0.14285714285714285,,0.42857142857142855,,,,0.5
Corynebacterium segmentosum,0.6549079754601227,0.5296912114014252,0.3282051282051282,0.5444444444444444,0.7027027027027027,0.6936936936936937,0.3541666666666667,0.581081081081081,0.3939393939393939,0.2833333333333333,0.3269230769230769,,0.627906976744186,0.32432432432432434,0.7222222222222222,0.47058823529411764,,,0.875,0.625,0.625,0.125,0.875,0.8666666666666667,1.0,0.14285714285714285,0.5,0.21428571428571427,0.38461538461538464,,0.8333333333333334
Corynebacterium simulans,0.26533742331288346,0.166270783847981,0.041025641025641026,0.2222222222222222,0.28378378378378377,0.1981981981981982,0.010416666666666666,0.20270270270270271,0.19696969696969696,0.03333333333333333,0.1346153846153846,,0.046511627906976744,0.05405405405405406,0.1388888888888889,,,,0.25,,0.375,,0.4375,0.3333333333333333,0.9285714285714286,0.14285714285714285,0.14285714285714285,,0.07692307692307693,,0.25
Corynebacterium singulare,0.15337423312883436,0.3159144893111639,0.07692307692307693,0.3333333333333333,0.5540540540540541,0.44144144144144143,0.07291666666666667,0.20270270270270271,0.22727272727272727,0.11666666666666667,0.15384615384615385,,0.2558139534883721,0.08108108108108109,0.4444444444444444,,,,0.6875,0.125,0.1875,,0.8125,0.8,1.0,0.14285714285714285,0.07142857142857142,,0.23076923076923078,,0.75
Corynebacterium sp. 2019,0.003067484662576687,,0.005128205128205128,,0.006756756756756757,,,,,,,,,,,,,,,,,0.0625,,,,,,,,,
Corynebacterium sp. 2039,0.006134969325153374,,,,,,,,,,,,,,,,,,,,,,,,,,,,,,
Corynebacterium sp. 2183,0.012269938650306749,,,,0.006756756756756757,,,,0.015151515151515152,,,,,,,,,,,,,,,,,,,,,,
Corynebacterium sp. 2184,0.012269938650306749,0.0023752969121140144,0.010256410256410256,,0.033783783783783786,,,,0.015151515151515152,,,,,,,,,,,,,,,,,,,,,,
Corynebacterium sp. ATCC 6931,0.006134969325153374,0.035629453681710214,0.010256410256410256,0.07222222222222222,0.11486486486486487,0.07207207207207207,,0.04054054054054054,0.030303030303030304,,0.038461538461538464,,,0.02702702702702703,0.05555555555555555,,,,,0.0625,,,0.125,0.06666666666666667,0.14285714285714285,,,,,,0.08333333333333333
Corynebacterium sp. LMM-1652,0.11042944785276074,0.0023752969121140144,0.005128205128205128,0.011111111111111112,,,,,0.015151515151515152,,,,,,,,,,,,,,,,,,,0.14285714285714285,,,
Corynebacterium sp. NML98-0116,0.02147239263803681,0.026128266033254157,0.015384615384615385,0.08888888888888889,0.12162162162162163,,,0.02702702702702703,0.045454545454545456,,0.019230769230769232,,,,0.05555555555555555,,,,0.0625,,0.125,,0.0625,,,,,,,,0.08333333333333333
Corynebacterium stationis,0.024539877300613498,0.014251781472684086,0.035897435897435895,0.011111111111111112,,0.05405405405405406,,,0.045454545454545456,,,,0.023255813953488372,,0.027777777777777776,,,,,,0.0625,0.0625,,,,,,,,,
Corynebacterium striatum,0.18711656441717792,0.1828978622327791,0.035897435897435895,0.24444444444444444,0.3108108108108108,0.25225225225225223,0.010416666666666666,0.13513513513513514,0.18181818181818182,0.03333333333333333,0.11538461538461539,,0.046511627906976744,0.02702702702702703,0.19444444444444445,,,,0.25,,0.25,,0.3125,0.3333333333333333,0.8571428571428571,0.14285714285714285,0.07142857142857142,0.07142857142857142,,,0.25
Corynebacterium terpenotabidum,,0.007125890736342043,0.005128205128205128,,,,,,,,,,,,,,,,,,,,,,,,,,,,
Corynebacterium testudinoris,0.018404907975460124,,,,,,,,,,,,,,,,,,,0.0625,,,,,,,,,,,
Corynebacterium timonense,0.023006134969325152,0.009501187648456057,0.015384615384615385,0.016666666666666666,0.08783783783783784,0.018018018018018018,,0.013513513513513514,0.06060606060606061,,,,,,,,,,,,0.0625,,,,,,,,,,
Corynebacterium ulcerans,0.0015337423312883436,,,,,0.009009009009009009,,,,,,,,,,,,,,,,,,,,,,,,,
Corynebacterium urealyticum,0.05674846625766871,0.014251781472684086,0.010256410256410256,0.18333333333333332,0.16891891891891891,0.04504504504504504,0.010416666666666666,0.06756756756756757,0.06060606060606061,0.016666666666666666,0.07692307692307693,,0.023255813953488372,,0.027777777777777776,,,,0.0625,0.125,,,0.3125,0.06666666666666667,0.07142857142857142,0.07142857142857142,,0.14285714285714285,0.07692307692307693,,0.25
Corynebacterium ureicelerivorans,0.3067484662576687,0.5985748218527316,0.26666666666666666,0.5722222222222222,0.722972972972973,0.5675675675675675,0.25,0.5540540540540541,0.5151515151515151,0.21666666666666667,0.4423076923076923,0.0196078431372549,0.7209302325581395,0.8918918918918919,0.6944444444444444,0.058823529411764705,,,1.0,0.75,0.75,0.1875,0.9375,0.8666666666666667,0.8571428571428571,0.21428571428571427,0.7142857142857143,0.07142857142857142,0.6923076923076923,,1.0
Corynebacterium uterequi,0.007668711656441718,,,,,,,,,,,,,,,,,,,,,,,,,,,,,,
Corynebacterium variabile,0.07668711656441718,0.22565320665083136,0.05128205128205128,0.09444444444444444,0.20270270270270271,0.06306306306306306,,0.06756756756756757,0.015151515151515152,0.03333333333333333,0.019230769230769232,,,0.05405405405405406,0.027777777777777776,0.058823529411764705,,,0.0625,0.125,,0.0625,,,0.21428571428571427,,0.14285714285714285,0.2857142857142857,0.23076923076923078,,
Corynebacterium vitaeruminis,0.018404907975460124,,0.005128205128205128,0.011111111111111112,0.013513513513513514,,,,0.015151515151515152,,,,,,,,,,,,,,,,,,,,,,
Corynebacterium xerosis,0.013803680981595092,0.1496437054631829,0.36923076923076925,0.34444444444444444,0.14864864864864866,0.23423423423423423,,0.20270270270270271,0.10606060606060606,,0.19230769230769232,,0.06976744186046512,0.32432432432432434,0.05555555555555555,,,,0.125,0.125,0.125,0.125,0.5625,0.4,,0.07142857142857142,0.21428571428571427,0.35714285714285715,0.23076923076923078,,0.4166666666666667
Crinalium epipsammum,0.029141104294478526,,,0.005555555555555556,,0.036036036036036036,,,,,,,,,,,,,,,,,,,,,,,,,
Croceicoccus marinus,0.06901840490797546,,0.010256410256410256,0.011111111111111112,,,,,,,,0.0196078431372549,,,,,,,,,,,,,,,,,,,
Croceicoccus naphthovorans,0.027607361963190184,,0.010256410256410256,,,,,,,,,0.0196078431372549,,,,,,,,,,,,,,,,,,,
Crocosphaera subtropica,0.010736196319018405,,,,,,,,,,,,,0.24324324324324326,,,,,,,,,,,,,,,,,
Cronobacter condimenti,,,0.020512820512820513,,,,,,,,,0.0392156862745098,,,,,0.23529411764705882,,,,,,,,,,,,,,
Cronobacter dublinensis,,,0.03076923076923077,,,,,,0.015151515151515152,,,0.058823529411764705,,,,,0.23529411764705882,,,,,,,,,,,,,,
Cronobacter malonaticus,0.0015337423312883436,,0.005128205128205128,0.022222222222222223,0.006756756756756757,,,,,,,,,,,,0.058823529411764705,,,,,,,,,,,,,,
Cronobacter muytjensii,,,0.005128205128205128,,,,,,,,,,,,,,0.058823529411764705,,,,,,,,,,,,,,
Cronobacter sakazakii,,,0.046153846153846156,0.027777777777777776,0.02027027027027027,,,,0.015151515151515152,,,0.058823529411764705,,,,,0.35294117647058826,0.125,,,,,,,,,,,,0.07692307692307693,
Cronobacter sp. JZ38,,,0.005128205128205128,,,,,,,,,,,,,,0.058823529411764705,,,,,,,,,,,,,,
Cronobacter turicensis,,,0.010256410256410256,,0.006756756756756757,,,,,,,0.058823529411764705,,,,,0.17647058823529413,,,,,,,,,,,,,,
Cronobacter universalis,,,0.010256410256410256,,0.006756756756756757,,,,,,,0.0196078431372549,,,,,0.17647058823529413,,,,,,,,,,,,,,
Cryobacterium arcticum,0.009202453987730062,,,,,,,,,,,,,,,,,,,,,,,,,,,,,,
Cryobacterium sp. GCJ02,0.0015337423312883436,,,,,,,,,,,,,,,,,,,,,,,,,,,,,,
Cryobacterium sp. LW097,0.0015337423312883436,,,0.027777777777777776,,,,0.02702702702702703,,,0.019230769230769232,,0.20930232558139536,,,,,,,,,,0.0625,,,,,,0.15384615384615385,,
Cryptococcus gattii VGI,0.0015337423312883436,,0.005128205128205128,0.016666666666666666,,0.02702702702702703,,0.02702702702702703,,,0.019230769230769232,,,,,,,,,,,,,,,,,,,,
Cryptococcus neoformans,0.009202453987730062,0.09263657957244656,0.015384615384615385,0.027777777777777776,,0.11711711711711711,0.041666666666666664,0.04054054054054054,0.015151515151515152,,0.019230769230769232,0.0196078431372549,,0.08108108108108109,,,,,,,,,,,,0.07142857142857142,,,,0.07692307692307693,
Cryptomonas paramecium,,,,,,,,0.013513513513513514,,,0.019230769230769232,,,0.21621621621621623,,,,,,,,,,,,,,,,,
Cryptosporidium parvum,,0.0023752969121140144,,,,,,,,,,,0.023255813953488372,0.35135135135135137,,,,,,,,,,,,,,,,,
Cupriavidus basilensis,0.17177914110429449,,0.020512820512820513,0.10555555555555556,,,0.020833333333333332,0.12162162162162163,0.030303030303030304,0.08333333333333333,0.07692307692307693,,0.023255813953488372,,,,,,,,,,,0.13333333333333333,,0.6428571428571429,0.21428571428571427,,0.15384615384615385,,0.16666666666666666
Cupriavidus campinensis,,,,,,,,,,,,,,,,,,,,,,,,,0.07142857142857142,,,,,,
Cupriavidus gilardii,0.0015337423312883436,0.0023752969121140144,0.005128205128205128,0.005555555555555556,,,,,0.015151515151515152,,,,,,,,,,,,,,,,,,,,,,
Cupriavidus metallidurans,0.8588957055214724,0.0023752969121140144,0.6307692307692307,0.5444444444444444,0.24324324324324326,0.009009009009009009,,0.8108108108108109,0.18181818181818182,0.9833333333333333,0.7307692307692307,,0.3488372093023256,0.43243243243243246,,,,,0.8125,1.0,0.875,,1.0,0.8666666666666667,1.0,1.0,1.0,0.5714285714285714,0.6923076923076923,,1.0
Cupriavidus necator,0.0015337423312883436,,,0.011111111111111112,,,,,,,,,,,,,,,,,,,,,,,,,,,
Cupriavidus oxalaticus,0.02607361963190184,0.028503562945368172,0.03076923076923077,0.022222222222222223,0.006756756756756757,0.036036036036036036,0.1875,0.013513513513513514,0.030303030303030304,0.03333333333333333,0.038461538461538464,,0.046511627906976744,0.02702702702702703,0.05555555555555555,0.058823529411764705,,,,0.0625,,,,,,0.07142857142857142,,0.14285714285714285,,,
Cupriavidus pauculus,0.06748466257668712,,0.010256410256410256,0.027777777777777776,0.013513513513513514,,,0.013513513513513514,,0.016666666666666666,0.038461538461538464,,,,,,,0.0625,,,,,,,0.14285714285714285,0.07142857142857142,0.35714285714285715,0.07142857142857142,,0.07692307692307693,
Cupriavidus taiwanensis,0.2361963190184049,0.035629453681710214,0.15897435897435896,0.3055555555555556,0.04054054054054054,0.036036036036036036,,0.2702702702702703,0.06060606060606061,0.06666666666666667,0.4807692307692308,,0.3488372093023256,0.10810810810810811,0.05555555555555555,0.058823529411764705,,,0.0625,0.4375,0.3125,0.8125,,0.06666666666666667,0.42857142857142855,0.7857142857142857,0.6428571428571429,0.14285714285714285,0.7692307692307693,0.07692307692307693,0.16666666666666666
Curtobacterium flaccumfaciens,0.015337423312883436,0.10688836104513064,0.05128205128205128,0.03333333333333333,0.06756756756756757,0.13513513513513514,0.020833333333333332,0.06756756756756757,,,0.23076923076923078,,0.046511627906976744,0.35135135135135137,0.08333333333333333,,,,0.0625,0.1875,0.125,0.9375,0.1875,,0.21428571428571427,0.21428571428571427,,0.07142857142857142,0.3076923076923077,,0.16666666666666666
Curtobacterium pusillum,0.012269938650306749,0.019002375296912115,0.05641025641025641,0.011111111111111112,0.006756756756756757,0.02702702702702703,,0.05405405405405406,,,0.019230769230769232,,,,,,,,,,0.0625,0.0625,,,,0.21428571428571427,,0.14285714285714285,,,
Curtobacterium sp. BH-2-1-1,0.01687116564417178,0.023752969121140142,0.07692307692307693,0.011111111111111112,0.006756756756756757,0.036036036036036036,,0.06756756756756757,,,0.038461538461538464,,,,,,,,,,0.0625,0.0625,,,,0.21428571428571427,,0.14285714285714285,,,0.08333333333333333
Curtobacterium sp. MR_MD2014,0.024539877300613498,0.009501187648456057,0.11282051282051282,0.03333333333333333,,0.009009009009009009,,0.04054054054054054,,,0.038461538461538464,,,,,,,,,,,0.0625,,,,0.21428571428571427,,0.14285714285714285,,0.07692307692307693,
Curtobacterium sp. SGAir0471,0.024539877300613498,0.009501187648456057,0.1794871794871795,0.05555555555555555,,0.009009009009009009,,0.04054054054054054,,,0.038461538461538464,,,,,,,,,,,0.0625,,,,0.21428571428571427,,0.14285714285714285,,0.07692307692307693,
Curvibacter sp. AEP1-3,,,0.005128205128205128,,,,,,,,,,,,,,,,,,,,,,,,,,,,
Cutibacterium acnes,0.9693251533742331,0.8527315914489311,0.7282051282051282,0.9666666666666667,0.8513513513513513,0.9819819819819819,0.90625,1.0,1.0,0.9666666666666667,0.9807692307692307,0.0196078431372549,1.0,1.0,1.0,0.8235294117647058,,,1.0,1.0,1.0,0.8125,1.0,1.0,1.0,1.0,1.0,0.7142857142857143,0.9230769230769231,,1.0
Cutibacterium avidum,0.1687116564417178,0.09501187648456057,0.02564102564102564,0.2,0.35135135135135137,0.2072072072072072,0.020833333333333332,0.17567567567567569,0.13636363636363635,,0.07692307692307693,,0.09302325581395349,0.16216216216216217,0.1111111111111111,,,,0.25,0.1875,0.25,,0.5,0.4666666666666667,0.07142857142857142,0.07142857142857142,0.14285714285714285,,0.15384615384615385,,0.16666666666666666
Cutibacterium granulosum,0.5322085889570553,0.501187648456057,0.37435897435897436,0.5055555555555555,0.7027027027027027,0.6936936936936937,0.3541666666666667,0.5,0.4393939393939394,0.2833333333333333,0.3269230769230769,,0.5116279069767442,0.7297297297297297,0.8333333333333334,0.4117647058823529,,,0.9375,0.75,0.5,0.0625,0.75,0.8,0.7142857142857143,0.14285714285714285,0.5714285714285714,0.21428571428571427,0.6923076923076923,,1.0
Cyanobacterium aponinum,0.003067484662576687,,,,,,,,,,,,,,,,,,,,,,,,,,,,,,
Cylindrospermum stagnale,0.02607361963190184,,,0.011111111111111112,,0.06306306306306306,,,,,,,,,,,,,,,,,,,,,,,,,
Cystobacter fuscus,0.015337423312883436,0.0166270783847981,0.3333333333333333,0.044444444444444446,0.033783783783783786,0.036036036036036036,,0.06756756756756757,0.015151515151515152,0.06666666666666667,0.21153846153846154,,0.046511627906976744,,0.027777777777777776,,,,0.0625,,,0.0625,,,,,0.21428571428571427,,0.15384615384615385,,
Cytophaga hutchinsonii,,,,,,0.009009009009009009,,,0.015151515151515152,,,,,,,,,,,,,,,,,,,,,,
Dactylococcopsis salina,0.003067484662576687,,,,,,,,,,,,,,,,,,,,,,,,,,,,,,
Debaryomyces hansenii,,0.019002375296912115,,0.022222222222222223,,0.42342342342342343,0.010416666666666666,0.02702702702702703,,,0.019230769230769232,,,0.02702702702702703,0.1111111111111111,,,,,,0.0625,,0.0625,,,,,,,0.07692307692307693,0.08333333333333333
Dechloromonas aromatica,,,,,,,,,,0.016666666666666666,,,,,,,,,,,,,,,,,,,,,
Dechloromonas sp. HYN0024,,,,,,,,,,0.016666666666666666,,,,,,,,,,,,,,,,,,,,,
Dechlorosoma suillum,0.0015337423312883436,0.0023752969121140144,0.005128205128205128,0.005555555555555556,0.006756756756756757,,,,,,,,,,,,,,0.125,,,,,,,,,,,,
Deferribacter desulfuricans,,,0.005128205128205128,,,,,,,,,,,,,,,,,,,,,,,,,,,,
Defluviimonas alba,0.032208588957055216,0.0023752969121140144,0.07179487179487179,0.005555555555555556,0.013513513513513514,,,0.02702702702702703,0.015151515151515152,0.03333333333333333,,,,,,,,,,,,,,0.06666666666666667,,,,,,,
Dehalobacterium formicoaceticum,,,0.005128205128205128,,,,,,,,,,,,,,,,,,,,,,,,,,,,
Deinococcus actinosclerus,0.21932515337423314,0.004750593824228029,0.010256410256410256,0.25555555555555554,0.05405405405405406,,0.010416666666666666,0.25675675675675674,0.015151515151515152,0.05,0.09615384615384616,,,,,0.058823529411764705,,,,,0.0625,,,0.13333333333333333,,,0.14285714285714285,0.5,0.07692307692307693,,
Deinococcus deserti,0.02607361963190184,,,0.016666666666666666,0.006756756756756757,,,,,,0.019230769230769232,,,,,,,,,,,,,,,,,,,,
Deinococcus ficus,0.18251533742331288,0.009501187648456057,0.3333333333333333,0.25,0.19594594594594594,0.009009009009009009,0.010416666666666666,0.21621621621621623,0.030303030303030304,0.1,0.09615384615384616,,,,,0.11764705882352941,,,,,0.125,0.125,0.0625,0.06666666666666667,,,0.14285714285714285,0.6428571428571429,0.3076923076923077,,0.08333333333333333
Deinococcus geothermalis,0.1273006134969325,0.009501187648456057,,0.29444444444444445,0.060810810810810814,,0.020833333333333332,0.3108108108108108,,0.016666666666666666,0.1346153846153846,,,,,,,,,0.0625,0.1875,,,,,,0.14285714285714285,0.2857142857142857,,,
Deinococcus gobiensis,0.299079754601227,0.009501187648456057,0.07692307692307693,0.3333333333333333,0.40540540540540543,0.07207207207207207,0.13541666666666666,0.44594594594594594,0.015151515151515152,0.15,0.3269230769230769,,,,,0.058823529411764705,,,0.125,0.25,0.375,0.0625,,,0.35714285714285715,0.14285714285714285,0.2857142857142857,0.42857142857142855,0.3076923076923077,,0.25
Deinococcus irradiatisoli,0.05214723926380368,0.0023752969121140144,,0.03333333333333333,0.006756756756756757,,,0.04054054054054054,,,0.057692307692307696,,,,,,,,,,0.0625,,,,,,,,,,
Deinococcus maricopensis,0.0352760736196319,,,0.027777777777777776,,,,0.013513513513513514,,,0.038461538461538464,,,,,,,,,,,,,,,,,,,,
Deinococcus metallilatus,0.2745398773006135,0.06413301662707839,0.08717948717948718,0.5222222222222223,0.3581081081081081,0.04504504504504504,0.20833333333333334,0.581081081081081,,0.1,0.5576923076923077,,,,0.1111111111111111,0.058823529411764705,,,0.25,0.5,0.5625,0.25,,0.26666666666666666,0.7142857142857143,0.2857142857142857,0.6428571428571429,0.5,0.23076923076923078,,0.25
Deinococcus peraridilitoris,0.006134969325153374,,,,,,,,,,,,,,,,,,,,,,,,,,,,,,
Deinococcus proteolyticus,0.013803680981595092,,,0.022222222222222223,0.013513513513513514,,,,0.015151515151515152,,0.019230769230769232,,,,,,,,,,,,,,,,,,,,
Deinococcus puniceus,0.04447852760736196,0.05938242280285035,,0.05,0.20945945945945946,,,0.05405405405405406,,0.016666666666666666,0.36538461538461536,,0.27906976744186046,,0.2222222222222222,0.058823529411764705,,,,0.25,0.0625,0.0625,,,0.42857142857142855,,,,0.23076923076923078,,
Deinococcus radiodurans,0.2085889570552147,0.0023752969121140144,0.005128205128205128,0.2,0.08783783783783784,0.02702702702702703,0.03125,0.17567567567567569,0.030303030303030304,0.016666666666666666,0.07692307692307693,,,,,,,,,,0.0625,,,,,,0.35714285714285715,0.14285714285714285,,,
Deinococcus soli Cha et al. 2016,0.13650306748466257,,0.015384615384615385,0.044444444444444446,0.006756756756756757,,,0.02702702702702703,0.015151515151515152,0.016666666666666666,0.057692307692307696,,,,,,,,,,,,,0.13333333333333333,,,0.07142857142857142,0.2857142857142857,,,
Deinococcus sp. AJ005,0.09815950920245399,0.36104513064133015,,0.1388888888888889,0.22297297297297297,,0.010416666666666666,0.10810810810810811,,0.016666666666666666,0.28846153846153844,,0.6511627906976745,,0.2777777777777778,0.058823529411764705,,,0.0625,0.5625,0.25,0.0625,0.0625,0.13333333333333333,,,,0.07142857142857142,,,
Deinococcus sp. NW-56,0.4279141104294479,0.12351543942992874,0.47692307692307695,0.5666666666666667,0.5067567567567568,0.04504504504504504,0.34375,0.7027027027027027,0.2878787878787879,0.2,0.5769230769230769,,,0.08108108108108109,0.16666666666666666,0.47058823529411764,,,0.625,0.6875,0.625,0.4375,0.125,0.4666666666666667,0.5,0.14285714285714285,0.8571428571428571,1.0,0.38461538461538464,,0.5
Deinococcus sp. S14-83,0.018404907975460124,0.0023752969121140144,,0.005555555555555556,0.006756756756756757,,,0.013513513513513514,,,,,,,,,,,,,,,,,,,,,,,
Deinococcus swuensis,0.1579754601226994,0.3681710213776722,,0.2833333333333333,0.7162162162162162,0.036036036036036036,0.125,0.24324324324324326,,0.1,0.34615384615384615,,0.5348837209302325,0.05405405405405406,0.2222222222222222,0.5882352941176471,,,0.5625,0.8125,0.6875,0.1875,0.125,0.13333333333333333,0.21428571428571427,0.07142857142857142,0.07142857142857142,0.14285714285714285,0.5384615384615384,,0.08333333333333333
Deinococcus wulumuqiensis,0.40337423312883436,0.019002375296912115,0.17435897435897435,0.4444444444444444,0.24324324324324326,0.009009009009009009,0.13541666666666666,0.5135135135135135,0.3181818181818182,0.13333333333333333,0.21153846153846154,,0.11627906976744186,0.02702702702702703,0.8611111111111112,0.11764705882352941,,,0.1875,0.1875,0.3125,,0.125,,0.14285714285714285,,0.7142857142857143,1.0,0.07692307692307693,,0.08333333333333333
Delftia acidovorans,,0.05938242280285035,0.010256410256410256,,0.006756756756756757,0.02702702702702703,0.020833333333333332,,,0.016666666666666666,,0.0196078431372549,,,,,,0.0625,,,,,0.0625,,0.07142857142857142,,,,,,
Delftia sp. Cs1-4,,0.007125890736342043,,,,,,,,,,,,,,,,0.0625,,,,,,,,,,,,,
Delftia sp. HK171,,0.004750593824228029,,,,,,,,,,,,,,,,0.0625,,,,,,,,,,,,,
Delftia tsuruhatensis,0.049079754601226995,0.023752969121140142,0.020512820512820513,0.022222222222222223,0.033783783783783786,,0.041666666666666664,0.04054054054054054,,0.05,0.057692307692307696,0.0196078431372549,0.046511627906976744,0.02702702702702703,,,0.058823529411764705,0.0625,,0.0625,0.125,,0.125,0.06666666666666667,,0.07142857142857142,,,0.07692307692307693,,
Dermabacter hominis,0.019938650306748466,0.0023752969121140144,,,,,,,,,,,,0.08108108108108109,,,,,,,,,,,,,,,,,
Dermabacter jinjuensis,0.013803680981595092,0.0023752969121140144,,,,,,,,,,,,0.08108108108108109,,,,,,,,,,,,,,,,,
Dermabacter vaginalis,0.03067484662576687,0.009501187648456057,,,0.02702702702702703,,,,0.015151515151515152,,,,0.023255813953488372,0.05405405405405406,0.027777777777777776,,,,,,,,,,0.07142857142857142,,,,,,
Dermacoccus nishinomiyaensis,0.5383435582822086,0.5320665083135392,0.005128205128205128,0.2777777777777778,0.7364864864864865,0.6396396396396397,0.020833333333333332,0.4189189189189189,0.36363636363636365,0.13333333333333333,0.2692307692307692,0.21568627450980393,0.3953488372093023,0.2702702702702703,0.2777777777777778,0.058823529411764705,,,0.3125,0.125,,0.0625,0.9375,0.8,1.0,0.2857142857142857,0.7142857142857143,0.2857142857142857,0.23076923076923078,,0.6666666666666666
Desulfitobacterium hafniense,,,0.020512820512820513,,,,,,,,,,,,,,0.058823529411764705,,,,,,,,,,,,,,
Desulfomicrobium orale,,,,,,0.009009009009009009,,,0.015151515151515152,,,,,,,,,,,,,,,,,,,,,,
Desulfosporosinus youngiae,,,,,,,,,,,,,,0.02702702702702703,,,,,,,,,,,,,,,,,
Desulfotomaculum ruminis,,,0.005128205128205128,,,,,,,,,,,,,,,,,,,,,,,,,,,,
Desulfovibrio alaskensis,0.0015337423312883436,,,,,,,,,,,,,,,,,,,,,,,,,,,,,,
Desulfovibrio desulfuricans,,,,,,,,,,0.016666666666666666,,,,,,,,,,,,,,,,,,,,,
Desulfovibrio vulgaris,0.0015337423312883436,,,,,,0.010416666666666666,,,,,,,,,,,,,,,,,,,,,,,,
Devosia ginsengisoli,0.006134969325153374,0.004750593824228029,0.005128205128205128,0.005555555555555556,,0.009009009009009009,,,,,,,0.13953488372093023,0.02702702702702703,0.027777777777777776,0.11764705882352941,,,,,,0.0625,0.125,,,,,,,,
Devosia sp. 1566,,0.0023752969121140144,,,,,,,,,,,,,,,,,,,,,,,,,,,,,
Devosia sp. A16,0.009202453987730062,0.004750593824228029,,0.005555555555555556,,,,,,,,,,,,,,,,,,,0.0625,,,,,,,,
Devosia sp. I507,0.0015337423312883436,0.0023752969121140144,,,,,,,,,,,,,,,,,,,,,,,,,,,,,
Diaminobutyricimonas sp. LJ205,,0.0023752969121140144,,,,,,,,,,,,,,,,,,,,,,,,,,,,,
Diaphorobacter polyhydroxybutyrativorans,,,0.005128205128205128,,,,0.09375,,,,,0.0196078431372549,,,,,0.11764705882352941,,,0.1875,,,,,,0.07142857142857142,,,,,
Diaphorobacter sp. HDW4A,,,0.010256410256410256,,,,0.052083333333333336,0.02702702702702703,,,,,,,,,,,,,,,,,,,,,,,
Diaphorobacter sp. HDW4B,,,0.010256410256410256,,,,,0.02702702702702703,,,,,,,,,,,,,,,,,,,,,,,
Diaphorobacter sp. JS3050,,0.0023752969121140144,0.005128205128205128,,,,0.10416666666666667,,,,,0.0196078431372549,,,,,0.058823529411764705,,,0.1875,,,,,,0.07142857142857142,,,,,
Dichelobacter nodosus,,,,,,0.009009009009009009,,,,,,,,,,,,,,,,,,,,,,,,,
Dickeya sp. MK7,,,,,,,,,,,,0.0196078431372549,,,,,,,,,,,,,,,,,,,
Dickeya virus JA11,,,,0.005555555555555556,,,,,,,,,,,,,,,,,,,,,,,,,,,
Dickeya zeae,0.007668711656441718,,,,0.006756756756756757,,,,,,,,,,,,,,,,,,,,,,,,,,
Dictyostelium discoideum,0.003067484662576687,0.0023752969121140144,0.005128205128205128,0.011111111111111112,0.02027027027027027,0.2702702702702703,,,0.045454545454545456,,,,0.023255813953488372,0.3783783783783784,0.027777777777777776,0.058823529411764705,,,,,,0.0625,,,0.07142857142857142,,,,,,
Dietzia lutea,0.2607361963190184,0.36104513064133015,0.3641025641025641,0.26666666666666666,0.2635135135135135,,,0.21621621621621623,0.5,0.016666666666666666,0.09615384615384616,,0.09302325581395349,0.16216216216216217,,0.6470588235294118,,,,0.0625,,0.0625,0.0625,,,,,0.42857142857142855,0.15384615384615385,,0.16666666666666666
Dietzia psychralcaliphila,0.05521472392638037,0.342042755344418,0.035897435897435895,0.07777777777777778,0.25675675675675674,0.018018018018018018,,0.10810810810810811,0.045454545454545456,0.016666666666666666,0.15384615384615385,,0.16279069767441862,0.16216216216216217,,0.47058823529411764,,,,0.125,0.0625,,0.0625,,,,,0.35714285714285715,0.3076923076923077,,
Dietzia sp. DQ12-45-1b,0.015337423312883436,0.014251781472684086,,,,,,,,,,,,,,,,,,,,,,,,,,,,,
Dietzia sp. oral taxon 368,0.3773006134969325,0.5368171021377672,0.5025641025641026,0.40555555555555556,0.5405405405405406,0.009009009009009009,,0.2702702702702703,0.6060606060606061,0.15,0.21153846153846154,,0.27906976744186046,0.1891891891891892,0.027777777777777776,0.7647058823529411,,,,0.25,,0.0625,0.75,,,0.07142857142857142,0.42857142857142855,0.42857142857142855,0.23076923076923078,,0.25
Dietzia timorensis,0.17331288343558282,0.057007125890736345,0.05641025641025641,0.05555555555555555,0.013513513513513514,0.009009009009009009,,0.08108108108108109,0.015151515151515152,0.016666666666666666,0.07692307692307693,,,,,,,,,0.0625,,,0.0625,,0.2857142857142857,,0.6428571428571429,,,,
Dinoroseobacter shibae,0.029141104294478526,,,,0.006756756756756757,,,,,,,,,,,,,,,,,,,,,,,,,,
Dokdonella koreensis,0.0015337423312883436,0.0023752969121140144,,,0.006756756756756757,,,,,,,,,,,,,,,,,,,,0.07142857142857142,,,,,,
Dolichospermum compactum,,,,,,,,,,,,,,0.10810810810810811,,,,,,,,,,,,,,,,,
Dolosigranulum pigrum,,0.06413301662707839,0.005128205128205128,0.03333333333333333,0.006756756756756757,0.32432432432432434,0.03125,0.05405405405405406,0.030303030303030304,,0.038461538461538464,,,0.02702702702702703,0.1111111111111111,0.058823529411764705,,,,0.0625,0.1875,,0.0625,0.06666666666666667,,,,,,,
Draconibacterium orientale,,,,,,,0.010416666666666666,,,,,,,,,,,,,,,,,,,,,,,,
Duganella sp. AF9R3,0.012269938650306749,0.007125890736342043,0.03076923076923077,0.011111111111111112,0.10810810810810811,0.04504504504504504,,,,0.03333333333333333,,0.0196078431372549,0.37209302325581395,,,0.4117647058823529,,0.1875,,0.0625,,0.25,0.0625,,0.14285714285714285,,,0.2857142857142857,0.23076923076923078,0.07692307692307693,
Duganella sp. GN2-R2,0.11809815950920245,0.019002375296912115,0.3435897435897436,0.2388888888888889,0.47297297297297297,0.25225225225225223,,0.10810810810810811,0.030303030303030304,0.35,0.23076923076923078,0.1568627450980392,0.4418604651162791,0.10810810810810811,0.1388888888888889,0.8235294117647058,0.17647058823529413,0.1875,0.1875,0.125,0.4375,0.9375,0.125,0.06666666666666667,0.5714285714285714,0.35714285714285715,0.42857142857142855,0.14285714285714285,0.6153846153846154,0.07692307692307693,0.25
Dyadobacter fermentans,0.003067484662576687,,,,,,,,,,,,,,,,,,,,,,,,,,,,,,
Dyella japonica,,,,,0.006756756756756757,,,0.013513513513513514,,,,,,,,,,,,,,,,,,,,,,,
Dysgonomonas sp. HDW5A,,,0.005128205128205128,,,,,,,,,,,,,,,,,,,,,,,,,,,,
Dysosmobacter welbionis,0.006134969325153374,,0.005128205128205128,0.005555555555555556,,0.009009009009009009,,,,,,,,,,,,,,,,,,,,,,,,,
Eggerthella lenta,0.0015337423312883436,0.0023752969121140144,0.010256410256410256,0.005555555555555556,,,,,,,,,,,,,,,,,,,,,0.14285714285714285,,,,,,
Egicoccus halophilus,,0.0023752969121140144,,,,,,,0.030303030303030304,,,,,,,,,,,,,,,,,,,,,,
Eikenella corrodens,0.004601226993865031,0.007125890736342043,,,,,,,,,,0.0196078431372549,,,,,,,,,0.0625,,,,,,,,,,
Eikenella exigua,,0.0023752969121140144,,,,,,,,,,,,,,,,,,,,,,,,,,,,,
Elizabethkingia anophelis,,0.007125890736342043,,,,,,0.013513513513513514,,,0.019230769230769232,0.0196078431372549,,0.02702702702702703,,,,,,,,,,,,,,,,0.07692307692307693,
Elizabethkingia meningoseptica,,,0.005128205128205128,0.005555555555555556,,,,,,,0.019230769230769232,0.0392156862745098,,,,,,,,,,,,,,,,,,,
Elizabethkingia miricola,,0.0023752969121140144,,,0.006756756756756757,,,,,,,,,,,,,,,,,,,,0.14285714285714285,,,,,,
Empedobacter brevis,0.0015337423312883436,0.026128266033254157,0.03076923076923077,0.005555555555555556,,0.17117117117117117,0.052083333333333336,0.02702702702702703,0.4393939393939394,,0.038461538461538464,0.0784313725490196,,0.05405405405405406,0.027777777777777776,,,,,,,,,,,,,,,,
Ensifer adhaerens,0.024539877300613498,0.011876484560570071,0.010256410256410256,0.011111111111111112,,0.05405405405405406,0.020833333333333332,0.04054054054054054,,,,0.0196078431372549,,,,0.058823529411764705,,,,,,,0.0625,0.13333333333333333,0.07142857142857142,,0.07142857142857142,0.14285714285714285,,0.15384615384615385,
Enterobacter asburiae,0.003067484662576687,0.004750593824228029,0.041025641025641026,0.022222222222222223,0.013513513513513514,,,0.02702702702702703,,,0.07692307692307693,0.11764705882352941,,,,,0.17647058823529413,,,,,,,,,,,,,0.23076923076923078,
Enterobacter bugandensis,0.003067484662576687,,0.041025641025641026,,,,,,0.015151515151515152,,,0.0392156862745098,,0.02702702702702703,,,0.17647058823529413,,,,,,,,,,,,,,
Enterobacter cancerogenus,,,0.06666666666666667,,,,,,,,0.019230769230769232,0.09803921568627451,,,,,0.23529411764705882,0.25,,,,,,,,0.07142857142857142,,,,,
Enterobacter chengduensis,,,0.015384615384615385,0.016666666666666666,,,,,,,,0.0196078431372549,,,,,0.058823529411764705,,,,,,,,,,,,,,
Enterobacter cloacae,0.03834355828220859,0.04275534441805225,0.24615384615384617,0.1,0.04054054054054054,0.009009009009009009,0.08333333333333333,0.14864864864864866,0.07575757575757576,,0.11538461538461539,0.23529411764705882,,0.02702702702702703,,0.11764705882352941,0.7058823529411765,0.5,,,,,0.0625,,,,0.07142857142857142,0.07142857142857142,,0.15384615384615385,
Enterobacter cloacae complex sp.,,,0.05128205128205128,,0.006756756756756757,,,,,,,0.0784313725490196,,,,,0.17647058823529413,,,,,,,,,,,,,,
Enterobacter cloacae complex sp. ECNIH7,,,,,0.006756756756756757,,,,,,,0.0196078431372549,,,,,,,,,,,,,,,,,,,
Enterobacter cloacae complex sp. FDA-CDC-AR_0132,,,,,,,,,,,,0.0196078431372549,,,,,,,,,,,,,,,,,,,
Enterobacter cloacae complex sp. FDA-CDC-AR_0164,,,,,,,,,,,,0.0196078431372549,,,,,,,,,,,,,,,,,,,
Enterobacter hormaechei,0.003067484662576687,0.047505938242280284,0.13846153846153847,0.03333333333333333,0.0472972972972973,0.009009009009009009,,0.02702702702702703,0.5909090909090909,,0.09615384615384616,0.21568627450980393,,,0.05555555555555555,,0.5294117647058824,0.25,,,,0.0625,,,,,,,,0.07692307692307693,
Enterobacter kobei,0.0015337423312883436,0.004750593824228029,0.005128205128205128,0.022222222222222223,0.006756756756756757,0.009009009009009009,,0.02702702702702703,,,0.07692307692307693,0.058823529411764705,,,,,,,,,,,,,,,,,,,
Enterobacter ludwigii,,0.0023752969121140144,0.010256410256410256,,0.006756756756756757,,,,0.3939393939393939,,,0.0392156862745098,,,,,,,,,,,0.0625,,,,,,,,
Enterobacter oligotrophica,,,0.015384615384615385,,,,,,,,,0.0392156862745098,,,,,0.058823529411764705,,,,,,,,,,,,,,
Enterobacter roggenkampii,0.012269938650306749,0.0023752969121140144,0.05128205128205128,0.05555555555555555,0.033783783783783786,0.009009009009009009,,0.14864864864864866,0.030303030303030304,,0.09615384615384616,0.0784313725490196,,0.02702702702702703,0.027777777777777776,,0.11764705882352941,0.0625,,,,,,,,,,0.07142857142857142,,,
Enterobacter sichuanensis,,,,0.011111111111111112,,,,0.02702702702702703,,,0.038461538461538464,0.0196078431372549,,,,,,,,,,,,,,,,,,,
Enterobacter soli,0.003067484662576687,,0.010256410256410256,,,0.009009009009009009,,0.02702702702702703,,,0.038461538461538464,0.0196078431372549,,,,0.058823529411764705,0.058823529411764705,0.0625,,,,,,,,,,,,,
Enterobacter sp. 638,,,0.010256410256410256,,,,,,,,,0.0196078431372549,,,,,0.058823529411764705,0.0625,,,,,,,,,,,,,
Enterobacter sp. E20,,,,,,,,,,,,0.0196078431372549,,,,,,,,,,,,,,,,,,,
Enterobacter sp. E76,,,0.06153846153846154,,0.006756756756756757,,,,0.15151515151515152,,,0.058823529411764705,,,,,0.4117647058823529,0.1875,,,,,,,,,,,,,
Enterobacter sp. HK169,,,,,,,,,,,,0.0196078431372549,,,,,,,,,,,,,,,,,,,
Enterobacter sp. LU1,,,0.005128205128205128,,,,,,,,,0.0196078431372549,,,,,,,,,,,,,,,,,,,
Enterobacter sp. N18-03635,,,,,,,,,,,,0.0196078431372549,,,,,,,,,,,,,,,,,,,
Enterobacter sp. SA187,,,0.015384615384615385,,0.02702702702702703,,,,,,,0.09803921568627451,,,,,0.29411764705882354,0.3125,,,,,,,,,,,,,
Enterobacter virus KDA1,,,,0.011111111111111112,,,,,,,,,,,,,,,,,,,,,,,,,,,
Enterobacteriaceae bacterium A-F18,,,0.005128205128205128,,,,,,,,,,,,,,,,,,,,,,,,,,,,
Enterobacteriaceae bacterium ENNIH1,,,0.005128205128205128,,,,,0.013513513513513514,,,0.019230769230769232,,,,,,,,,,,,,,,,,,,,
Enterobacteriaceae bacterium S05,,,,0.005555555555555556,,,,,,,,,,,,,,,,,,,,,,,,,,,
Enterobacteriaceae bacterium strain FGI 57,,0.004750593824228029,0.010256410256410256,,,,,,,,,,,,,,0.11764705882352941,0.0625,,,,,,,,,,,,,
Enterocloster bolteae,0.006134969325153374,,0.010256410256410256,,,,,,,,,0.0196078431372549,,,,,,,,,,,,,0.07142857142857142,,,,,,
Enterococcus avium,,0.0023752969121140144,0.005128205128205128,,,,,,,,,0.0196078431372549,,,,,,0.0625,,,,,,,,,,,,,
Enterococcus casseliflavus,0.0015337423312883436,0.09263657957244656,0.06153846153846154,,0.02027027027027027,,,,0.030303030303030304,,,0.19607843137254902,,,,,0.29411764705882354,0.125,,,,,,,,,,,,0.07692307692307693,
Enterococcus cecorum,,0.007125890736342043,0.005128205128205128,0.005555555555555556,,,,,0.015151515151515152,,,,,,,,,,,,,,,,,,,,,,
Enterococcus durans,,0.004750593824228029,,,,,,,,,,,,,,,,,,,,,,,,,,,,,
Enterococcus faecalis,0.003067484662576687,0.503562945368171,0.035897435897435895,0.03888888888888889,0.06756756756756757,,0.041666666666666664,,0.015151515151515152,0.016666666666666666,,0.11764705882352941,,,0.027777777777777776,,,0.0625,,,,0.0625,,,,,,,,,
Enterococcus faecium,,0.07838479809976247,0.015384615384615385,,0.006756756756756757,0.009009009009009009,0.17708333333333334,,0.015151515151515152,,,0.0392156862745098,,0.02702702702702703,,0.058823529411764705,,0.0625,,,,,,,,,,,,,
Enterococcus gallinarum,,0.007125890736342043,,,,,,,,,,0.0392156862745098,,,,,,0.125,,,,,,,,,,,,0.07692307692307693,
Enterococcus gilvus,,0.0023752969121140144,,,,,,,,,,,,,,,,,,,,,,,,,,,,,
Enterococcus hirae,,0.0166270783847981,0.010256410256410256,,,,,,,,,,,,,,,,,,,,,,,,,,,,
Enterococcus mundtii,,0.004750593824228029,0.005128205128205128,,,,,,,,,,,,,,0.058823529411764705,,,,,,,,,,,,,,
Enterococcus sp. CR-Ec1,,0.007125890736342043,,,,,,,,,,0.0392156862745098,,,,,0.058823529411764705,0.125,,,,,,,,,,,,0.07692307692307693,
Enterococcus sp. FDAARGOS_375,,0.0831353919239905,0.020512820512820513,,,,,,,,,0.058823529411764705,,,,,0.11764705882352941,0.125,,,,,,,,,,,,,
Enterococcus sp. FDAARGOS_553,,0.0023752969121140144,,,,,,,,,,,,,,,,,,,,,,,,,,,,,
Enterococcus sp. HSIEG1,,0.0023752969121140144,,,,,,,,,,,,,,,,,,,,,,,,,,,,,
Enterococcus sp. M190262,,0.0023752969121140144,,,,,,,,,,,,,,,,,,,,,,,,,,,,,
Enterococcus thailandicus,,0.0023752969121140144,,,,,,,,,,,,,,,,,,,,,,,,,,,,,
Enterococcus virus SANTOR1,,,,,,,,,,,,0.0196078431372549,,,,,,,,,,,,,,,,,,,
Enterococcus wangshanyuanii,,0.0023752969121140144,0.005128205128205128,,,,,,,,,,,,,,,,,,,,,,,,,,,,
Epibacterium mobile,0.003067484662576687,,,,,,,,,,,,,,,,,,,,,,,,,,,,,,
Epidermidibacterium keratini,0.147239263803681,0.0166270783847981,0.010256410256410256,0.016666666666666666,0.013513513513513514,,,0.05405405405405406,0.045454545454545456,,,0.0196078431372549,,0.02702702702702703,,,,,,,,,,,,,0.2857142857142857,,,,
Eremothecium cymbalariae,,,,,,0.018018018018018018,,,,,,,,,,,,,,,,,,,,,,,,,
Eremothecium gossypii,0.009202453987730062,,0.015384615384615385,0.016666666666666666,0.006756756756756757,,,0.02702702702702703,,,0.019230769230769232,,,,,,,,,,,,,,,,,,,,
Erwinia amylovora,,,0.005128205128205128,,0.006756756756756757,0.009009009009009009,,,,,,0.058823529411764705,,,,0.058823529411764705,,,,,,,,,,,,,,0.15384615384615385,
Erwinia billingiae,,0.009501187648456057,,,0.02702702702702703,0.02702702702702703,,,,,,0.0392156862745098,0.06976744186046512,,0.08333333333333333,0.23529411764705882,,0.375,,,0.0625,,,,,,,,,0.3076923076923077,
Erwinia gerundensis,0.0015337423312883436,0.0023752969121140144,0.010256410256410256,,0.12162162162162163,0.11711711711711711,0.03125,,0.015151515151515152,0.016666666666666666,0.019230769230769232,0.0784313725490196,,,0.1111111111111111,0.5882352941176471,0.058823529411764705,0.3125,0.125,,0.1875,0.375,,,,0.07142857142857142,,,,0.38461538461538464,0.08333333333333333
Erwinia persicina,,0.0023752969121140144,0.005128205128205128,,0.013513513513513514,0.009009009009009009,,,0.015151515151515152,,0.019230769230769232,0.0392156862745098,,,,0.058823529411764705,,,,0.0625,,,,,,,,,,0.07692307692307693,
Erwinia sp. J780,,,0.005128205128205128,,,,,,0.015151515151515152,,,0.0392156862745098,,,,0.058823529411764705,,0.0625,,,,,,,,,,,,0.07692307692307693,
Erwinia sp. QL-Z3,,,,,,,,,,,,,0.023255813953488372,,,,,0.1875,,,,,,,,,,,,0.07692307692307693,
Erwinia tasmaniensis,,,0.005128205128205128,,,,,,,,0.019230769230769232,0.0392156862745098,,,,0.058823529411764705,,,,0.0625,,,,,,,,,,,
Erysipelotrichaceae bacterium GAM147,,,,,,,,,,,,,,0.05405405405405406,,,,,,,,,,,,,,,,,
Erythrobacter atlanticus,0.024539877300613498,,0.005128205128205128,,,,,,,,,,,,,,,,,,,,,,,,,,,,
Erythrobacter aureus,0.049079754601226995,,0.010256410256410256,0.005555555555555556,,,,,,,,,,,,,,,,,,,,,,,,,,,
Erythrobacter flavus,0.10122699386503067,,0.05128205128205128,0.011111111111111112,,,,,0.015151515151515152,,,,,,,,,,0.125,,,,,,,,,,,,
Erythrobacter gangjinensis,0.03374233128834356,,,,,,,,,,,,,,,,,,,,,,,,,,,,,,
Erythrobacter litoralis,0.10276073619631902,,0.06153846153846154,0.011111111111111112,,,,0.013513513513513514,,,,0.0196078431372549,,,,,,,0.125,,,,,,,,,,,,
Erythrobacter seohaensis,0.04754601226993865,,0.010256410256410256,,,,,,,,,,,,,,,,,,,,,,,,,,,,
Erythrobacter sp. HKB08,0.0598159509202454,,0.020512820512820513,0.005555555555555556,,,,,,,,,,,,,,,,,,,,,,,,,,,
Erythrobacter sp. HL-111,0.06748466257668712,0.0023752969121140144,0.010256410256410256,0.005555555555555556,,,,0.013513513513513514,,,,,,,,,,,,,,,,,,,,,,,
Erythrobacter sp. KY5,0.027607361963190184,,,,,,,,,,,,,,,,,,,,,,,,,,,,,,
Erythrobacter sp. THAF29,0.027607361963190184,,,,,,,,,,,,,,,,,,,,,,,,,,,,,,
Escherichia albertii,,,0.005128205128205128,0.016666666666666666,,,,0.013513513513513514,,,,,,,,,,,,,,,,,,,,,,,
Escherichia coli,0.006134969325153374,0.40380047505938244,0.11794871794871795,0.05555555555555555,0.060810810810810814,0.09009009009009009,0.08333333333333333,0.06756756756756757,0.015151515151515152,0.016666666666666666,0.07692307692307693,0.1568627450980392,0.09302325581395349,0.16216216216216217,,0.11764705882352941,0.5882352941176471,0.375,,,0.0625,,0.0625,0.13333333333333333,0.07142857142857142,0.07142857142857142,0.14285714285714285,0.14285714285714285,0.07692307692307693,0.07692307692307693,0.08333333333333333
Escherichia fergusonii,,0.0023752969121140144,0.010256410256410256,,,,,,,,,,,,,,,,,,,,,,,,,,,,
Escherichia marmotae,,0.0023752969121140144,0.005128205128205128,,,,,,,,,,,,,,,,,,,,,,,,,,,,
Euhalothece natronophila,,0.0023752969121140144,,,,,,,,,,,,0.2972972972972973,,,,,,,,,,,,,,,,,
Euzebya sp. DY32-46,,,,0.005555555555555556,,,,,,,,,,,,,,,,,,,,,,,,,,,
Exiguobacterium acetylicum,,0.0023752969121140144,0.02564102564102564,,,,,,,,,0.0196078431372549,,,,,0.17647058823529413,,,,,,,,,,,,,,
Exiguobacterium antarcticum,,0.0023752969121140144,,,,,,,,,,,,,,,,,,,,,,,,,,,,,
Exiguobacterium arabatum,,,,,,,,,,,,0.0196078431372549,,,,,,,,,,,,,,,,,,,
Exiguobacterium mexicanum,0.004601226993865031,0.0023752969121140144,0.12307692307692308,0.011111111111111112,0.10135135135135136,0.009009009009009009,0.020833333333333332,0.013513513513513514,0.06060606060606061,,,0.0196078431372549,,,,0.11764705882352941,,,,,0.25,,,,,,,0.14285714285714285,,,
Exiguobacterium sibiricum,,0.009501187648456057,,0.005555555555555556,0.006756756756756757,0.018018018018018018,,0.013513513513513514,,,,0.0196078431372549,,,,,,0.25,,,,,,,,,,,,,
Exiguobacterium sp. AT1b,0.02607361963190184,0.004750593824228029,0.10256410256410256,0.03888888888888889,0.013513513513513514,0.02702702702702703,0.010416666666666666,,0.07575757575757576,,0.019230769230769232,0.058823529411764705,,,,,,,,,,,,,,,,0.21428571428571427,,,
Exiguobacterium sp. MH3,,0.0023752969121140144,0.05128205128205128,,,0.009009009009009009,,,,,,0.0196078431372549,,,,,0.17647058823529413,,,,,,,,,,,,,,
Exiguobacterium sp. N4-1P,,0.0023752969121140144,0.005128205128205128,,,,,,0.015151515151515152,,,0.0196078431372549,,,,,,,,,0.0625,,,,,,,,,,
Exiguobacterium sp. U13-1,,0.0023752969121140144,0.005128205128205128,,,,,,,,,0.0196078431372549,,,,,0.17647058823529413,,,,,,,,,,,,,,
Exiguobacterium sp. ZWU0009,,0.0023752969121140144,0.010256410256410256,,,,,,,,,0.0196078431372549,,,,,0.17647058823529413,,,,,,,,,,,,,,
Ezakiella massiliensis,0.0015337423312883436,0.007125890736342043,,,0.006756756756756757,0.02702702702702703,0.020833333333333332,,,,,,,,,,,,,,,,,,,,,,,,
Faecalibacterium prausnitzii,0.019938650306748466,0.021377672209026127,0.12307692307692308,0.07222222222222222,0.08783783783783784,0.0990990990990991,0.020833333333333332,,0.030303030303030304,,0.057692307692307696,,0.16279069767441862,0.10810810810810811,0.05555555555555555,0.058823529411764705,0.058823529411764705,,0.25,0.0625,0.125,0.0625,0.25,0.26666666666666666,0.14285714285714285,,,0.07142857142857142,0.15384615384615385,,0.08333333333333333
Faecalibaculum rodentium,,,,,,,0.020833333333333332,,,,,,,,,,,,,,,,,,,,,,,,
Faecalitalea cylindroides,,,0.005128205128205128,0.005555555555555556,,,,,,,,,,,,,,,,,,,,,,,,,,,
Fermentimonas caenicola,,,,,,,,,,,,0.0196078431372549,,,,,,,,,,,,,,,,,,,
Ferrovibrio terrae,0.003067484662576687,,,,,,,,0.015151515151515152,,,,,0.02702702702702703,,,,,,,,,,,,,,,,,
Fibrella aestuarina,0.027607361963190184,,,0.016666666666666666,,0.018018018018018018,,0.02702702702702703,,,0.019230769230769232,,0.023255813953488372,,,,,,,,0.0625,,,,,,0.07142857142857142,,,,
Fibrella sp. ES10-3-2-2,0.010736196319018405,,,,,,,,,,,,,,,,,,,,0.125,,,,,,,,,,
Fictibacillus arsenicus,,,0.005128205128205128,,,,,,,,,,,,,,,,,,,,,,,,,,,,
Filifactor alocis,,,,0.005555555555555556,,0.009009009009009009,,0.02702702702702703,,,,,,,,,,,,,,,,,,,,,,,
Finegoldia magna,0.018404907975460124,0.2921615201900237,0.010256410256410256,0.027777777777777776,0.07432432432432433,0.6486486486486487,0.23958333333333334,0.02702702702702703,0.10606060606060606,0.016666666666666666,,,,0.1891891891891892,0.5555555555555556,0.23529411764705882,,,0.0625,0.0625,0.25,0.0625,0.1875,,0.2857142857142857,0.07142857142857142,,0.07142857142857142,,,
Fischerella sp. NIES-3754,0.023006134969325152,,,0.005555555555555556,,0.018018018018018018,,,,,,,,,,,,,,,,,,,,,,,,,
Fischerella sp. NIES-4106,0.032208588957055216,,,0.005555555555555556,,0.036036036036036036,,,,,,,,,,,,,,,,,,,,,,,,,
Flammeovirga pectinis,,,,,,,,,,,,,,0.16216216216216217,,,,,,,,,,,,,,,,,
Flammeovirgaceae bacterium 311,,,,,,,0.010416666666666666,,,,,,,,,,,,,,,,,,,,,,,,
Flaviflexus salsibiostraticola,,0.007125890736342043,,,,,,,,,,,,,,,,,,,,,,,,,,,,,
Flaviflexus sp. H23T48,,0.023752969121140142,0.005128205128205128,,,,,,,,,,,,,,,,,,,,,,,,,,,,
Flavihumibacter sp. SB-02,,,0.005128205128205128,0.005555555555555556,,,,,,,,,,,,,,,,,,,,,,,,,,,
Flavisolibacter ginsenosidimutans,0.0015337423312883436,,,0.005555555555555556,,0.009009009009009009,,,,0.016666666666666666,,,,,,,,,,,,,,,,,,,,,
Flavisolibacter sp. 17J28-1,0.018404907975460124,,0.20512820512820512,0.03888888888888889,,0.018018018018018018,,0.013513513513513514,,0.03333333333333333,0.019230769230769232,,,,,0.058823529411764705,,,,,0.125,,,,,,0.07142857142857142,0.2857142857142857,,,
Flavisolibacter tropicus,,,,0.005555555555555556,,,,,,,,,,,,,,,,,,,,,,,,,,,
Flavobacteriaceae bacterium 3519-10,,0.009501187648456057,,,,,,,,,,0.058823529411764705,0.046511627906976744,0.10810810810810811,,0.11764705882352941,,,,,,0.0625,0.0625,,,,,,,,
Flavobacteriaceae bacterium UJ101,,,,,,,,,,,,,,0.02702702702702703,,,,,,,,,,,,,,,,,
Flavobacterium album,,,0.005128205128205128,,,,,,,,,,,,,,,,,,,,,,,,,,,,
Flavobacterium anhuiense,0.0015337423312883436,,0.015384615384615385,,,0.009009009009009009,,,,,,,,0.02702702702702703,,,,0.1875,,,,,,,,,,,,0.07692307692307693,
Flavobacterium commune,,,,,,,,,,,,,,0.02702702702702703,,,,,,,,,,,,,,,,,
Flavobacterium crassostreae,0.0015337423312883436,,,,,,,,,,,,,,,,,,,,,,,,,,,,,,
Flavobacterium crocinum,,0.0023752969121140144,,,,0.009009009009009009,,,,,,,,0.02702702702702703,,,,0.1875,,,,,,,,,,,,0.07692307692307693,
Flavobacterium faecale,0.0015337423312883436,,,,,,,,,,,,,,,,,,,,,,,,,,,,,,
Flavobacterium gilvum,,,,,,,,,,,,,,0.02702702702702703,,,,,,,,,,,,,,,,,
Flavobacterium haoranii,0.007668711656441718,0.0023752969121140144,,,,,0.010416666666666666,,0.015151515151515152,,,,,,,,,,,,,,,,,,,,,,
Flavobacterium indicum,,,,,,,,0.013513513513513514,,,,,,,,,,,,,,,,,,,,,,,
Flavobacterium johnsoniae,,,,,,0.02702702702702703,,,,,,,0.023255813953488372,0.02702702702702703,,,,0.25,,,,,,,,,,0.14285714285714285,,0.07692307692307693,
Flavobacterium nitrogenifigens,,,,,,0.009009009009009009,,,,,,,,0.02702702702702703,,,,0.125,,,,,,,,,,,,0.07692307692307693,
Flavobacterium sp. 140616W15,,,,,,,,,,,,,,0.02702702702702703,,,,,,,,,,,,,,,,0.07692307692307693,
Flavobacterium sp. CJ74,0.009202453987730062,,,,,,,,,,,,,,,,,,,,,,,,,,,,,,
Flavobacterium sp. HYN0086,,0.0023752969121140144,,,,0.009009009009009009,,,,,,,,0.02702702702702703,,,,0.25,,,,,,,,,,,,0.07692307692307693,
Flavobacterium sp. KBS0721,0.007668711656441718,0.0023752969121140144,,,,0.009009009009009009,,,,,,,0.06976744186046512,0.2702702702702703,,0.058823529411764705,,0.25,,,,,,,,,,,,0.07692307692307693,0.08333333333333333
Flavobacterium sp. KI723T1,,,,,,,,,,,,,,,,,,,,,,,,,0.07142857142857142,,,,,,
Flavobacterium sp. Sr18,0.024539877300613498,0.0023752969121140144,,,,,,,,,,,,0.02702702702702703,,,,,,,,,,,,,,,,,
Flavonifractor plautii,,0.0023752969121140144,0.015384615384615385,0.011111111111111112,,,0.010416666666666666,,,,,0.0196078431372549,,,,,0.058823529411764705,,,,,,,0.06666666666666667,0.14285714285714285,,,0.07142857142857142,,,
Flintibacter sp. KGMB00164,,,0.010256410256410256,,,,,,,,,,,,,,0.058823529411764705,,,,,,,,,,,,,,
Francisella philomiragia,,,0.005128205128205128,,,,,,,,,,,,,,,,,,,,,,,,,,,,
Frankia inefficax,0.01687116564417178,0.030878859857482184,,,,0.009009009009009009,,,,,0.057692307692307696,,,,,,,,,,,0.25,,,,0.07142857142857142,,0.14285714285714285,,,
Frankia sp. EAN1pec,0.006134969325153374,,,,,,,,,,,,,,,,,,,,,,,,,0.07142857142857142,,,,,
Frateuria aurantia,0.0015337423312883436,,,,,0.009009009009009009,,0.013513513513513514,,,,,,,,,,,,,,,,,,,,,,,
Friedmanniella luteola,0.09355828220858896,0.669833729216152,0.05128205128205128,0.5722222222222222,0.6013513513513513,0.16216216216216217,0.3125,0.5,0.19696969696969696,0.3,0.7115384615384616,,0.7906976744186046,0.43243243243243246,0.8611111111111112,0.8235294117647058,,,0.9375,1.0,0.625,1.0,0.6875,1.0,0.7857142857142857,0.35714285714285715,0.35714285714285715,0.42857142857142855,0.7692307692307693,,0.9166666666666666
Friedmanniella sagamiharensis,0.1901840490797546,0.6745843230403801,0.2564102564102564,0.6888888888888889,0.7094594594594594,0.45045045045045046,0.23958333333333334,0.7027027027027027,,0.43333333333333335,0.7884615384615384,,0.9069767441860465,0.43243243243243246,0.8611111111111112,0.29411764705882354,,,0.9375,1.0,0.6875,1.0,0.5625,0.9333333333333333,0.7857142857142857,0.42857142857142855,0.8571428571428571,0.5,0.7692307692307693,0.07692307692307693,1.0
Frondihabitans sp. 762G35,0.010736196319018405,0.026128266033254157,,,,0.02702702702702703,,,,,0.019230769230769232,,,,0.027777777777777776,,,,,,,0.125,,,,,,,,,
Frondihabitans sp. PAMC 28766,0.013803680981595092,0.023752969121140142,,,,0.018018018018018018,,,,,0.019230769230769232,,,,,,,,,,,0.0625,,,,,,,,,
Fusarium fujikuroi,0.018404907975460124,,0.10256410256410256,0.06111111111111111,,0.13513513513513514,,0.05405405405405406,,,0.019230769230769232,0.0392156862745098,,,,,,,,,,,,,,0.07142857142857142,,,,,
Fusarium graminearum,0.023006134969325152,0.0023752969121140144,0.08717948717948718,0.044444444444444446,0.006756756756756757,0.22522522522522523,,0.04054054054054054,,,0.019230769230769232,0.0196078431372549,,,,,,,,,,,,,,0.07142857142857142,,,,,
Fusarium oxysporum,0.018404907975460124,,0.10256410256410256,0.07222222222222222,,0.17117117117117117,,0.05405405405405406,0.030303030303030304,,0.057692307692307696,0.0392156862745098,,0.08108108108108109,,,,,,,,,,,,0.07142857142857142,,,,,
Fusarium pseudograminearum,0.01687116564417178,,0.09743589743589744,0.05,,0.22522522522522523,,0.04054054054054054,,,0.019230769230769232,0.0196078431372549,,,,,,,,,,,,,,0.07142857142857142,,,,,
Fusarium venenatum,0.03374233128834356,,0.16923076923076924,0.08888888888888889,,0.24324324324324326,,0.05405405405405406,0.015151515151515152,,0.057692307692307696,0.0196078431372549,,0.05405405405405406,,,0.058823529411764705,0.0625,,,,,,,,0.07142857142857142,,,,0.07692307692307693,
Fusarium verticillioides,0.024539877300613498,,0.1641025641025641,0.06666666666666667,,0.21621621621621623,,0.06756756756756757,0.015151515151515152,,0.057692307692307696,0.0392156862745098,,,,,,0.0625,,,,,,,,0.07142857142857142,,,,0.07692307692307693,
Fusobacterium gonidiaformans,,,,,,,0.010416666666666666,,,,,,,,,,,,,,,,,,,,,,,,
Fusobacterium hwasookii,,0.004750593824228029,,,,0.036036036036036036,,,,,,,,,,,,,,,,,,,,,,,,,
Fusobacterium mortiferum,,0.0023752969121140144,,,,,,,,,,,,,,,,,,,,,,,,,,,,,
Fusobacterium necrophorum,,,,,,,,,,,,,,,,,,,,0.0625,,,,,,,,,,,
Fusobacterium nucleatum,,0.047505938242280284,,,0.05405405405405406,0.6396396396396397,0.11458333333333333,0.05405405405405406,0.13636363636363635,,,,0.023255813953488372,0.32432432432432434,0.3055555555555556,,,,,,,0.125,,,,,,0.07142857142857142,,,0.08333333333333333
Fusobacterium periodonticum,,0.0023752969121140144,,,,,,,,,,,,,,,,,,,,,,,,,,,,,
Fusobacterium pseudoperiodonticum,0.0015337423312883436,0.026128266033254157,,0.016666666666666666,0.006756756756756757,0.21621621621621623,0.041666666666666664,0.04054054054054054,0.07575757575757576,,,,0.046511627906976744,,0.027777777777777776,,,,,,,,,,,,,,,,
Fusobacterium sp. oral taxon 203,,,,,,0.009009009009009009,,,,,,,,,,,,,,,,,,,,,,,,,
Gammapapillomavirus 1,,0.0023752969121140144,,,,,,,,,,,,,,,,,,,,,,,,,,,,,
Gammaproteobacteria bacterium ESL0073,,,0.005128205128205128,,,0.009009009009009009,,,,,,,,,,,,,,,,,,,,,,,,,
Gardnerella vaginalis,0.08895705521472393,0.22565320665083136,0.05128205128205128,0.16111111111111112,0.19594594594594594,0.40540540540540543,0.3541666666666667,0.0945945945945946,0.10606060606060606,0.03333333333333333,0.09615384615384616,,0.37209302325581395,0.21621621621621623,0.2777777777777778,0.23529411764705882,,,0.5625,0.0625,0.1875,0.125,0.3125,0.2,0.5714285714285714,0.14285714285714285,,,,,0.5
Geitlerinema sp. PCC 7407,,,0.005128205128205128,,,,,,,,,,,,,,,,,,,,,,,,,,,,
Gemella haemolysans,0.007668711656441718,0.15201900237529692,,0.011111111111111112,0.0945945945945946,0.6666666666666666,0.2708333333333333,0.05405405405405406,0.22727272727272727,0.016666666666666666,0.038461538461538464,,0.13953488372093023,0.2972972972972973,0.4166666666666667,0.23529411764705882,,,0.1875,0.0625,0.0625,0.0625,,,,0.07142857142857142,,,,,0.16666666666666666
Gemella morbillorum,,0.009501187648456057,,,,0.1981981981981982,0.010416666666666666,0.013513513513513514,0.015151515151515152,,,,,,0.027777777777777776,,,,,,,,,,,,,,,,
Gemella sanguinis,0.0015337423312883436,0.03800475059382423,,0.016666666666666666,0.006756756756756757,0.14414414414414414,0.07291666666666667,0.04054054054054054,0.045454545454545456,,,,0.09302325581395349,,0.027777777777777776,0.058823529411764705,,,0.0625,,,0.0625,,,,,,,,,
Geminocystis sp. NIES-3708,0.0015337423312883436,,,,,,,,,,,,,,,,,,,,,,,,,,,,,,
Geminocystis sp. NIES-3709,0.0015337423312883436,,,,,,,,,,,,,,,,,,,,,,,,,,,,,,
Gemmata massiliana,0.003067484662576687,,,,,,,,,,,,,,,,,,,,,,,,,,,,,,
Gemmata obscuriglobus,0.05061349693251534,0.0023752969121140144,,0.03333333333333333,,,,0.013513513513513514,,,,,,,,,,,,,,,,,,0.07142857142857142,0.14285714285714285,0.14285714285714285,,,
Gemmata sp. SH-PL17,0.003067484662576687,,,,,,,,,,,,,,,,,,,,,,,,,,,,,,
Gemmataceae bacterium,0.03834355828220859,0.0023752969121140144,,0.027777777777777776,,,,,,,,,0.023255813953488372,,,,,,,,,,,,,0.14285714285714285,0.14285714285714285,0.14285714285714285,,,
Gemmatimonas aurantiaca,,,,0.011111111111111112,,,,,,,,,,,,,,,,,,,,,,,,,,,
Gemmatimonas phototrophica,,,,0.005555555555555556,,,,,,,,,,,,,,,,,,,,,,,,,,,
Gemmatimonas sp. TET16,0.007668711656441718,,,0.016666666666666666,,,,0.013513513513513514,,,,,,,,,,,,,,,,,,,,,,,
Gemmatirosa kalamazoonesis,0.2285276073619632,0.035629453681710214,0.3076923076923077,0.37777777777777777,0.02027027027027027,0.2072072072072072,,0.5405405405405406,0.22727272727272727,0.11666666666666667,0.4423076923076923,,0.18604651162790697,0.1891891891891892,0.3333333333333333,,,,0.125,0.3125,0.375,0.75,,0.06666666666666667,0.7142857142857143,0.35714285714285715,0.7857142857142857,0.14285714285714285,0.38461538461538464,,
Gemmobacter sp. HYN0069,0.010736196319018405,0.0023752969121140144,,0.005555555555555556,0.013513513513513514,,,0.02702702702702703,,0.016666666666666666,,,,,,,,,,,,,,,,,,,,,
Geobacillus stearothermophilus,,,,,,,,0.013513513513513514,,,,,,,,,,,,,,,,,,,,,,,
Geobacillus thermodenitrificans,,0.0023752969121140144,,,,,,,,,,,,,,,,,,,,,,,,,,,,,
Geodermatophilus obscurus,0.5506134969325154,0.5890736342042755,0.6820512820512821,0.6833333333333333,0.5945945945945946,0.32432432432432434,0.2916666666666667,0.7972972972972973,0.8484848484848485,0.35,0.8076923076923077,,0.5116279069767442,0.4594594594594595,0.5555555555555556,0.9411764705882353,,,0.875,1.0,0.8125,1.0,0.5,0.5333333333333333,0.7857142857142857,0.42857142857142855,0.9285714285714286,0.8571428571428571,0.8461538461538461,,0.9166666666666666
Georgenia sp. Z294,0.003067484662576687,0.10451306413301663,0.2,,0.006756756756756757,0.018018018018018018,,0.013513513513513514,0.3484848484848485,,0.038461538461538464,,,0.05405405405405406,,0.5294117647058824,,,0.0625,,0.0625,0.375,,,,,0.07142857142857142,0.2857142857142857,,,
Georgenia sp. Z443,,0.06175771971496437,,0.005555555555555556,,0.018018018018018018,,,0.030303030303030304,,,,,,,0.11764705882352941,,,,,,,,,,,,,,,
Georgenia sp. ZLJ0423,,0.05463182897862233,0.015384615384615385,,,0.018018018018018018,,,0.015151515151515152,,,,,,,0.23529411764705882,,,,,,,,,,,,0.07142857142857142,,,
Geosporobacter ferrireducens,,,0.010256410256410256,,,,,,,,,,,,,,,,,,,,,,,,,,,,
Gibbsiella quercinecans,,,0.005128205128205128,0.005555555555555556,0.006756756756756757,,,,,,0.019230769230769232,0.0196078431372549,,,,,,,,,,,,,,,,,,,
Gilliamella apicola,,,,0.005555555555555556,,0.009009009009009009,,,,,,,,,0.08333333333333333,,,,,,0.0625,,,,,,,,,,
Gloeobacter violaceus,,,,,,,,,,,,,,0.2702702702702703,,,,,,,,,,,,,,,,,
Gloeocapsa sp. PCC 7428,0.08128834355828221,0.004750593824228029,,0.1111111111111111,,0.08108108108108109,,0.05405405405405406,,,,,,,,,,,,,0.0625,,,,,,,,,,
Gloeothece citriformis,0.004601226993865031,,,0.005555555555555556,,,,,,,,,,,,,,,,,,,,,,,,,,,
Gloeothece verrucosa,0.004601226993865031,,,,,0.036036036036036036,,,,,,,,,,,,,,,,,,,,,,,,,
Gluconacetobacter diazotrophicus,0.009202453987730062,0.0023752969121140144,,0.011111111111111112,,,,,,0.016666666666666666,0.019230769230769232,,,0.02702702702702703,,,,,,,,,,,,,,0.07142857142857142,,,
Gluconobacter albidus,0.0015337423312883436,,,,0.013513513513513514,0.018018018018018018,,0.02702702702702703,,,0.019230769230769232,,,,,,,,,,,,,,,,,,,,
Gluconobacter oxydans,0.003067484662576687,,,0.005555555555555556,0.02027027027027027,0.009009009009009009,,0.02702702702702703,,,0.019230769230769232,,,0.02702702702702703,,,,,,,,,,,,,,,0.07692307692307693,,
Gluconobacter thailandicus,0.003067484662576687,,,,0.006756756756756757,,,0.013513513513513514,,,0.019230769230769232,,,,,,,,,,,,,,,,,,,,
Glutamicibacter arilaitensis,0.006134969325153374,0.040380047505938245,0.005128205128205128,0.005555555555555556,0.013513513513513514,0.009009009009009009,,,0.015151515151515152,,,,,,,0.5882352941176471,,,0.0625,,,,0.0625,,,,,,,,
Glutamicibacter creatinolyticus,0.0015337423312883436,0.0665083135391924,0.02564102564102564,0.005555555555555556,,0.009009009009009009,,0.04054054054054054,0.015151515151515152,,0.038461538461538464,,,,,,,,,,,0.125,,,,,,,0.07692307692307693,,
Glutamicibacter halophytocola,,0.007125890736342043,,,,,,,0.015151515151515152,,,,,,,,,,,,,,0.0625,,,,,,,,
Glutamicibacter mishrai,,0.004750593824228029,0.005128205128205128,,,,,,0.015151515151515152,0.016666666666666666,,,0.046511627906976744,,,,,,,,,,,,,,,,,,
Glutamicibacter nicotianae,,0.004750593824228029,0.005128205128205128,,,,,,0.015151515151515152,,,,,,,,,,,,,,,,,,,,,,
Glutamicibacter sp. ZJUTW,,,0.005128205128205128,,,,,,0.015151515151515152,,,,,,,,,,,,,,,,,,,,,,
Gordonia alkanivorans,0.03987730061349693,,0.005128205128205128,,0.006756756756756757,,,,,,,,,,,,,,,,,,,,,,,,,,
Gordonia bronchialis,0.4677914110429448,0.34679334916864607,0.020512820512820513,0.1388888888888889,0.3310810810810811,0.009009009009009009,,0.13513513513513514,0.015151515151515152,0.05,0.057692307692307696,,0.046511627906976744,0.05405405405405406,0.027777777777777776,,,,0.125,0.1875,0.0625,,0.4375,,0.2857142857142857,,0.5714285714285714,,0.15384615384615385,,0.08333333333333333
Gordonia insulae,0.0736196319018405,0.021377672209026127,0.010256410256410256,0.016666666666666666,0.02027027027027027,,,0.02702702702702703,,,,,,,,,,,0.0625,,,,,,,,,,,,
Gordonia iterans,0.03987730061349693,0.014251781472684086,0.010256410256410256,,0.006756756756756757,,,,0.015151515151515152,,,,,,,,,,,,,,,,,,,,,,
Gordonia phage Phinally,0.013803680981595092,,,,,,,,,,,,,,,,,,,,,,,,,,,,,,
Gordonia phthalatica,0.018404907975460124,0.014251781472684086,0.005128205128205128,,0.006756756756756757,,,,,,,,,,,,,,,,,,,,,,,,,,
Gordonia polyisoprenivorans,0.07515337423312883,0.028503562945368172,0.010256410256410256,0.022222222222222223,0.13513513513513514,,,0.02702702702702703,,,,,,,,,,,,,,,,,,,0.07142857142857142,,,,
Gordonia rubripertincta,0.07668711656441718,0.014251781472684086,0.020512820512820513,0.011111111111111112,0.006756756756756757,,,,,,,,,,,,,,,,,,,,,,,,,,
Gordonia sp. 135,0.03987730061349693,0.0023752969121140144,0.010256410256410256,,0.006756756756756757,,,,,,,,,,,,,,,,,,,,,,,,,,
Gordonia sp. 1D,0.05061349693251534,0.0166270783847981,0.08717948717948718,,0.013513513513513514,,,,,,,,,,,,,,,,,,,,,,,,,,
Gordonia sp. HY186,0.007668711656441718,0.007125890736342043,0.005128205128205128,,,,,,,,,,,,,,,,,,,,,,,,,,,,
Gordonia sp. JH63,0.4723926380368098,0.007125890736342043,0.2717948717948718,0.07777777777777778,0.006756756756756757,0.009009009009009009,,0.16216216216216217,0.06060606060606061,0.05,0.038461538461538464,,,,,,,,,,,,0.125,,,,0.7857142857142857,0.14285714285714285,,,
Gordonia sp. KTR9,0.1549079754601227,0.014251781472684086,0.03076923076923077,0.005555555555555556,0.006756756756756757,0.018018018018018018,,,0.06060606060606061,,,,,,,,,,,,,,,,,,,,,,
Gordonia sp. YC-JH1,0.02147239263803681,0.019002375296912115,0.005128205128205128,,0.006756756756756757,,,,,,,,,,0.027777777777777776,,,,,,,,,0.13333333333333333,,,,,,,
Gordonia terrae,0.5168711656441718,0.07838479809976247,0.4307692307692308,0.2,0.02702702702702703,0.018018018018018018,,0.35135135135135137,0.09090909090909091,0.05,0.07692307692307693,,,,,,,,,,,,0.1875,,,,0.9285714285714286,0.2857142857142857,,,
Gordonibacter pamelaeae,,,0.005128205128205128,,,,,,,,,,,,,,,,,,,,,,,,,,,,
Gordonibacter urolithinfaciens,,,0.005128205128205128,,,,,,,,,,,,,,,,,,,,,,,,,,,,
Gracilibacillus sp. SCU50,,,0.005128205128205128,,,,,,,,,,,,,,,,,,,,,,,,,,,,
Granulibacter bethesdensis,0.006134969325153374,0.0023752969121140144,,0.011111111111111112,,,,,,,,,,0.02702702702702703,,,,,,,,,,,,,,,,,
Granulicella mallensis,0.004601226993865031,,,,,,,,,,,,,,,,,,,,,,,,,,,,,,
Granulicella tundricola,0.004601226993865031,,,,,,,,,,0.019230769230769232,,,,,,,,,,,,,,,,,,,,
Gryllotalpicola sp. 2DFW10M-5,0.018404907975460124,,,,,,,,,,,,,,,,,,,,,,,,,,,,,,
Guillardia theta,,0.0023752969121140144,,,,,,0.013513513513513514,,,0.019230769230769232,,,0.2972972972972973,,,,,,,,,,,,,,,,,
Haematobacter massiliensis,0.029141104294478526,0.14014251781472684,0.18461538461538463,0.1111111111111111,0.033783783783783786,0.11711711711711711,0.052083333333333336,0.12162162162162163,0.10606060606060606,0.016666666666666666,0.057692307692307696,,0.023255813953488372,,0.1111111111111111,,,,0.6875,0.4375,0.25,,0.0625,0.3333333333333333,,0.07142857142857142,0.07142857142857142,,,,0.16666666666666666
Haemophilus haemolyticus,0.009202453987730062,0.007125890736342043,0.005128205128205128,0.005555555555555556,,0.15315315315315314,0.020833333333333332,0.02702702702702703,0.015151515151515152,,0.019230769230769232,,,,,,,,,,,,,,,,,,,,
Haemophilus influenzae,0.0015337423312883436,0.019002375296912115,0.005128205128205128,0.011111111111111112,0.02027027027027027,0.05405405405405406,0.020833333333333332,0.05405405405405406,0.015151515151515152,,0.057692307692307696,,,0.1891891891891892,0.05555555555555555,,,,0.0625,,,,,0.06666666666666667,,,,0.14285714285714285,,,
Haemophilus parahaemolyticus,0.004601226993865031,0.0023752969121140144,,0.011111111111111112,,0.009009009009009009,0.03125,0.02702702702702703,0.015151515151515152,,0.019230769230769232,,,,,,,,,,,,,,,,,,,,
Haemophilus parainfluenzae,0.08895705521472393,0.3016627078384798,0.035897435897435895,0.14444444444444443,0.12837837837837837,0.6486486486486487,0.3541666666666667,0.25675675675675674,0.3181818181818182,0.03333333333333333,0.07692307692307693,0.0196078431372549,0.3023255813953488,0.21621621621621623,0.5277777777777778,0.23529411764705882,,,0.75,0.3125,0.4375,,0.1875,0.2,0.21428571428571427,0.07142857142857142,0.07142857142857142,0.14285714285714285,0.07692307692307693,,0.08333333333333333
Haemophilus pittmaniae,,,,,,,,,,,,0.0196078431372549,,,,,,,,,,,,,,,,,,,
Haemophilus sp. oral taxon 036,0.003067484662576687,0.0023752969121140144,,,,0.009009009009009009,0.010416666666666666,,,,,,,,,,,,,,,,,,,,,,,,
Halalkalicoccus jeotgali,,0.004750593824228029,0.005128205128205128,0.011111111111111112,,,,,,,,,0.11627906976744186,,,,,,,,,,0.0625,,,,,0.14285714285714285,,,
Haliangium ochraceum,0.010736196319018405,,,,,,,,,,,,,,,,,,,,,,,,,0.07142857142857142,0.07142857142857142,0.14285714285714285,,,
Haliscomenobacter hydrossis,,,,0.005555555555555556,,,,,,,,,,,,,,,,,,,,,,,,,,,
Haloactinobacterium sp. HY164,,0.057007125890736345,,,,0.018018018018018018,,,,,0.019230769230769232,,0.023255813953488372,,,,,,,,,0.0625,,,,,,,,,
Halomonas elongata,,,0.005128205128205128,0.005555555555555556,,,,,,,,,,,,,,,,,,,,,,,,,,,
Halomonas huangheensis,,,,,,0.009009009009009009,,,,,,,,,,,,,,,,,,,,,,,,,
Halomonas hydrothermalis,0.010736196319018405,,0.12307692307692308,0.03333333333333333,0.02027027027027027,,,0.04054054054054054,,,0.038461538461538464,,,0.02702702702702703,,,,,,,0.0625,,0.0625,0.13333333333333333,,,,,,,
Halomonas meridiana,0.012269938650306749,,0.005128205128205128,0.011111111111111112,0.006756756756756757,,,,,,,,,,,,,,,,,,,0.06666666666666667,,,,,,,
Halomonas socia,,,,0.005555555555555556,,,,,,,,,,,,,,,,,,,,,,,,,,,
Halomonas sp. 1513,,,,0.011111111111111112,,,,,,,,,,,,,,,,,,,,,,,,,,,
Halomonas sp. A3H3,,,,,,,,,,0.016666666666666666,,,,,,,,,,,,,,,,,,,,,
Halomonas sp. AM6,0.004601226993865031,,,,,,,,,,,,,,,,,,,,,,,,,,,,,,
Halomonas sp. BC-M4-5,0.003067484662576687,,0.015384615384615385,0.011111111111111112,,,,,,,,,,,,,,,,,,,,,,,,,,,
Halomonas sp. GFAJ-1,0.003067484662576687,,,,,,,,,0.016666666666666666,,,,,,,,,,,,,,,,,,,,,
Halomonas sp. GT,,,,,,,,,,0.016666666666666666,,,,,,,,,,,,,,,,,,,,,
Halomonas sp. JS92-SW72,0.006134969325153374,0.011876484560570071,0.035897435897435895,0.027777777777777776,0.06756756756756757,0.02702702702702703,0.15625,0.013513513513513514,0.015151515151515152,,0.038461538461538464,,0.11627906976744186,0.4864864864864865,0.1111111111111111,,,,0.125,,0.0625,,,,,,,,0.07692307692307693,,
Halomonas sp. KO116,,,,,,,,,,0.016666666666666666,,,,,,,,,,,,,,,,,,,,,
Halomonas sp. N3-2A,,,,,,,,,,0.016666666666666666,,,,,,,,,,,,,,,,,,,,,
Halomonas sp. NBT06E8,0.009202453987730062,,0.005128205128205128,,,,,,,,,,,,,,,,,,,,,,,,,,,,
Halomonas sp. PGE1,,,0.010256410256410256,,,,,,,,,,,,,,,,,,,,,,,,,,,,
Halomonas sp. SF2003,0.003067484662576687,,,,,,,,,,,,,,,,,,,,,,,,,,,,,,
Halomonas sp. THAF12,0.0015337423312883436,,,0.005555555555555556,,,,,,,,,,,,,,,,,,,,,,,,,,,
Halomonas subglaciescola,,,,0.005555555555555556,,,,,,,,,,,,,,,,,,,,,,,,,,,
Halomonas venusta,0.003067484662576687,,,,,,,,,,,,,,,,,,,,,,,,,,,,,,
Halorientalis sp. IM1011,,,,,,,,,0.015151515151515152,,,,,,,,,,,,,,,,,,,,,,
Halostagnicola larsenii,,0.0023752969121140144,,,,,,,,,,,,,,,,,,,,,,,,,,,,,
Halotalea alkalilenta,,,,0.011111111111111112,,,,,,,,,,,,,,,,,,,,,,,,,,,
Haloterrigena daqingensis,,,0.015384615384615385,,,,,,,,,,,,,,,,,,,,,,,,,,,,
Halovulum dunhuangense,0.015337423312883436,,,0.011111111111111112,,,,,,,,,,,,,,,,,,,,,,,,,,,
Hartmannibacter diazotrophicus,0.0015337423312883436,,,,,,,,,,,,,,,,,,,,,,,,,,,,,,
Hathewaya histolytica,,,0.005128205128205128,,,,,,,,,,,,,,0.058823529411764705,,,,,,,,,,,,,,
Helicobacter apodemus,,,,,,,,,,,,,,,,,,,0.0625,,,,,,,,,,,,
Helicobacter cinaedi,,,,,,,0.010416666666666666,,,,,,,,,,,,,,,,,,,,,,,,
Helicobacter pylori,,,,,,0.009009009009009009,,,,,,,,0.08108108108108109,,,,,,,,,,,,,,,,,
Helicobacter suis,,,,,,,,,,,,,,0.2702702702702703,,,,,,,,,,,,,,,,,
Helicobacter typhlonius,,0.0023752969121140144,,,,,,,,,,,,,,,,,,,,,,,,,,,,,
Hemiselmis andersenii,,,,,,,,,,,,,,0.24324324324324326,,,,,,,,,,,,,,,,,
Herbaspirillum hiltneri,,,,,,0.009009009009009009,,,,,,,,,,,,,,,,,,,,,,,,0.07692307692307693,
Herbaspirillum huttiense,0.003067484662576687,,0.005128205128205128,0.005555555555555556,0.013513513513513514,,,,,,0.019230769230769232,,,,,,,,,,,,,,0.07142857142857142,,0.07142857142857142,0.14285714285714285,,0.07692307692307693,
Herbaspirillum robiniae,,,0.005128205128205128,0.005555555555555556,,,,,,0.016666666666666666,,,,,,,,,,,,,,,,,,,0.07692307692307693,0.07692307692307693,
Herbaspirillum rubrisubalbicans,,,,,,,,,,,,,,,,,,,,,,,,,0.07142857142857142,,,,,0.07692307692307693,
Herbaspirillum seropedicae,0.004601226993865031,,0.010256410256410256,0.011111111111111112,,,,,,,,,,,,,,,,,,,,,,,,,,0.07692307692307693,
Herbaspirillum sp. meg3,,,,,,,,,,,,,,,,,,,,,,,,,,,,,,0.07692307692307693,
Herbiconiux sp. SALV-R1,0.015337423312883436,0.009501187648456057,0.010256410256410256,,,0.009009009009009009,,0.02702702702702703,,,,,,,,,,,,,,,,,,,,,,,
Herbinix luporum,,,0.005128205128205128,,,,,,,,,,,,,,,,,,,,,,,,,,,,
Human gammaherpesvirus 4,,,,0.005555555555555556,,,,,,,,,,,,,,,,,,,,,,,,,,,
Human mastadenovirus C,,0.009501187648456057,,,,,,,,,,,,,,,,,,,,,,,,,,,,,
Human mastadenovirus E,,,,,,0.009009009009009009,,,,,,,,,,,,,,,,,,,,,,,,,
Humibacter sp. BT305,0.0015337423312883436,,,,,,,,,,,,,,,,,,,,,,,,,,,,,,
Humibacter sp. WJ7-1,0.004601226993865031,0.004750593824228029,,,,,,,,,,,,,,,,,,,,,,,,,,,,,
Hungatella hathewayi,0.0015337423312883436,,0.005128205128205128,,,,,,,,,0.0392156862745098,,,,,,,,,,,,,,,,,,,
Hydrogenophaga crassostreae,,,0.005128205128205128,,,,,,,,,,,,,,,,,,,,,,,,,,,,
Hydrogenophaga pseudoflava,,0.0023752969121140144,,,,,,,,,,,,,,,,,,,,,,,,,,,,,
Hydrogenophaga sp. BA0156,0.019938650306748466,0.0023752969121140144,0.020512820512820513,0.005555555555555556,0.006756756756756757,,,0.013513513513513514,0.015151515151515152,,,,,,,,,,,,,,,,,0.07142857142857142,,,0.15384615384615385,,
Hydrogenophaga sp. BPS33,,,0.010256410256410256,,,,,,0.015151515151515152,,,,,,,,,,,,,,,,,,,,0.07692307692307693,,
Hydrogenophaga sp. NH-16,0.006134969325153374,0.007125890736342043,0.041025641025641026,0.016666666666666666,0.02027027027027027,0.018018018018018018,,0.02702702702702703,0.015151515151515152,,0.038461538461538464,,0.023255813953488372,0.35135135135135137,0.08333333333333333,,,,0.0625,0.0625,0.0625,,,,,,,,0.07692307692307693,,
Hydrogenophaga sp. PAMC20947,,,0.005128205128205128,,,,,,,,,,,,,,,,,,,,,,,,,,,,
Hydrogenophaga sp. PBC,0.013803680981595092,0.007125890736342043,0.010256410256410256,0.005555555555555556,0.013513513513513514,,,0.013513513513513514,0.015151515151515152,,,,,,,,,,,,,,,,,0.07142857142857142,,,0.15384615384615385,,
Hydrogenophaga sp. PBL-H3,,,0.005128205128205128,,,,,,0.015151515151515152,,,,,,,,,,,,,,,,,,,,0.07692307692307693,,
Hydrogenophaga sp. RAC07,,,0.005128205128205128,,0.006756756756756757,,,,0.015151515151515152,,,,0.13953488372093023,,0.027777777777777776,0.4117647058823529,,,,,,,,,,,,,0.07692307692307693,,
Hydrogenophilus thermoluteolus,0.003067484662576687,,,0.016666666666666666,,0.018018018018018018,0.052083333333333336,,0.06060606060606061,,,,,,0.027777777777777776,,,,,,,,,,,,,,,,
Hylemonella gracilis,0.0015337423312883436,,0.005128205128205128,,,,,,0.015151515151515152,,,,,,,,,,,,,,,,,,,,,,
Hymenobacter jejuensis,0.023006134969325152,0.0023752969121140144,0.005128205128205128,0.044444444444444446,0.02702702702702703,0.05405405405405406,,0.02702702702702703,,0.016666666666666666,0.09615384615384616,,0.27906976744186046,,0.027777777777777776,0.058823529411764705,,,,,0.125,0.3125,,,,,,,,,
Hymenobacter nivis,0.04294478527607362,0.009501187648456057,0.005128205128205128,0.08888888888888889,0.08783783783783784,0.17117117117117117,,0.08108108108108109,,0.03333333333333333,0.3269230769230769,,0.6046511627906976,,0.08333333333333333,0.058823529411764705,,,,0.0625,0.1875,0.375,,,0.07142857142857142,0.07142857142857142,,,,,
Hymenobacter oligotrophus,0.06288343558282208,,0.005128205128205128,0.09444444444444444,0.033783783783783786,0.06306306306306306,,0.04054054054054054,,0.016666666666666666,0.09615384615384616,,0.11627906976744186,,0.027777777777777776,0.058823529411764705,,,,,0.125,0.0625,,,,,,0.14285714285714285,,,
Hymenobacter sedentarius,0.06288343558282208,0.09263657957244656,0.005128205128205128,0.1388888888888889,0.22972972972972974,0.2882882882882883,,0.12162162162162163,,0.05,0.4423076923076923,,0.6976744186046512,0.02702702702702703,0.3611111111111111,0.058823529411764705,,,0.25,0.4375,0.25,1.0,0.0625,0.13333333333333333,0.6428571428571429,0.07142857142857142,,0.14285714285714285,0.23076923076923078,,
Hymenobacter sp. 17J36-26,0.0015337423312883436,0.019002375296912115,,0.027777777777777776,,0.02702702702702703,0.010416666666666666,0.06756756756756757,,,0.1346153846153846,,0.16279069767441862,,0.16666666666666666,,,,,,0.125,0.125,,,,,,,,,
Hymenobacter sp. APR13,0.1441717791411043,0.34441805225653205,0.020512820512820513,0.2388888888888889,0.5202702702702703,0.2972972972972973,0.041666666666666664,0.20270270270270271,,0.06666666666666667,0.5,,0.6744186046511628,0.13513513513513514,0.4722222222222222,0.5882352941176471,,,0.5625,0.8125,0.375,1.0,0.0625,0.2,0.7857142857142857,0.14285714285714285,,0.14285714285714285,0.5384615384615384,,
Hymenobacter sp. BRD72,0.07822085889570553,0.0332541567695962,0.010256410256410256,0.15555555555555556,0.25,0.38738738738738737,,0.13513513513513514,,0.05,0.4230769230769231,,0.6511627906976745,0.02702702702702703,0.3055555555555556,0.058823529411764705,,,0.125,0.5,0.3125,1.0,,0.13333333333333333,0.5714285714285714,0.14285714285714285,,0.14285714285714285,0.23076923076923078,,
Hymenobacter sp. BT18,0.08588957055214724,0.06175771971496437,0.015384615384615385,0.1111111111111111,0.32432432432432434,0.14414414414414414,,0.10810810810810811,,0.05,0.34615384615384615,,0.46511627906976744,0.02702702702702703,0.19444444444444445,0.23529411764705882,,,0.375,0.5,0.25,0.8125,0.0625,0.06666666666666667,0.42857142857142855,,,0.14285714285714285,,,
Hymenobacter sp. BT182,0.11042944785276074,0.0166270783847981,0.015384615384615385,0.15555555555555556,0.25675675675675674,0.14414414414414414,,0.10810810810810811,,0.03333333333333333,0.34615384615384615,,0.46511627906976744,,0.19444444444444445,0.11764705882352941,,,0.0625,0.3125,0.25,0.8125,,0.06666666666666667,0.2857142857142857,0.07142857142857142,,0.14285714285714285,0.07692307692307693,,
Hymenobacter sp. DG01,0.20245398773006135,0.14726840855106887,0.041025641025641026,0.31666666666666665,0.581081081081081,0.3153153153153153,0.25,0.2702702702702703,,0.26666666666666666,0.5384615384615384,,0.5348837209302325,0.08108108108108109,0.2777777777777778,0.6470588235294118,,,0.625,0.75,0.4375,1.0,0.0625,0.13333333333333333,0.6428571428571429,0.14285714285714285,0.14285714285714285,0.14285714285714285,0.38461538461538464,,0.16666666666666666
Hymenobacter sp. DG25A,0.02607361963190184,,0.005128205128205128,0.044444444444444446,0.06756756756756757,0.036036036036036036,,0.013513513513513514,,,0.038461538461538464,,0.16279069767441862,,0.027777777777777776,0.058823529411764705,,,,,0.125,0.1875,,,,,,,,,
Hymenobacter sp. DG25B,0.046012269938650305,0.004750593824228029,0.005128205128205128,0.06666666666666667,0.16216216216216217,0.0990990990990991,,0.0945945945945946,,0.03333333333333333,0.3076923076923077,,0.4186046511627907,,0.05555555555555555,0.11764705882352941,,,,0.1875,0.1875,0.4375,,0.06666666666666667,0.07142857142857142,,,0.14285714285714285,,,
Hymenobacter sp. HDW8,0.0015337423312883436,0.019002375296912115,,0.027777777777777776,,0.02702702702702703,0.010416666666666666,0.06756756756756757,,,0.1346153846153846,,0.18604651162790697,,0.16666666666666666,,,,,0.0625,0.125,0.125,,,,,,,,,
Hymenobacter sp. PAMC 26554,0.09815950920245399,0.1163895486935867,0.020512820512820513,0.17777777777777778,0.3581081081081081,0.46846846846846846,,0.14864864864864866,0.015151515151515152,0.06666666666666667,0.5192307692307693,,0.7209302325581395,0.08108108108108109,0.3888888888888889,0.17647058823529413,,,0.1875,0.625,0.3125,1.0,0.0625,0.13333333333333333,0.6428571428571429,0.2857142857142857,0.07142857142857142,0.14285714285714285,0.3076923076923077,,
Hymenobacter sp. PAMC 26628,0.08128834355828221,0.0498812351543943,0.005128205128205128,0.1388888888888889,0.22297297297297297,0.2972972972972973,,0.13513513513513514,,0.03333333333333333,0.46153846153846156,,0.6744186046511628,0.02702702702702703,0.2777777777777778,0.058823529411764705,,,,0.5,0.25,0.9375,,0.06666666666666667,0.35714285714285715,0.07142857142857142,,0.14285714285714285,0.07692307692307693,,
Hymenobacter sp. TS19,0.06288343558282208,0.011876484560570071,0.010256410256410256,0.07222222222222222,0.28378378378378377,0.10810810810810811,,0.0945945945945946,,0.03333333333333333,0.2692307692307692,,0.3953488372093023,0.05405405405405406,0.027777777777777776,0.4117647058823529,,,0.3125,0.4375,0.1875,0.8125,0.0625,0.06666666666666667,0.21428571428571427,,,0.14285714285714285,0.07692307692307693,,
Hymenobacter swuensis,0.09355828220858896,0.12114014251781473,0.020512820512820513,0.1111111111111111,0.3918918918918919,0.1891891891891892,,0.10810810810810811,,0.03333333333333333,0.4230769230769231,,0.5348837209302325,0.05405405405405406,0.2222222222222222,0.4117647058823529,,,0.375,0.75,0.25,0.8125,0.0625,0.06666666666666667,0.5,,,0.14285714285714285,0.23076923076923078,,
Hypericibacter adhaerens,0.0015337423312883436,,,0.005555555555555556,,,,,,,,,,,,,,,,,,,,,,,,,,,
Hyphomicrobium denitrificans,0.0015337423312883436,,,,,,,,,,,,,,,,,,,,,,,,,,,,,,
Hyphomicrobium nitrativorans,,,,,,,,0.013513513513513514,,,,,,,,,,,,,,,,,,,,,,,
Hyphomonas sp. CACIAM 19H1,0.0015337423312883436,,,,,,,,,,,,,,,,,,,,,,,,,,,,,,
Iamiaceae bacterium SCSIO 58843,0.024539877300613498,0.05463182897862233,0.18974358974358974,0.005555555555555556,0.013513513513513514,,,,0.2878787878787879,,,,0.16279069767441862,0.08108108108108109,0.1388888888888889,0.11764705882352941,,,,0.125,,0.4375,0.125,,,0.07142857142857142,,0.14285714285714285,0.23076923076923078,,
Idiomarina sp. OT37-5b,0.0015337423312883436,,,,,,,,,,,,,,,,,,,,,,,,,,,,,,
Ilumatobacter coccineus,,0.007125890736342043,,,,,,,,,,,,,,,,,,,,,,,,,,0.14285714285714285,,,
Immundisolibacter cernigliae,,0.0023752969121140144,,,,,,,,,,,,0.02702702702702703,,,,,,,,,,,,,,,,,
Indioceanicola profundi,0.009202453987730062,,0.015384615384615385,,0.006756756756756757,,,,0.13636363636363635,,,,,0.02702702702702703,,,,,,,,,,,,,,,,,
Inhella inkyongensis,0.1794478527607362,,0.020512820512820513,0.2111111111111111,0.02702702702702703,,,0.12162162162162163,0.030303030303030304,0.03333333333333333,0.07692307692307693,,0.023255813953488372,0.02702702702702703,,,,,,,,,,0.06666666666666667,,0.6428571428571429,,,0.46153846153846156,,0.5
Intestinibaculum porci,,,0.005128205128205128,,,,0.010416666666666666,,,,,,,,,,,,,,,,,,,,,,,,
Intrasporangium calvum,0.05674846625766871,0.342042755344418,0.15384615384615385,0.09444444444444444,0.04054054054054054,0.018018018018018018,,0.08108108108108109,0.015151515151515152,,0.11538461538461539,,0.37209302325581395,0.05405405405405406,0.16666666666666666,0.11764705882352941,,,,0.25,,0.6875,0.125,0.2,0.21428571428571427,0.07142857142857142,,0.35714285714285715,0.15384615384615385,,
Isoptericola dokdonensis,,0.030878859857482184,0.046153846153846156,,,0.018018018018018018,,,,,,,,,,,,,,,,,,,,,,,,,
Isoptericola variabilis,,0.04275534441805225,0.05641025641025641,0.011111111111111112,,0.018018018018018018,,,0.015151515151515152,,,,,,,0.058823529411764705,,,,,,,,,,,,,,,
Izhakiella sp. KSNA2,,,0.005128205128205128,,,,,,,,,0.0392156862745098,,,,,0.11764705882352941,,,,,,,,,,,,,,
Janibacter indicus,0.700920245398773,0.8836104513064132,0.6410256410256411,0.6388888888888888,0.6621621621621622,0.7027027027027027,0.3333333333333333,0.7567567567567568,0.5909090909090909,0.3333333333333333,0.5384615384615384,,0.46511627906976744,0.21621621621621623,0.8055555555555556,0.6470588235294118,,,1.0,0.9375,0.9375,0.625,1.0,0.9333333333333333,0.9285714285714286,0.14285714285714285,1.0,0.8571428571428571,0.15384615384615385,,0.6666666666666666
Janibacter limosus,0.3834355828220859,0.6270783847980997,0.4256410256410256,0.19444444444444445,0.14189189189189189,0.04504504504504504,0.010416666666666666,0.28378378378378377,0.13636363636363635,0.06666666666666667,0.1346153846153846,,0.32558139534883723,0.05405405405405406,0.6666666666666666,0.8235294117647058,,,0.125,0.4375,0.3125,0.25,0.3125,0.2,0.5714285714285714,,0.7142857142857143,0.8571428571428571,0.07692307692307693,,0.08333333333333333
Janibacter melonis,0.5168711656441718,0.7149643705463183,0.6512820512820513,0.49444444444444446,0.5472972972972973,0.11711711711711711,0.11458333333333333,0.5945945945945946,0.3333333333333333,0.16666666666666666,0.6538461538461539,,0.3488372093023256,0.13513513513513514,0.3611111111111111,0.8235294117647058,,,0.6875,1.0,0.75,0.9375,0.5,0.4666666666666667,0.8571428571428571,0.14285714285714285,1.0,1.0,0.3076923076923077,,0.16666666666666666
Jannaschia sp. CCS1,0.010736196319018405,,,,,,,,,,,,,,,,,,,,,,,,,,,,,,
Janthinobacterium agaricidamnosum,0.05214723926380368,0.004750593824228029,0.02564102564102564,0.022222222222222223,0.07432432432432433,0.009009009009009009,,,,0.03333333333333333,0.019230769230769232,0.0196078431372549,0.27906976744186046,,,0.47058823529411764,,0.1875,,,,0.125,0.0625,,0.07142857142857142,,,0.14285714285714285,0.07692307692307693,0.07692307692307693,0.08333333333333333
Janthinobacterium sp. 17J80-10,,,,,,,,,,,,,,,,,,,,,,,,,,,,,,0.07692307692307693,
Janthinobacterium sp. 1_2014MBL_MicDiv,0.029141104294478526,0.0023752969121140144,0.010256410256410256,0.005555555555555556,,,,,,0.03333333333333333,,,,,,0.058823529411764705,,0.125,,,,,,,,,,,0.07692307692307693,0.07692307692307693,
Janthinobacterium sp. LM6,0.04141104294478527,0.0023752969121140144,,,,,,,,0.016666666666666666,,,,,,,,0.125,,,,,,,,,,,0.07692307692307693,0.07692307692307693,
Janthinobacterium sp. SNU WT3,0.049079754601226995,0.0023752969121140144,,0.011111111111111112,,,,,,0.016666666666666666,,,,,,,,0.0625,,,,,,,,,,,,0.07692307692307693,
Janthinobacterium svalbardensis,0.0352760736196319,0.0023752969121140144,,0.011111111111111112,,,,,,0.016666666666666666,,,,,,,,0.0625,,,,,,,,,,,,0.07692307692307693,
Jeotgalibaca arthritidis,,0.0023752969121140144,,,,,,,,,,,,,,,,,,,,,,,,,,,,,
Jeotgalibaca dankookensis,,,,,,0.009009009009009009,,,,,,,0.023255813953488372,,,,,,,,,,,,,,,,,,
Jeotgalibaca porci,,0.0166270783847981,,,,0.02702702702702703,,,,,,,,,,,,,,,,,,,,,,,,,
Jeotgalibaca sp. H21T32,,0.004750593824228029,0.005128205128205128,,,,,0.013513513513513514,,,,,,,,,,,,,,,,,,,,,,,
Jeotgalibaca sp. PTS2502,,0.0023752969121140144,,,,,,,,,,,,0.02702702702702703,,,,,,,,,,,,,,,,,
Jeotgalibacillus malaysiensis,0.006134969325153374,,0.041025641025641026,,,,,,,,,,,,,,,,,,,,,,,,,,,,
Jeotgalicoccus saudimassiliensis,,,0.010256410256410256,,,0.018018018018018018,,,0.015151515151515152,,,,0.023255813953488372,0.02702702702702703,,,,,,,,,,,,,,,,,
Jiangella alkaliphila,0.004601226993865031,0.10451306413301663,0.005128205128205128,0.005555555555555556,,0.009009009009009009,,0.04054054054054054,,,0.15384615384615385,,,,,,,,,,,0.375,,,,0.07142857142857142,,0.07142857142857142,0.07692307692307693,,
Jiangella sp. DSM 45060,0.01687116564417178,0.09738717339667459,0.005128205128205128,0.005555555555555556,,0.009009009009009009,,0.02702702702702703,,,0.15384615384615385,,,0.02702702702702703,,,,,,,,0.375,,,,0.07142857142857142,,0.14285714285714285,,,
Jonesia denitrificans,,0.0023752969121140144,0.005128205128205128,,,,,,,,,,,,,,,,,,,,,,,,,,,,
Kazachstania naganishii,0.0015337423312883436,,,,,,,0.02702702702702703,,,0.019230769230769232,,,,,,,,,,,,,,,,,,,,
Kerstersia gyiorum,0.007668711656441718,,,0.005555555555555556,,,,0.013513513513513514,,,0.019230769230769232,,,,,,,,,,,,,,,,,,,,
Ketogulonicigenium robustum,,,,,,,,0.02702702702702703,,,,,,,,,,,,,,,,,,,,,,,
Ketogulonicigenium vulgare,,,,,,,,0.02702702702702703,,,,,,,,,,,,,,,,,,,,,,0.07692307692307693,
Kibdelosporangium phytohabitans,,,0.005128205128205128,0.005555555555555556,,,,,,,,,,,,,,,,,,,,,,,,,,,
Kineococcus radiotolerans,0.0705521472392638,0.35391923990498814,0.11794871794871795,0.15555555555555556,0.05405405405405406,0.07207207207207207,,0.20270270270270271,0.06060606060606061,0.05,0.5,,0.3953488372093023,0.13513513513513514,0.027777777777777776,0.17647058823529413,,,0.1875,0.3125,0.3125,1.0,0.1875,0.26666666666666666,0.21428571428571427,0.21428571428571427,0.07142857142857142,0.14285714285714285,0.15384615384615385,,
Kingella kingae,0.0015337423312883436,,,,,,,,,,,,,,,,,,,,,,,,,,,,,,
Kitasatospora albolonga,0.0015337423312883436,,,,,,,,,,,,,,,,,,,,,,,,,,,,,,
Kitasatospora setae,0.0015337423312883436,0.007125890736342043,,,,,,,,,,,,,,,,,,,,,,,,,,,,,
Klebsiella aerogenes,0.006134969325153374,,0.035897435897435895,0.022222222222222223,0.02027027027027027,,,0.02702702702702703,0.015151515151515152,,0.07692307692307693,0.0392156862745098,,,,,0.35294117647058826,0.25,,,0.0625,,,,,,,,,0.07692307692307693,
Klebsiella grimontii,,,0.005128205128205128,,,,,,,,,,,,,,,,,,,,,,,,,,,,
Klebsiella huaxiensis,,,0.010256410256410256,,,,,,,,,,,,,,0.058823529411764705,,,,,,,0.13333333333333333,,,,,,,
Klebsiella michiganensis,0.006134969325153374,,0.020512820512820513,,,,,,,,,0.0196078431372549,,,,,0.11764705882352941,0.0625,0.0625,,,,,,,,,,,,
Klebsiella oxytoca,0.13190184049079753,0.03800475059382423,0.2358974358974359,0.10555555555555556,0.033783783783783786,0.06306306306306306,,0.16216216216216217,0.3484848484848485,0.8,0.057692307692307696,0.13725490196078433,0.32558139534883723,0.16216216216216217,,0.17647058823529413,0.29411764705882354,0.1875,0.0625,,0.0625,,,,0.07142857142857142,0.35714285714285715,,,,0.07692307692307693,0.3333333333333333
Klebsiella phage vB_KpnM_KB57,,,,0.005555555555555556,,,,,,,,,,,,,,,,,,,,,,,,,,,
Klebsiella pneumoniae,0.20705521472392638,0.27315914489311166,0.3641025641025641,0.42777777777777776,0.23648648648648649,0.7657657657657657,0.08333333333333333,0.3918918918918919,0.7424242424242424,0.7666666666666667,0.5192307692307693,0.21568627450980393,0.6976744186046512,0.8378378378378378,0.3333333333333333,0.6470588235294118,0.5882352941176471,0.25,0.0625,,0.0625,0.125,,,0.8571428571428571,0.8571428571428571,0.6428571428571429,0.14285714285714285,0.5384615384615384,0.23076923076923078,0.8333333333333334
Klebsiella quasipneumoniae,0.003067484662576687,,0.020512820512820513,0.03333333333333333,,,,0.05405405405405406,,,0.07692307692307693,,,0.02702702702702703,,,0.11764705882352941,,,,,,,,,,,,,,
Klebsiella quasivariicola,,,0.005128205128205128,0.011111111111111112,,,,,,,,,,,,,,,,,,,,,,,,,,,
Klebsiella sp. FDAARGOS_511,,0.0023752969121140144,0.015384615384615385,,,,,,,,,,,,,,,,,,,,,,,,,,,,0.08333333333333333
Klebsiella sp. LY,,,,0.005555555555555556,,,,,,,,,,,,,,,,,,,,,,,,,,,
Klebsiella sp. PO552,,,,0.022222222222222223,,,,,,,,,,,,,0.058823529411764705,,,,,,,,,,,,,,
Klebsiella variicola,0.004601226993865031,0.004750593824228029,0.02564102564102564,0.022222222222222223,0.013513513513513514,,0.5104166666666666,0.05405405405405406,,,0.07692307692307693,,,,,,0.17647058823529413,,,,,,,,0.07142857142857142,,,,,,
Klebsiella virus IME260,0.0015337423312883436,,,,,,,,,,,,,,,,,,,,,,,,,,,,,,
Kluyvera intermedia,,,0.010256410256410256,0.005555555555555556,,0.009009009009009009,,,,,0.019230769230769232,,,,,0.058823529411764705,0.058823529411764705,,,,,,,,,,,,,,
Kluyvera sp. PO2S7,,,0.015384615384615385,0.022222222222222223,,,,0.02702702702702703,,,0.07692307692307693,0.0196078431372549,,,,,0.11764705882352941,,,,,,,,,,,,,,
Kluyveromyces lactis,,,,,0.006756756756756757,0.009009009009009009,,,,,,,,,0.027777777777777776,,,,,,,,,,,,,,,,
Kluyveromyces marxianus,,,0.005128205128205128,0.011111111111111112,,0.018018018018018018,,0.013513513513513514,,,0.019230769230769232,,,,,,,,,,,,,,,,,,,,
Kocuria flava,0.0598159509202454,0.4916864608076009,0.717948717948718,0.25555555555555554,0.32432432432432434,0.036036036036036036,0.3645833333333333,0.2702702702702703,0.8484848484848485,0.03333333333333333,0.4807692307692308,,0.11627906976744186,0.05405405405405406,0.05555555555555555,0.9411764705882353,,,0.6875,0.625,0.625,0.875,0.125,0.3333333333333333,,,0.21428571428571427,0.7857142857142857,,,0.08333333333333333
Kocuria indica,0.3266871165644172,0.44655581947743467,0.3128205128205128,0.15555555555555556,0.722972972972973,0.02702702702702703,0.125,0.22972972972972974,0.2727272727272727,0.03333333333333333,0.19230769230769232,0.0196078431372549,0.046511627906976744,0.08108108108108109,0.08333333333333333,0.4117647058823529,,,0.4375,0.0625,0.0625,0.25,0.4375,,0.6428571428571429,,0.7142857142857143,0.8571428571428571,,,0.16666666666666666
Kocuria palustris,0.5337423312883436,0.7268408551068883,0.7435897435897436,0.8055555555555556,0.7905405405405406,0.7477477477477478,0.5208333333333334,0.8648648648648649,0.8636363636363636,0.3333333333333333,0.75,0.0196078431372549,0.6976744186046512,0.8918918918918919,0.9722222222222222,0.9411764705882353,,,1.0,0.9375,1.0,0.25,1.0,0.9333333333333333,1.0,0.2857142857142857,1.0,0.9285714285714286,0.38461538461538464,,1.0
Kocuria rhizophila,0.010736196319018405,0.38004750593824227,0.020512820512820513,0.016666666666666666,0.05405405405405406,0.06306306306306306,0.010416666666666666,,0.030303030303030304,0.016666666666666666,0.019230769230769232,0.0196078431372549,,0.05405405405405406,0.05555555555555555,,,,0.3125,,0.375,0.0625,0.25,,,,0.07142857142857142,0.07142857142857142,,,0.16666666666666666
Kocuria rosea,0.1794478527607362,0.7648456057007126,0.4512820512820513,0.5111111111111111,0.7905405405405406,0.23423423423423423,0.65625,0.5945945945945946,0.8181818181818182,0.48333333333333334,0.7692307692307693,0.0196078431372549,0.7441860465116279,0.8648648648648649,0.7777777777777778,0.9411764705882353,,,1.0,1.0,1.0,1.0,0.9375,1.0,0.7142857142857143,0.07142857142857142,0.14285714285714285,1.0,0.8461538461538461,,0.9166666666666666
Kocuria sp. BT304,0.012269938650306749,0.42992874109263657,0.02564102564102564,0.016666666666666666,0.060810810810810814,0.06306306306306306,0.010416666666666666,0.013513513513513514,0.045454545454545456,0.016666666666666666,0.019230769230769232,0.0196078431372549,,0.05405405405405406,0.05555555555555555,,,,0.5,0.0625,0.375,0.0625,0.25,,,,0.07142857142857142,0.14285714285714285,,,0.16666666666666666
Kocuria sp. KD4,0.3128834355828221,0.42280285035629456,0.4358974358974359,0.17222222222222222,0.7567567567567568,0.02702702702702703,0.15625,0.2702702702702703,0.2878787878787879,0.06666666666666667,0.17307692307692307,0.0196078431372549,0.06976744186046512,0.10810810810810811,0.1111111111111111,0.5294117647058824,,,0.5625,0.0625,0.0625,0.3125,0.4375,,0.5714285714285714,,0.9285714285714286,1.0,,,0.4166666666666667
Kocuria turfanensis,0.1794478527607362,0.5605700712589073,0.3384615384615385,0.34444444444444444,0.5202702702702703,0.036036036036036036,0.5104166666666666,0.33783783783783783,0.8333333333333334,0.1,0.5769230769230769,,0.32558139534883723,0.24324324324324326,0.1388888888888889,0.9411764705882353,,,0.875,0.75,0.875,0.9375,0.3125,0.3333333333333333,,0.07142857142857142,0.14285714285714285,0.8571428571428571,0.23076923076923078,,0.16666666666666666
Komagataeibacter hansenii,,,,0.005555555555555556,,,,,,,,,,,,,,,,,,,,,,,,,,,
Komagataeibacter medellinensis,,,,,,,,,,,,,,,,,,,,,,,,,,,,,0.07692307692307693,,
Komagataeibacter nataicola,,,,,,,,,,0.016666666666666666,,,,,,,,,,,,,,,,,,,,,
Komagataeibacter rhaeticus,0.006134969325153374,,0.005128205128205128,0.005555555555555556,,,0.09375,,,,0.019230769230769232,,,0.02702702702702703,,,,,,,,,,,,,,,0.07692307692307693,,
Komagataeibacter saccharivorans,,,,,0.006756756756756757,,,0.013513513513513514,,,,,,,,,,,,,,,,,,,,,0.07692307692307693,,
Komagataeibacter xylinus,0.006134969325153374,0.0023752969121140144,,0.005555555555555556,,,,,,,,,,0.02702702702702703,,,,,,,,,,,,,,0.07142857142857142,0.07692307692307693,,
Kosakonia arachidis,,,0.010256410256410256,,,,,,,,,,,,,,,,,,,,,,,,,,,,
Kosakonia cowanii,0.007668711656441718,,0.14871794871794872,,0.02027027027027027,,,0.013513513513513514,,0.016666666666666666,0.019230769230769232,0.0392156862745098,,,,,0.4117647058823529,0.1875,,,,,0.0625,,,,,,,,
Kosakonia oryzae,,,0.010256410256410256,,,,,,,,,,,,,,,,,,,,,,,,,,,,
Kosakonia radicincitans,,,0.005128205128205128,,,,,,,,,,,,,,,,,,,,,,,,,,,,
Kosakonia sacchari,0.0015337423312883436,,0.020512820512820513,,,,,,,,,0.0196078431372549,,,,,0.11764705882352941,0.0625,,,,,,,,,,,,,
Kosakonia sp. CCTCC M2018092,0.0015337423312883436,,0.06153846153846154,,,,,,0.015151515151515152,,,,,,,,0.23529411764705882,,,,,,,,,,,,,,
Kozakia baliensis,,,,,,,,,,,,,,,,,,,,,,,,,,,,,0.07692307692307693,,
Kribbella flavida,0.02147239263803681,0.28028503562945367,0.005128205128205128,0.08333333333333333,,0.009009009009009009,,0.08108108108108109,0.030303030303030304,0.016666666666666666,0.3076923076923077,,0.16279069767441862,0.08108108108108109,0.08333333333333333,,,,,0.1875,,0.6875,0.0625,,0.21428571428571427,0.07142857142857142,,0.14285714285714285,0.15384615384615385,,
Kurthia sp. 11kri321,0.0015337423312883436,0.0023752969121140144,0.03076923076923077,,,,,,,,,,,,,,,,,,,,,,,,,0.07142857142857142,,,
Kurthia zopfii,,0.007125890736342043,0.005128205128205128,,,,,,,,,,,,0.027777777777777776,,,,,,,,,,,,,,,,
Kushneria konosiri,,,0.005128205128205128,0.022222222222222223,,,,,,,,,,,,,,,,,,,,,,,,,,,
Kushneria marisflavi,,,0.005128205128205128,0.022222222222222223,,,,,,,,,,,,,,,,,,,,,,,,,,,
Kushneria sp. YCWA18,0.0015337423312883436,,,0.022222222222222223,,,,,,,,,,,,,,,,,,,,,,,,,,,
Kutzneria albida,0.004601226993865031,,0.005128205128205128,0.005555555555555556,,,,,,,,,,,,,,,,,,,,,,,,,,,
Kytococcus sedentarius,0.504601226993865,0.44418052256532065,0.4,0.4666666666666667,0.19594594594594594,0.08108108108108109,0.041666666666666664,0.43243243243243246,0.36363636363636365,0.11666666666666667,0.3269230769230769,,0.2558139534883721,0.16216216216216217,0.2222222222222222,0.058823529411764705,,,0.6875,0.5,0.5,,0.9375,0.26666666666666666,0.8571428571428571,0.07142857142857142,0.8571428571428571,0.8571428571428571,0.07692307692307693,,0.08333333333333333
Labilithrix luteola,0.010736196319018405,,,,,,,0.013513513513513514,,,,,,,,,,,,,,,,,,0.07142857142857142,,0.14285714285714285,,,
Labrys neptuniae,0.004601226993865031,,,,,,,,,,,,,,,,,,,,,,,,,,0.07142857142857142,,,,
Lachancea thermotolerans,0.009202453987730062,,0.020512820512820513,0.011111111111111112,,,,0.04054054054054054,,,0.019230769230769232,0.0196078431372549,,,,,,,,,,,,,,,,,,,
Lachnoanaerobaculum umeaense,,,,,,0.009009009009009009,0.020833333333333332,0.013513513513513514,,,,,,,,,,,,,,,,,,,,,,,
Lachnoclostridium phocaeense,,,0.010256410256410256,,,,0.010416666666666666,,,,,,,,,,,,,,,,,,,,,,,,
Lachnoclostridium phytofermentans,,,0.02564102564102564,,,,,,,,,0.0196078431372549,,,,,0.47058823529411764,,,,,,,,,,,,,,
Lachnoclostridium sp. YL32,,0.0023752969121140144,,,,,,,,,,,,,,,,,,,,,,,,,,,,,
Lachnospira eligens,0.0015337423312883436,0.0023752969121140144,0.010256410256410256,0.005555555555555556,,,0.010416666666666666,,,,,,,,,,,,,,,,,,,,,,,,
Lachnospiraceae bacterium,,,0.005128205128205128,,,,,,,,,,,,,,,,,,,,,,,,,,,,
Lachnospiraceae bacterium Choco86,,,0.005128205128205128,,,0.009009009009009009,,,,,,,,,,,,,,,,,,,0.07142857142857142,,,,,,
Lachnospiraceae bacterium GAM79,0.009202453987730062,0.004750593824228029,0.005128205128205128,0.005555555555555556,,,,,,,,,,,,,0.058823529411764705,,,,,0.0625,,0.06666666666666667,0.14285714285714285,,,,,,
Lachnospiraceae bacterium KM106-2,,,0.005128205128205128,,,,,,,,,0.0196078431372549,,,,,0.17647058823529413,,,,,,,,,,,,,,
Lachnospiraceae bacterium oral taxon 500,,,,0.005555555555555556,,,0.010416666666666666,,,,,,,,,,,,,,,,,,,,,,,,
Lacrimispora saccharolytica,,0.011876484560570071,0.14871794871794872,,,,,,,,,0.3137254901960784,,,,,0.8235294117647058,0.0625,,,,,,,,,,,,,
Lacrimispora sphenoides,,0.1021377672209026,0.14871794871794872,,0.013513513513513514,0.009009009009009009,,,0.18181818181818182,,,0.3137254901960784,,,,,0.8235294117647058,0.1875,,,,,,,,,,,,0.07692307692307693,
Lactobacillus acidophilus,,0.0023752969121140144,,,,,,0.02702702702702703,,,0.019230769230769232,,,,,,,,,,,,0.0625,,,,,,,,
Lactobacillus agilis,,0.0023752969121140144,,,,,,0.02702702702702703,0.015151515151515152,,0.019230769230769232,,0.023255813953488372,,,,,,,,,,,,,,,,,,
Lactobacillus amylophilus,,0.0023752969121140144,,,,,,,,,,,,,,,,,,,,,,,,,,,,,
Lactobacillus amylovorus,,0.0023752969121140144,0.010256410256410256,0.022222222222222223,,0.009009009009009009,,0.02702702702702703,0.015151515151515152,,,,,,,,,,,,0.0625,,0.125,,,,,,,,
Lactobacillus apis,,,,,,0.009009009009009009,,,,,,,,,0.027777777777777776,,,,,0.0625,,,,,,,,,,,
Lactobacillus brevis,,,0.005128205128205128,,,0.009009009009009009,,,,,,,,,,,,,,,,,,,,,,,0.07692307692307693,,
Lactobacillus buchneri,,,,,,0.009009009009009009,,,,,,,,,,,,,,,,,,,,,,,,,
Lactobacillus crispatus,0.0015337423312883436,0.052256532066508314,0.010256410256410256,0.005555555555555556,0.033783783783783786,0.14414414414414414,0.041666666666666664,0.013513513513513514,,0.016666666666666666,,,0.023255813953488372,,0.05555555555555555,0.058823529411764705,,,,,0.125,,0.0625,,0.14285714285714285,,,,,,
Lactobacillus curvatus,,0.0023752969121140144,,,,0.13513513513513514,,,0.015151515151515152,,0.019230769230769232,,,,0.027777777777777776,0.11764705882352941,,,,,,,,,,,,,,,
Lactobacillus delbrueckii,0.004601226993865031,0.009501187648456057,0.005128205128205128,0.03888888888888889,,,,0.02702702702702703,0.030303030303030304,,0.019230769230769232,,0.023255813953488372,0.02702702702702703,,,,,,,,,0.25,,,,,,,,
Lactobacillus dextrinicus,,0.0023752969121140144,0.005128205128205128,,,,,,,,,,,,,,,,,,,,,,,,,,,,
Lactobacillus farciminis,,,0.005128205128205128,,,,,,,,,,,,,,,,,,,,,,,,,,,,
Lactobacillus fermentum,0.009202453987730062,0.41092636579572445,0.03076923076923077,0.1,,,0.07291666666666667,0.08108108108108109,0.030303030303030304,0.03333333333333333,,,0.023255813953488372,0.02702702702702703,,0.058823529411764705,,,,,0.125,,,0.13333333333333333,,0.07142857142857142,0.14285714285714285,,,,
Lactobacillus frumenti,,,,,,,,,,,,,,,,,,,0.0625,,,,,,,,,,,,
Lactobacillus futsaii,,,0.005128205128205128,,,,,,,,,,,,,,,,,,,,,,,,,,,,
Lactobacillus gasseri,,,,,,0.009009009009009009,,,,,,,,,,,,,,,,,,,,,,,,,
Lactobacillus gastricus,,0.0023752969121140144,,,,,,,,,,,,,,,,,,,,,,,,,,,,,
Lactobacillus harbinensis,,,,,,,,,,,,,,,,,,,,,,,,,,,,,0.07692307692307693,,
Lactobacillus helveticus,,0.0023752969121140144,,,,0.009009009009009009,,0.013513513513513514,,,,,,,,,,,,,,,0.0625,,,,,,,,
Lactobacillus hilgardii,,,,,,,0.020833333333333332,,,,,,,,,,,,,,,,,,,,,,0.07692307692307693,,
Lactobacillus iners,0.003067484662576687,0.06413301662707839,0.010256410256410256,,0.013513513513513514,0.17117117117117117,0.08333333333333333,,0.030303030303030304,,0.019230769230769232,,0.046511627906976744,0.02702702702702703,0.2222222222222222,,,,,,0.125,,0.125,,0.21428571428571427,0.07142857142857142,,,,,
Lactobacillus jensenii,,0.004750593824228029,,,,0.02702702702702703,0.010416666666666666,,0.015151515151515152,,,,,,,,,,,0.0625,,,,,,,,,,,
Lactobacillus johnsonii,,0.0023752969121140144,,,,,,0.013513513513513514,,,,,0.023255813953488372,,,0.11764705882352941,,,,,,,0.0625,,,,,,,,
Lactobacillus kefiranofaciens,,,,,,,,0.013513513513513514,,,,,,,,,,,,,,,,,,,,,,,
Lactobacillus kullabergensis,,,,,,0.009009009009009009,,,,,,,,,0.027777777777777776,,,,,,,,,,,,,,,,
Lactobacillus lindneri,,,,,,,0.010416666666666666,,,,,,,,,,,,,,,,,,,,,,,,
Lactobacillus mali,,,,,0.006756756756756757,,,,,,,,,,,,,,,,,,,,,,,,,,
Lactobacillus mucosae,,,0.005128205128205128,,,0.009009009009009009,,0.013513513513513514,,,,,,,,,,,,,,,,,,,,,,,
Lactobacillus murinus,,0.0023752969121140144,0.015384615384615385,,,,,,,,,,,,,,,,,,,,,,,,,,,,
Lactobacillus nagelii,,,,,,,0.020833333333333332,,,,,,,,,,,,,,,,,,,,,,,,
Lactobacillus parabuchneri,,,,,,,,,,,,,,,,,,,,,,,,,,,,0.07142857142857142,0.07692307692307693,,
Lactobacillus paracasei,,0.004750593824228029,,,,0.009009009009009009,,,,,,,,,,,,,,0.0625,,,,,,,,,0.07692307692307693,,
Lactobacillus paraplantarum,,,,,,0.018018018018018018,,,,,,,,,,,,,,,,,,,,,,,,,
Lactobacillus pentosus,0.003067484662576687,,0.005128205128205128,,0.006756756756756757,,,,,,,,,,,,,,,,,,,,,,,0.14285714285714285,,,
Lactobacillus plantarum,0.0015337423312883436,0.0023752969121140144,0.010256410256410256,0.005555555555555556,0.07432432432432433,0.018018018018018018,,0.013513513513513514,,,0.038461538461538464,,,0.32432432432432434,,,,,,0.0625,,,,,,,,,0.07692307692307693,,
Lactobacillus pontis,,,,0.022222222222222223,,,,,,,,,,,,,,,,,,,0.0625,,,,,,,,
Lactobacillus reuteri,,0.004750593824228029,0.005128205128205128,0.005555555555555556,,0.009009009009009009,,0.013513513513513514,,,,,0.023255813953488372,,,0.11764705882352941,,,,,,,0.0625,,,,,,,,
Lactobacillus rhamnosus,,0.0023752969121140144,,,,,,,,,,,,,,,,,,,,,,,,,,0.14285714285714285,,,
Lactobacillus ruminis,,,0.005128205128205128,,,0.009009009009009009,,,,,,,,,,,,,,,,,,,0.07142857142857142,,,,,,
Lactobacillus sakei,,0.004750593824228029,0.005128205128205128,0.005555555555555556,,0.036036036036036036,0.020833333333333332,,,,0.019230769230769232,,,,0.027777777777777776,0.11764705882352941,,,,0.0625,0.0625,,,,,,,,,,
Lactobacillus salivarius,,0.0023752969121140144,0.005128205128205128,,,,,0.013513513513513514,0.045454545454545456,,,,0.023255813953488372,,,,,,,,,,,,,,,,,,
Lactobacillus sanfranciscensis,,,,,,0.009009009009009009,,,,,,,,,,,,,,,,,,,,,,,,,
Lactobacillus sp. C25,,,,,,,,0.013513513513513514,,,,,,,,,,,,,,,,,,,,,,,
Lactobacillus sp. P38,,,,,,,,,,,,,,,,0.47058823529411764,,,,,,,,,,,,,,,
Lactobacillus vaginalis,,,,0.005555555555555556,,0.009009009009009009,,0.02702702702702703,,,,,,,,,,,,,,,,,,,,,,,
Lactobacillus zhachilii,,,,,,,,,,,,0.0196078431372549,,,,,,,,,,,,,,,,,,,
Lactococcus garvieae,,0.004750593824228029,0.010256410256410256,,,,,,,,,,,,,,0.058823529411764705,,,,,,,,,,,,,,
Lactococcus lactis,0.010736196319018405,0.1543942992874109,0.015384615384615385,0.10555555555555556,0.17567567567567569,0.42342342342342343,0.07291666666666667,0.0945945945945946,0.06060606060606061,,0.057692307692307696,,0.16279069767441862,0.4864864864864865,0.6388888888888888,0.23529411764705882,0.11764705882352941,0.1875,0.25,0.125,0.1875,0.125,0.125,,,,,,0.07692307692307693,,0.08333333333333333
Lactococcus petauri,,,0.005128205128205128,,,,,,,,,,,,,,,,,,,,,,,,,,,,
Lactococcus piscium,,0.004750593824228029,,,,,,,,,,,,,,0.058823529411764705,,,,0.0625,,,,,,,,,,,
Lactococcus raffinolactis,,0.007125890736342043,,0.005555555555555556,,0.009009009009009009,,0.013513513513513514,,,0.019230769230769232,,,,,,,,,0.0625,,,0.125,,,,,,,,
Lacunisphaera limnophila,0.003067484662576687,,,,,,,,,0.016666666666666666,,,,,,,,,,,,,,,,,,,,,
Laribacter hongkongensis,,,,,,,,,,,,0.0196078431372549,,,,,,,,,,,,,,,,,,,
Lautropia mirabilis,0.11196319018404909,0.1021377672209026,0.07179487179487179,0.16111111111111112,0.25,0.2972972972972973,0.010416666666666666,0.24324324324324326,0.13636363636363635,0.06666666666666667,0.23076923076923078,,0.27906976744186046,0.02702702702702703,0.05555555555555555,,,,0.4375,0.25,0.25,,0.125,0.26666666666666666,0.42857142857142855,,0.35714285714285715,0.21428571428571427,0.07692307692307693,,0.08333333333333333
Lawsonella clevelandensis,0.2469325153374233,0.0997624703087886,,0.20555555555555555,0.35135135135135137,0.3333333333333333,0.052083333333333336,0.13513513513513514,0.18181818181818182,,0.09615384615384616,,0.023255813953488372,0.21621621621621623,0.19444444444444445,0.058823529411764705,,,0.1875,,0.3125,,0.4375,0.26666666666666666,0.2857142857142857,,,,,,0.16666666666666666
Leclercia adecarboxylata,0.004601226993865031,0.0166270783847981,0.1076923076923077,0.05555555555555555,0.10135135135135136,0.04504504504504504,,0.02702702702702703,0.5757575757575758,,0.038461538461538464,0.3137254901960784,,,,0.11764705882352941,0.4117647058823529,0.4375,,0.0625,,0.0625,,,,,,,,0.15384615384615385,
Leclercia sp. 1106151,,,0.041025641025641026,,0.006756756756756757,,,,,,,,,,,,0.23529411764705882,0.125,,,,,,,,,,,,,
Leclercia sp. 119287,,,0.020512820512820513,,0.033783783783783786,,,,,,,0.0784313725490196,,,,,,0.125,,,,,,,,,,,,0.07692307692307693,
Leclercia sp. 29361,,0.0023752969121140144,0.07692307692307693,0.005555555555555556,0.0472972972972973,,,,0.13636363636363635,,,0.13725490196078433,,,,0.11764705882352941,0.29411764705882354,0.3125,,,,0.0625,0.0625,,,,,,,0.07692307692307693,
Leclercia sp. J807,,,0.07692307692307693,,0.02027027027027027,,,,,,,,,,,,0.23529411764705882,0.0625,,,,,,,,,,,,,
Leclercia sp. LSNIH1,,,0.035897435897435895,,0.006756756756756757,,,,,,,,,,,,0.29411764705882354,0.125,,,,,,,,,,,,,
Leclercia sp. LSNIH3,,,,,,,,,,,,0.0196078431372549,,,,,,,,,,,,,,,,,,,
Leclercia sp. W17,,,0.08717948717948718,,0.013513513513513514,,,,,,,,,,,,0.23529411764705882,0.0625,,,,,,,,,,,,,
Leclercia sp. W6,,,0.07692307692307693,,0.013513513513513514,,,,,,,,,,,,0.23529411764705882,0.0625,,,,,,,,,,,,,
Legionella jordanis,,,0.005128205128205128,,,,,,,,,,,,,,,,,,,,,,,,,,,,
Legionella pneumophila,0.003067484662576687,,,,,0.009009009009009009,,,,,,,,,,,,,,,,,,,,,,,,,
Leifsonia sp. 21MFCrub1.1,0.004601226993865031,,0.005128205128205128,,,,,,,,,,,,,,,,,,,,,,,,,,,,
Leifsonia sp. PS1209,0.006134969325153374,0.0023752969121140144,,,,,,,,,,,,,,,,,,,,,,,,,,,,,
Leifsonia xyli,0.046012269938650305,0.06175771971496437,0.005128205128205128,0.011111111111111112,,0.018018018018018018,,0.013513513513513514,0.015151515151515152,,0.038461538461538464,,,,0.027777777777777776,0.058823529411764705,,,,,,0.125,,0.13333333333333333,0.07142857142857142,,,,,,
Leishmania major,0.0015337423312883436,,,,,0.018018018018018018,0.010416666666666666,0.02702702702702703,,,,,,,,,,,,,,,,,,,,,,,
Leishmania mexicana,0.015337423312883436,0.019002375296912115,,0.09444444444444444,0.04054054054054054,0.3783783783783784,0.0625,0.08108108108108109,,,0.057692307692307696,,0.16279069767441862,0.21621621621621623,0.3611111111111111,0.29411764705882354,,,0.125,0.1875,0.25,,0.4375,,0.07142857142857142,0.07142857142857142,,0.14285714285714285,,,
Leishmania panamensis,,,,,,,0.010416666666666666,,,,,,,,,,,,,,,,,,,,,,,,
Leisingera aquaemixtae,0.010736196319018405,,,,,,,,,,,,,,,,,,,,,,,,,,,,,,
Lelliottia amnigena,,,0.015384615384615385,0.005555555555555556,0.006756756756756757,,,,,,0.019230769230769232,0.058823529411764705,,,,,0.11764705882352941,0.1875,,,,,,,,,,,,,
Lelliottia jeotgali,,,0.010256410256410256,,,,,,,,,,,,,,0.058823529411764705,0.1875,,,,,,,,,,,,,
Lelliottia nimipressuralis,,,,,,,,,,,,0.0196078431372549,,,,,0.058823529411764705,,,,,,,,,,,,,,
Lelliottia sp. WB101,,,0.010256410256410256,,,,,,,,0.019230769230769232,,,,,,0.058823529411764705,0.125,,,,,,,,,,,,,
Lentibacillus amyloliquefaciens,,,,0.005555555555555556,,,,,,,,,,,,,,,,,,,,,,,,,,,
Lentzea guizhouensis,0.004601226993865031,0.019002375296912115,0.015384615384615385,0.005555555555555556,,,,,0.09090909090909091,,,,0.023255813953488372,,,,,,,,,0.125,,,,0.07142857142857142,,,,,0.08333333333333333
Leptolyngbya boryana,0.01687116564417178,,,0.022222222222222223,,,,0.013513513513513514,,,,,,,,,,,,,,,,,,,,,,,
Leptolyngbya sp. NIES-3755,0.023006134969325152,,,0.03888888888888889,,0.009009009009009009,,0.04054054054054054,,,0.019230769230769232,,,,,,,,,,0.0625,,,,,,,,,,
Leptothrix cholodnii,0.2223926380368098,,0.041025641025641026,0.24444444444444444,0.04054054054054054,,,0.14864864864864866,0.045454545454545456,0.06666666666666667,0.07692307692307693,,0.023255813953488372,0.05405405405405406,,,,,,,,,,0.06666666666666667,,0.6428571428571429,0.14285714285714285,0.14285714285714285,0.6923076923076923,,0.4166666666666667
Leptotrichia buccalis,,0.0023752969121140144,,,,0.036036036036036036,,,,,,,,0.08108108108108109,0.027777777777777776,,,,,,,,,,,,,,,,
Leptotrichia goodfellowii,,,,,,,0.010416666666666666,,,,,,,,,,,,,,,,,,,,,,,,
Leptotrichia hofstadii,,0.0023752969121140144,,,,0.009009009009009009,0.010416666666666666,,,,,,,,,,,,,,,,,,,,,,,,
Leptotrichia hongkongensis,,,,,,0.009009009009009009,,,,,,,,,,,,,,,,,,,,,,,,,
Leptotrichia shahii,,,,,,0.02702702702702703,0.010416666666666666,,,,,,,,,,,,,,,,,,,,,,,,
Leptotrichia sp. oral taxon 212,0.003067484662576687,0.009501187648456057,,,,0.09009009009009009,0.010416666666666666,0.02702702702702703,,,,,,,0.027777777777777776,,,,,,,,,,,,,,,,
Leptotrichia sp. oral taxon 498,,0.0023752969121140144,,,,0.009009009009009009,0.010416666666666666,,,,,,,,,,,,,,,,,,,,,,,,
Leptotrichia sp. oral taxon 847,,,,,,,0.010416666666666666,,,,,,,,,,,,,,,,,,,,,,,,
Leptotrichia trevisanii,,,,,,,0.010416666666666666,,,,,,,,,,,,,,,,,,,,,,,,
Leptotrichia wadei,,0.019002375296912115,,0.011111111111111112,,0.23423423423423423,0.0625,0.013513513513513514,,,,,0.023255813953488372,,,,,,0.0625,,,,,,,,,0.14285714285714285,,,
Leucobacter sp. DSM 101948,,0.030878859857482184,0.005128205128205128,0.005555555555555556,,,,0.013513513513513514,,,,,,,,,,,,,,,,,0.07142857142857142,,,,,,
Leucobacter sp. HDW9A,,0.014251781472684086,,,,,,,,,,,,,,,,,,,,,,,0.07142857142857142,,,,,,
Leucobacter sp. HDW9B,,0.014251781472684086,,,,,,,,,,,,,,,,,,,,,,,0.07142857142857142,,,,,,
Leucobacter sp. HDW9C,,0.014251781472684086,,,,,,,,,,,,,,,,,,,,,,,0.07142857142857142,,,,,,
Leucobacter triazinivorans,,0.0332541567695962,,0.005555555555555556,,,,,,,,,,,,,,,,,,,,,0.07142857142857142,,,,,,
Leuconostoc carnosum,0.0015337423312883436,0.009501187648456057,,0.03333333333333333,,0.07207207207207207,0.020833333333333332,0.013513513513513514,,,0.019230769230769232,0.0196078431372549,,,0.027777777777777776,,,,0.0625,,0.0625,,,,,,,,,,
Leuconostoc citreum,,0.07838479809976247,,0.005555555555555556,0.006756756756756757,0.036036036036036036,0.010416666666666666,,,,,0.0196078431372549,,,0.027777777777777776,,,,,0.0625,,,,,,,,,,,
Leuconostoc garlicum,,0.004750593824228029,,,0.006756756756756757,,,,,,,,,,,,,,,,,,,,,,,,,,
Leuconostoc gelidum,,0.0498812351543943,,0.005555555555555556,,,0.010416666666666666,,,,,,,0.02702702702702703,,,,,,,,,,,,,,,,,
Leuconostoc kimchii,,0.0023752969121140144,,,,,,,,,,,,,,,,,,,,,,,,,,,,,
Leuconostoc lactis,,0.009501187648456057,,0.005555555555555556,0.02702702702702703,,0.010416666666666666,0.02702702702702703,,,,,,,,,,,,0.0625,,,,,,,,,,,
Leuconostoc mesenteroides,,0.24228028503562946,,0.016666666666666666,0.04054054054054054,0.07207207207207207,,0.013513513513513514,,,0.038461538461538464,0.0196078431372549,,,,0.058823529411764705,,,,0.125,0.0625,,,,,,,,0.07692307692307693,0.07692307692307693,
Leuconostoc pseudomesenteroides,0.004601226993865031,0.0166270783847981,0.005128205128205128,0.005555555555555556,0.02027027027027027,0.05405405405405406,,0.02702702702702703,,,,,,,0.027777777777777776,0.058823529411764705,,,,0.125,,0.0625,,,,,,,,,
Leuconostoc suionicum,0.003067484662576687,0.009501187648456057,,,0.006756756756756757,0.018018018018018018,,0.013513513513513514,,,,,,,,,,,,,,,,,,,,,,,
Lichenihabitans psoromatis,0.029141104294478526,0.0023752969121140144,,,,,,,,,0.019230769230769232,,,,,,,,,,,,,,,,,,,,
Limnobacter sp. SAORIC-580,,,0.005128205128205128,,,0.009009009009009009,,,,0.05,,,,,,0.35294117647058826,,,,,,,,,,,,,,,
Limnoglobus roseus,0.032208588957055216,,,0.022222222222222223,,,,,,,,,,,,,,,,,,,,,,0.07142857142857142,0.07142857142857142,0.14285714285714285,,,
Limnohabitans sp. 103DPR2,,,0.005128205128205128,,,,,,,,,,,,,,,,,,,,,,,,,,,,
Limnohabitans sp. 63ED37-2,,,0.010256410256410256,,,,,,,,,,,,,,,,,,,,,,,,,,,,
Listeria monocytogenes,,0.46318289786223277,0.005128205128205128,,,,0.125,,,0.016666666666666666,,,,,,,,,,,,,,,,,,,,,
Listonella phage phiHSIC,0.007668711656441718,,,,,,,,,,,,,,,,,,,,,,,,,,,,,,
Litoreibacter sp. LN3S51,0.0015337423312883436,,,,,,,,,,,,,,,,,,,,,,,,,,,,,,
Longibaculum sp. KGMB06250,,,0.005128205128205128,,,0.009009009009009009,,,,,,,,,,,,,,,,,,,,,,,,,
Lonsdalea britannica,,0.0023752969121140144,,,,,,0.013513513513513514,,,,,,,,,,,,,,,,,,,,,,,
Luteibacter pinisoli,,,,0.011111111111111112,0.006756756756756757,,,,,,,,,,,,,,,,,,,,,,,0.07142857142857142,,,
Luteimicrobium xylanilyticum,,0.009501187648456057,0.005128205128205128,,,0.018018018018018018,,,,,,,,,,,,,,,,,,,,,,,,,
Luteimonas sp. 100111,0.032208588957055216,0.052256532066508314,0.14871794871794872,,0.013513513513513514,,0.052083333333333336,,0.015151515151515152,,,0.0392156862745098,,,0.1111111111111111,0.11764705882352941,,,0.0625,,0.0625,0.0625,,0.06666666666666667,,,0.07142857142857142,,0.07692307692307693,0.07692307692307693,
Luteimonas sp. Gr-4,0.032208588957055216,0.009501187648456057,0.15897435897435896,0.011111111111111112,0.033783783783783786,0.009009009009009009,,0.04054054054054054,0.030303030303030304,,0.038461538461538464,0.0392156862745098,0.046511627906976744,,,0.23529411764705882,,,,,,,0.125,0.06666666666666667,,,0.07142857142857142,0.14285714285714285,0.07692307692307693,0.07692307692307693,
Luteimonas sp. JM171,0.007668711656441718,0.004750593824228029,0.03076923076923077,,0.006756756756756757,,,,0.045454545454545456,,,0.0196078431372549,,0.02702702702702703,,,,,,,,,,0.06666666666666667,,,0.07142857142857142,,,0.07692307692307693,
Luteimonas sp. YGD11-2,0.3006134969325153,0.009501187648456057,0.14358974358974358,0.027777777777777776,0.033783783783783786,0.036036036036036036,0.010416666666666666,0.05405405405405406,0.030303030303030304,,0.019230769230769232,0.058823529411764705,,,0.027777777777777776,,,,0.0625,,0.125,,0.0625,0.13333333333333333,,0.07142857142857142,0.5,0.07142857142857142,0.07692307692307693,0.07692307692307693,0.08333333333333333
Luteimonas yindakuii,0.046012269938650305,0.0023752969121140144,0.035897435897435895,,0.013513513513513514,,,,0.015151515151515152,,,0.0392156862745098,,,,,,,,,,,,0.06666666666666667,,,0.07142857142857142,,,0.07692307692307693,
Luteipulveratus mongoliensis,0.11809815950920245,0.023752969121140142,0.005128205128205128,,,,,0.02702702702702703,,,0.019230769230769232,,,,,,,,,,,,,0.13333333333333333,,,,0.07142857142857142,,,
Luteitalea pratensis,0.01687116564417178,0.021377672209026127,0.1076923076923077,0.016666666666666666,,0.009009009009009009,,,,,0.019230769230769232,,0.13953488372093023,0.05405405405405406,0.2777777777777778,,,,,0.125,0.0625,0.1875,,,,0.07142857142857142,,0.14285714285714285,0.3076923076923077,,
Lysinibacillus fusiformis,,0.019002375296912115,0.015384615384615385,,0.006756756756756757,,,,,,,0.0392156862745098,,,,,0.058823529411764705,,,,,,,,,,,,,0.15384615384615385,
Lysinibacillus sp. 2017,,,0.015384615384615385,,,,,,0.030303030303030304,,,,,,,,0.058823529411764705,,,,,,,,,,,,,0.07692307692307693,
Lysinibacillus sp. SGAir0095,,,0.015384615384615385,,,,,,0.030303030303030304,,,,,,,,,,,,,,,,,,,,,0.07692307692307693,
Lysinibacillus sp. YS11,,0.04275534441805225,0.06153846153846154,,0.033783783783783786,,,,0.5454545454545454,,,0.13725490196078433,,,,,0.17647058823529413,0.125,,,,,,,,,,,,0.07692307692307693,
Lysinibacillus sphaericus,,0.047505938242280284,0.020512820512820513,,0.013513513513513514,,,,,,,0.058823529411764705,,,,,0.17647058823529413,0.1875,,,,,,,,,,,,0.23076923076923078,
Lysinibacillus timonensis,,,0.010256410256410256,,,,,,,,,,,,,,,,,,,,,,,,,,,0.07692307692307693,
Lysinibacillus varians,,,0.010256410256410256,,,,,,,,,,,,,,,,,,,,,,,,,,,0.07692307692307693,
Lysinimonas sp. KACC 19322,0.004601226993865031,0.0023752969121140144,0.005128205128205128,,,,,,,,,,,,,,,,,,,,,,,,,,,,
Lysobacter alkalisoli,0.010736196319018405,0.004750593824228029,0.02564102564102564,0.005555555555555556,0.006756756756756757,,,,0.015151515151515152,,,0.0392156862745098,,,0.027777777777777776,,,,,,,,,0.06666666666666667,,,0.07142857142857142,,,0.07692307692307693,
Lysobacter antibioticus,0.006134969325153374,0.004750593824228029,0.015384615384615385,0.005555555555555556,0.006756756756756757,,,,,,,0.0392156862745098,,,,,,,,,,,,0.06666666666666667,,,,,,0.07692307692307693,
Lysobacter capsici,0.013803680981595092,0.009501187648456057,0.010256410256410256,0.005555555555555556,0.013513513513513514,,,0.02702702702702703,0.015151515151515152,,,0.0392156862745098,,,0.027777777777777776,,,,,,,,,0.06666666666666667,,,,,,0.07692307692307693,
Lysobacter enzymogenes,0.15644171779141106,0.019002375296912115,0.18974358974358974,0.027777777777777776,0.04054054054054054,0.009009009009009009,,0.05405405405405406,0.045454545454545456,0.016666666666666666,0.038461538461538464,0.0392156862745098,0.023255813953488372,,0.08333333333333333,0.17647058823529413,,,0.0625,,0.0625,,,0.13333333333333333,0.14285714285714285,,0.42857142857142855,0.07142857142857142,0.07692307692307693,0.07692307692307693,
Lysobacter gummosus,0.003067484662576687,,,,0.006756756756756757,,,,,,,0.0392156862745098,,,,,,,,,,,,0.06666666666666667,,,,,,0.07692307692307693,
Lysobacter lycopersici,0.04447852760736196,,0.05641025641025641,0.005555555555555556,0.006756756756756757,,,,0.030303030303030304,,0.019230769230769232,0.0196078431372549,,,0.027777777777777776,0.058823529411764705,,,,,,,,0.06666666666666667,,,0.07142857142857142,,,0.07692307692307693,
Lysobacter maris,0.02147239263803681,0.004750593824228029,0.05128205128205128,0.005555555555555556,0.013513513513513514,,,,0.015151515151515152,,0.019230769230769232,0.0392156862745098,,,0.027777777777777776,,,,,,,,,0.06666666666666667,,,0.07142857142857142,,,0.07692307692307693,
Lysobacter oculi,0.3588957055214724,0.011876484560570071,0.11794871794871795,0.07222222222222222,0.013513513513513514,,,0.1891891891891892,0.10606060606060606,0.03333333333333333,0.057692307692307696,0.0392156862745098,,,0.1388888888888889,0.058823529411764705,,,0.1875,,,,0.1875,0.13333333333333333,,,0.42857142857142855,0.5,,0.07692307692307693,0.08333333333333333
Lysobacter soli,0.03374233128834356,0.007125890736342043,0.1076923076923077,0.022222222222222223,0.006756756756756757,,,0.02702702702702703,0.015151515151515152,,0.038461538461538464,0.0392156862745098,,,0.027777777777777776,,,,,,,,,0.13333333333333333,,0.07142857142857142,0.2857142857142857,0.07142857142857142,0.07692307692307693,0.07692307692307693,
Lysobacter sp. HDW10,0.003067484662576687,,,,,,,,0.045454545454545456,,,,,,0.027777777777777776,,,,,,,,0.0625,0.06666666666666667,,,,,,,
Lysobacter sp. TY2-98,0.06901840490797546,0.0023752969121140144,0.13846153846153847,0.03333333333333333,,0.018018018018018018,,0.013513513513513514,0.045454545454545456,0.03333333333333333,0.019230769230769232,0.0196078431372549,,,0.027777777777777776,,,,,,,,,0.06666666666666667,,,0.35714285714285715,0.14285714285714285,0.07692307692307693,0.07692307692307693,
Macrococcus canis,,0.009501187648456057,,,,,,,,,,,,,,,,,,,,,,,,,,,,,
Macrococcus caseolyticus,0.003067484662576687,0.011876484560570071,0.010256410256410256,0.005555555555555556,,0.009009009009009009,,0.013513513513513514,,,,,,,,,,,,,,,,,,,,,,,
Macrococcus sp. IME1552,,0.009501187648456057,,,0.006756756756756757,,,,,,,0.0196078431372549,,0.4864864864864865,,,,,,,,,,,,,,,,,
Mageeibacillus indolicus,,,,,,,,,,,,,0.023255813953488372,,,,,,,,,,,,,,,,,,
Magnetospirillum gryphiswaldense,,,,0.011111111111111112,,,,,0.015151515151515152,,,,,,,,,,,,,,,,,,,,,,
Mahella australiensis,,,,,,,0.010416666666666666,,,,,,,,,,,,,,,,,,,,,,,,
Malassezia restricta,0.7530674846625767,0.6769596199524941,0.6307692307692307,0.8222222222222222,0.7837837837837838,0.9099099099099099,0.78125,0.7837837837837838,0.7121212121212122,0.4666666666666667,0.6730769230769231,,0.9069767441860465,0.918918918918919,0.9722222222222222,0.6470588235294118,,,1.0,0.875,0.9375,0.3125,0.9375,0.8666666666666667,1.0,0.8571428571428571,0.7142857142857143,0.2857142857142857,0.8461538461538461,,1.0
Mameliella alba,0.018404907975460124,,,,0.006756756756756757,,,0.02702702702702703,,,,,,,,,,,,,,,,,,,,,,,
Mannheimia sp. USDA-ARS-USMARC-1261,,,,,,0.009009009009009009,,,,,,,,,,,,,,,,,,,,,,,,,
Maribacter cobaltidurans,,,,,,,,,,,,,,0.24324324324324326,,,,,,,,,,,,,,,,,
Maribius sp. THAF1,0.02147239263803681,,,,,,,,,,,,,,,,,,,,,,,,,,,,,,
Marinilactibacillus sp. 15R,,0.0023752969121140144,,,,,,,,,,,,,,,,,,,,,,,,,,,,,
Marinobacter hydrocarbonoclasticus,0.024539877300613498,,,,,,,,,,,,,,,,,,,,,,,,,,,,,,
Marinobacter sp. JH2,0.0015337423312883436,,,,,,,,,,,,,,,,,,,,,,,,,,,,,,
Marinobacter sp. LQ44,0.0015337423312883436,,0.005128205128205128,,,,,,,,,,,,,,,,,,,,,,,,,,,,
Marinomonas primoryensis,,0.0023752969121140144,,,,,,,,,,,,,,,,,,,,,,,,,,,,,
Marinovum algicola,0.019938650306748466,,,,,,,0.02702702702702703,,,,,,,,,,,,,,,,,,,,,,,
Marisediminicola antarctica,,0.0023752969121140144,,0.005555555555555556,,,,,,,0.019230769230769232,,,,,,,,,,,,,,,,,,,,
Marmoricola scoriae,0.25153374233128833,0.6484560570071259,0.4358974358974359,0.5277777777777778,0.5067567567567568,0.23423423423423423,0.020833333333333332,0.581081081081081,0.12121212121212122,0.11666666666666667,0.6923076923076923,,0.8604651162790697,0.2702702702702703,0.8333333333333334,0.7647058823529411,,,0.75,1.0,0.625,1.0,0.5625,0.6666666666666666,0.7857142857142857,0.21428571428571427,0.7857142857142857,0.5714285714285714,0.7692307692307693,,0.5
Massilia albidiflava,0.004601226993865031,0.021377672209026127,0.06666666666666667,0.05,0.17567567567567569,0.04504504504504504,0.010416666666666666,0.04054054054054054,,0.08333333333333333,0.07692307692307693,0.0196078431372549,0.3488372093023256,0.05405405405405406,0.08333333333333333,0.5882352941176471,,0.125,0.25,0.0625,0.3125,0.75,0.125,,0.07142857142857142,,,0.14285714285714285,0.3076923076923077,0.07692307692307693,
Massilia armeniaca,0.009202453987730062,0.011876484560570071,0.06153846153846154,0.07222222222222222,0.17567567567567569,0.04504504504504504,,0.013513513513513514,,0.1,0.038461538461538464,0.0196078431372549,0.3023255813953488,,0.05555555555555555,0.47058823529411764,,0.125,,,0.0625,0.5625,0.0625,,0.2857142857142857,,0.21428571428571427,0.14285714285714285,0.3076923076923077,0.07692307692307693,
Massilia flava,0.004601226993865031,0.007125890736342043,0.06153846153846154,0.03333333333333333,0.10810810810810811,0.009009009009009009,,0.013513513513513514,,0.06666666666666667,0.038461538461538464,0.0196078431372549,0.16279069767441862,,0.05555555555555555,0.4117647058823529,,0.125,,,,0.4375,0.0625,,,,,0.14285714285714285,0.3076923076923077,0.07692307692307693,
Massilia lutea,0.0015337423312883436,0.05938242280285035,0.06666666666666667,0.1111111111111111,0.28378378378378377,0.10810810810810811,0.020833333333333332,0.05405405405405406,,0.1,0.11538461538461539,0.0196078431372549,0.4418604651162791,0.08108108108108109,0.1388888888888889,0.7647058823529411,,0.125,0.375,0.1875,0.375,1.0,0.1875,0.06666666666666667,0.21428571428571427,,,0.14285714285714285,0.3076923076923077,0.07692307692307693,
Massilia oculi,0.2561349693251534,0.5534441805225653,0.6564102564102564,0.5722222222222222,0.7635135135135135,0.5585585585585585,0.28125,0.32432432432432434,0.7272727272727273,0.3,0.6346153846153846,0.5294117647058824,0.6511627906976745,0.6486486486486487,0.8333333333333334,1.0,0.7647058823529411,0.1875,1.0,1.0,0.9375,1.0,0.75,0.6666666666666666,0.8571428571428571,0.2857142857142857,0.7142857142857143,0.2857142857142857,0.7692307692307693,0.23076923076923078,0.5
Massilia plicata,0.004601226993865031,0.0166270783847981,0.035897435897435895,0.027777777777777776,0.14189189189189189,0.04504504504504504,,,,0.05,0.038461538461538464,0.0196078431372549,0.3023255813953488,0.02702702702702703,0.05555555555555555,0.35294117647058826,,0.125,,,,0.5,0.0625,,0.2857142857142857,,,0.14285714285714285,0.3076923076923077,0.07692307692307693,
Massilia putida,0.10889570552147239,0.0166270783847981,0.27692307692307694,0.24444444444444444,0.43243243243243246,0.1891891891891892,,0.10810810810810811,0.030303030303030304,0.2833333333333333,0.21153846153846154,0.11764705882352941,0.46511627906976744,0.10810810810810811,0.05555555555555555,0.7647058823529411,0.17647058823529413,0.1875,0.125,0.0625,0.3125,0.9375,0.125,,0.5714285714285714,0.21428571428571427,0.42857142857142855,0.21428571428571427,0.6153846153846154,0.07692307692307693,0.08333333333333333
Massilia sp. NR 4-1,0.003067484662576687,0.0023752969121140144,0.035897435897435895,0.011111111111111112,0.07432432432432433,0.018018018018018018,,,,0.03333333333333333,,0.0196078431372549,0.13953488372093023,0.02702702702702703,,0.35294117647058826,,0.125,,,,0.125,0.0625,,,,,0.14285714285714285,0.07692307692307693,0.07692307692307693,
Massilia sp. WG5,0.12576687116564417,0.035629453681710214,0.4666666666666667,0.29444444444444445,0.5135135135135135,0.23423423423423423,,0.13513513513513514,0.030303030303030304,0.31666666666666665,0.25,0.17647058823529413,0.5116279069767442,0.13513513513513514,0.19444444444444445,0.9411764705882353,0.23529411764705882,0.1875,0.25,0.125,0.4375,1.0,0.1875,0.06666666666666667,0.7142857142857143,0.2857142857142857,0.7142857142857143,0.14285714285714285,0.6153846153846154,0.07692307692307693,0.25
Massilia umbonata,0.003067484662576687,0.019002375296912115,0.05641025641025641,0.03888888888888889,0.18243243243243243,0.036036036036036036,0.010416666666666666,0.02702702702702703,,0.06666666666666667,0.038461538461538464,0.0196078431372549,0.3488372093023256,0.05405405405405406,0.08333333333333333,0.5882352941176471,,0.125,0.25,0.0625,0.25,0.6875,0.125,0.06666666666666667,0.07142857142857142,,,0.14285714285714285,0.3076923076923077,0.07692307692307693,
Massilia violaceinigra,0.018404907975460124,0.06175771971496437,0.10256410256410256,0.07222222222222222,0.2972972972972973,0.08108108108108109,,0.02702702702702703,0.030303030303030304,0.13333333333333333,0.09615384615384616,0.0392156862745098,0.6511627906976745,0.05405405405405406,0.3055555555555556,0.8823529411764706,0.11764705882352941,0.125,0.125,0.125,0.125,0.875,0.125,0.06666666666666667,0.5,,,0.14285714285714285,0.38461538461538464,0.07692307692307693,
Massilistercora timonensis,,,,0.005555555555555556,,,,,,,,,,,,,,,,,,,,,,,,,,,
Megamonas funiformis,,0.004750593824228029,0.005128205128205128,,,,0.020833333333333332,,,,,,,,,0.5882352941176471,,,0.125,,0.125,,,,,,,,,,
Megamonas hypermegale,,,,,,,0.010416666666666666,,,,,,,,,,,,,,,,,,,,,,,,
Megasphaera elsdenii,0.007668711656441718,,,,0.006756756756756757,,0.010416666666666666,,,,,,,,,,,,,,,,,,,,,,,,
Meiothermus ruber,0.0015337423312883436,,,,,,,0.013513513513513514,,,,,,,,,,,,,,,,,,,,,,,
Meiothermus silvanus,,,0.005128205128205128,,,,0.010416666666666666,,,,,,,,,,,,,,,,,,,,0.07142857142857142,,,,
Melaminivora sp. SC2-9,0.0015337423312883436,,0.010256410256410256,,0.006756756756756757,,,,0.030303030303030304,,,,,,,,,,,,,,,,,,0.07142857142857142,,,,
Melittangium boletus,0.010736196319018405,0.011876484560570071,0.26666666666666666,0.027777777777777776,0.02027027027027027,0.02702702702702703,,0.013513513513513514,0.015151515151515152,0.03333333333333333,0.11538461538461539,,,,,,,,,,,,,,0.07142857142857142,,0.14285714285714285,,0.15384615384615385,,
Mesorhizobium amorphae,,,,0.005555555555555556,,,,,,,,,,,,,,,,,,,,,,,,,,,
Mesorhizobium loti,,,,0.005555555555555556,,,,,,,,,,,,,,,,,,,,,,,,,,,
Mesorhizobium oceanicum,0.007668711656441718,,,0.005555555555555556,,,,,,,,,,,,,,,,,,,,,,,,,,,
Mesorhizobium sp. 8,0.012269938650306749,0.0498812351543943,,0.005555555555555556,,,,,,,0.019230769230769232,,,,,,,,,,,,,,,,,,,,
Mesorhizobium sp. DCY119,0.003067484662576687,0.009501187648456057,,0.005555555555555556,,,,,,,,,,,,,,,,,,,,,,,,,,,
Mesorhizobium sp. M1B.F.Ca.ET.045.04.1.1,,,,0.005555555555555556,,,,,,,,,,,,,,,,,,,,,,,,,,,
Mesorhizobium sp. M1D.F.Ca.ET.043.01.1.1,,,,0.005555555555555556,,,,,,,,,,,,,,,,,,,,,,,,,,,
Mesorhizobium sp. M1E.F.Ca.ET.045.02.1.1,,,,0.005555555555555556,,,,,,,,,,,,,,,,,,,,,,,,,,,
Mesorhizobium sp. M3A.F.Ca.ET.080.04.2.1,,,,0.005555555555555556,,,,,,,,,,,,,,,,,,,,,,,,,,,
Mesorhizobium sp. M4B.F.Ca.ET.058.02.1.1,,,,0.005555555555555556,,,,,,,,,,,,,,,,,,,,,,,,,,,
Mesorhizobium sp. M9A.F.Ca.ET.002.03.1.2,,,,0.005555555555555556,,,,,,,,,,,,,,,,,,,,,,,,,,,
Mesorhizobium sp. NIBRBAC000500504,0.6794478527607362,0.0166270783847981,0.21025641025641026,0.7611111111111111,0.3918918918918919,,,0.7027027027027027,0.15151515151515152,0.7833333333333333,0.34615384615384615,,0.27906976744186046,0.32432432432432434,,,,,,0.25,0.4375,,0.375,0.26666666666666666,0.42857142857142855,1.0,0.5,,0.9230769230769231,,1.0
Mesorhizobium sp. Pch-S,0.003067484662576687,0.009501187648456057,,0.005555555555555556,,,,,,,,,,,,,,,,,,,,,,,,,,,
Methanobrevibacter millerae,,,0.005128205128205128,,,,,,,,,,,,,,,,,,,,,,,,,,,,
Methanobrevibacter smithii,,,0.005128205128205128,,,0.009009009009009009,,,,,,,,,,,,,,,,,,,,,,,,,
Methanosarcina thermophila,,0.0023752969121140144,,,,,,,,,,,,,,,,,,,,,,,,,,,,,
Methanosphaera sp. BMS,,,,,,,,,,,,,0.023255813953488372,,,,,,,,,,,,,,,,,,
Methanothrix soehngenii,,,,,,,,,,0.016666666666666666,,,,,,,,,,,,,,,,,,,,,
Methylibium petroleiphilum,0.007668711656441718,,,0.027777777777777776,0.013513513513513514,,,0.013513513513513514,,,,,,,,,,,,,,,,,,,,,,,
Methylibium sp. Pch-M,0.009202453987730062,,,0.03333333333333333,0.013513513513513514,,,0.013513513513513514,,,,,,,,,,,,,,,,,,,,,,,
Methylobacillus flagellatus,0.003067484662576687,,,,,,,,,,,,,,,,,,,,,,,,,,,,,,
Methylobacterium aquaticum,0.18711656441717792,0.021377672209026127,0.13333333333333333,0.38333333333333336,0.02027027027027027,0.08108108108108109,,0.32432432432432434,,0.1,0.4423076923076923,,,,,,,,,0.1875,0.125,0.125,0.0625,,0.42857142857142855,0.21428571428571427,0.21428571428571427,0.14285714285714285,0.07692307692307693,,0.08333333333333333
Methylobacterium brachiatum,0.6733128834355828,0.06175771971496437,0.2358974358974359,0.7777777777777778,0.5608108108108109,0.3153153153153153,,0.7702702702702703,0.07575757575757576,0.6,0.7884615384615384,,0.20930232558139536,0.3783783783783784,,0.058823529411764705,,,,0.375,0.5,0.6875,0.25,0.13333333333333333,1.0,1.0,0.35714285714285715,0.21428571428571427,1.0,,1.0
Methylobacterium currus,0.17331288343558282,0.004750593824228029,0.13846153846153847,0.36666666666666664,0.02027027027027027,0.06306306306306306,,0.32432432432432434,,0.06666666666666667,0.28846153846153844,,,0.02702702702702703,,,,,,0.0625,0.0625,,,,0.2857142857142857,0.14285714285714285,0.2857142857142857,0.14285714285714285,0.23076923076923078,,
Methylobacterium durans,0.2776073619631902,0.1330166270783848,0.13846153846153847,0.4722222222222222,0.08108108108108109,0.18018018018018017,,0.5135135135135135,,0.1,0.5961538461538461,,0.09302325581395349,0.05405405405405406,0.027777777777777776,0.058823529411764705,,,,0.375,0.25,0.8125,,0.06666666666666667,0.7857142857142857,0.7142857142857143,0.2857142857142857,0.21428571428571427,0.6923076923076923,,0.25
Methylobacterium mesophilicum,0.6855828220858896,0.057007125890736345,0.35384615384615387,0.7833333333333333,0.44594594594594594,0.36936936936936937,,0.7297297297297297,0.07575757575757576,0.5666666666666667,0.6538461538461539,,0.23255813953488372,0.35135135135135137,,,,,,0.25,0.5,0.8125,0.125,0.13333333333333333,0.8571428571428571,1.0,0.5,0.14285714285714285,0.9230769230769231,,1.0
Methylobacterium nodulans,0.15184049079754602,0.021377672209026127,0.05128205128205128,0.35555555555555557,0.006756756756756757,0.07207207207207207,,0.33783783783783783,,0.03333333333333333,0.4423076923076923,,,0.02702702702702703,,,,,,0.1875,0.125,0.1875,,,0.5,0.21428571428571427,0.35714285714285715,0.14285714285714285,0.07692307692307693,,
Methylobacterium oryzae,0.013803680981595092,,,0.027777777777777776,,0.009009009009009009,,0.04054054054054054,,,0.019230769230769232,,,,,,,,,,,,,,,,,,,,
Methylobacterium phyllosphaerae,0.17331288343558282,0.004750593824228029,0.015384615384615385,0.18333333333333332,0.02027027027027027,0.018018018018018018,,0.13513513513513514,,0.05,0.15384615384615385,,0.023255813953488372,,,,,,,,,,,,,0.5714285714285714,,,0.3076923076923077,,
Methylobacterium radiotolerans,0.4708588957055215,0.004750593824228029,0.18461538461538463,0.5388888888888889,0.23648648648648649,0.036036036036036036,,0.44594594594594594,0.06060606060606061,0.36666666666666664,0.2692307692307692,,0.09302325581395349,0.10810810810810811,,,,,,,,0.0625,0.0625,0.06666666666666667,,0.7857142857142857,0.5,0.14285714285714285,0.6153846153846154,,0.8333333333333334
Methylobacterium sp. 17Sr1-1,0.147239263803681,0.004750593824228029,0.1282051282051282,0.25,,0.04504504504504504,,0.2702702702702703,,0.03333333333333333,0.28846153846153844,,,,,,,,,,0.0625,,,,0.07142857142857142,0.14285714285714285,0.35714285714285715,0.14285714285714285,,,
Methylobacterium sp. 17Sr1-43,0.5797546012269938,0.10926365795724466,0.37435897435897436,0.6055555555555555,0.10135135135135136,0.1891891891891892,0.010416666666666666,0.6486486486486487,,0.21666666666666667,0.6538461538461539,,0.06976744186046512,0.08108108108108109,,0.058823529411764705,,,,0.3125,0.25,0.75,0.0625,0.06666666666666667,0.8571428571428571,0.9285714285714286,0.6428571428571429,0.21428571428571427,0.6923076923076923,,0.3333333333333333
Methylobacterium sp. 4-46,0.22699386503067484,0.0665083135391924,0.09743589743589744,0.42777777777777776,0.033783783783783786,0.11711711711711711,,0.4864864864864865,,0.1,0.5769230769230769,,0.023255813953488372,0.05405405405405406,,,,,,0.1875,0.25,0.625,,,0.7142857142857143,0.2857142857142857,0.5,0.21428571428571427,0.6923076923076923,,
Methylobacterium sp. AMS5,0.046012269938650305,0.0023752969121140144,0.015384615384615385,0.03888888888888889,,0.02702702702702703,,0.10810810810810811,,,0.038461538461538464,,,,,,,,,,,,0.0625,,,,,,,,
Methylobacterium sp. C1,0.40950920245398775,0.0023752969121140144,0.14358974358974358,0.4888888888888889,0.21621621621621623,0.018018018018018018,,0.3783783783783784,0.030303030303030304,0.3333333333333333,0.25,,0.023255813953488372,0.10810810810810811,,,,,,,,,0.0625,0.06666666666666667,,0.7142857142857143,0.2857142857142857,0.14285714285714285,0.46153846153846156,,0.5833333333333334
Methylobacterium sp. DM1,0.05368098159509203,0.004750593824228029,0.020512820512820513,0.08888888888888889,0.013513513513513514,0.02702702702702703,,0.0945945945945946,,0.016666666666666666,0.038461538461538464,,,,,,,,,,,,0.0625,,0.07142857142857142,0.14285714285714285,,,0.07692307692307693,,
Methylobacterium sp. WL1,0.49233128834355827,0.12114014251781473,0.15384615384615385,0.6111111111111112,0.20945945945945946,0.40540540540540543,,0.5675675675675675,0.015151515151515152,0.18333333333333332,0.7115384615384616,,0.2558139534883721,0.21621621621621623,0.1111111111111111,,,,,0.3125,0.4375,0.9375,0.0625,0.13333333333333333,0.7142857142857143,1.0,0.14285714285714285,0.14285714285714285,0.8461538461538461,,0.9166666666666666
Methylobacterium sp. XJLW,0.05521472392638037,,0.010256410256410256,0.1111111111111111,0.013513513513513514,0.02702702702702703,,0.08108108108108109,,0.03333333333333333,0.07692307692307693,,,,,,,,,,,,,,,0.14285714285714285,,,0.07692307692307693,,
Methylobacterium terrae,0.13650306748466257,0.009501187648456057,0.13846153846153847,0.25555555555555554,,0.02702702702702703,,0.2702702702702703,,0.05,0.2692307692307692,,,,,,,,,,0.0625,,,,,0.14285714285714285,0.35714285714285715,0.14285714285714285,,,
Methylocella silvestris,0.0015337423312883436,,,,,,,,,,,,,,,,,,,,,,,,,,,,,,
Methylocella tundrae,0.0015337423312883436,,,,,,,,,,,,,,,,,,,,,,,,,,,,,,
Methylocystis bryophila,0.0015337423312883436,,,,,,,,,,,,,,,,,,,,,,,,,,,,,,
Methylocystis heyeri,0.0015337423312883436,,,,,,,,,,,,,,,,,,,,,,,,,,,,,,
Methylocystis parvus,0.003067484662576687,,,,,,,,,,,,,,,,,,,,,,,,,,,,,,
Methylocystis rosea,0.0015337423312883436,,,,,,,,,,,,,,,,,,,,,,,,,,,,,,
Methylomicrobium album,0.004601226993865031,,,,,,,,,,,,,,,,,,,,,,,,,,,,,,
Methylomonas clara,,,0.005128205128205128,,,,,,,,,,,,,,,,,,,,,,,,,,,,
Methylomonas methanica,,,,,0.006756756756756757,,,,,,,,,,,,,,,,,,,,,,,,,,
Methylorubrum extorquens,0.6165644171779141,0.07125890736342043,0.1641025641025641,0.7166666666666667,0.4594594594594595,0.15315315315315314,,0.6891891891891891,0.06060606060606061,0.6,0.75,,0.16279069767441862,0.2972972972972973,,0.058823529411764705,,,0.5,0.6875,0.5,0.875,0.1875,0.13333333333333333,0.7857142857142857,1.0,0.2857142857142857,0.14285714285714285,1.0,,0.9166666666666666
Methylorubrum populi,0.74079754601227,0.07125890736342043,0.48717948717948717,0.7777777777777778,0.3108108108108108,0.0990990990990991,0.010416666666666666,0.8108108108108109,0.07575757575757576,0.6,0.8076923076923077,,0.16279069767441862,0.2972972972972973,,0.058823529411764705,,,,0.375,0.5625,0.3125,0.375,0.13333333333333333,0.9285714285714286,1.0,0.7857142857142857,0.42857142857142855,0.9230769230769231,,0.9166666666666666
Methylorubrum zatmanii,,,,,,,,,,,0.019230769230769232,,,,,,,,,,,,,,,,,,,,
Methylosinus sp. C49,0.0015337423312883436,,,,,,,,,,,,,,,,,,,,,,,,,,,,,,
Methylosinus trichosporium,0.004601226993865031,,,,,,,,,,,,,,,,,,,,,,,,,,,,,,
Methyloversatilis sp. RAC08,0.003067484662576687,0.0023752969121140144,,,0.006756756756756757,,,,,,,,,,,,,,,,,,,,,,,,,,
Methylovirgula ligni,0.003067484662576687,,,,,,,,,,,,,,,,,,,,,,,,,,,,,,
Methylovulum psychrotolerans,,,,,,,0.07291666666666667,,,,,,,,,,,,,,,,,,,,,,,,
Micavibrio aeruginosavorus,,0.0023752969121140144,,,,,,,0.015151515151515152,,,,,,,,,,,,,,,,,,,,,,
Microbacteriaceae bacterium WY83,0.010736196319018405,0.24465558194774348,0.005128205128205128,0.03888888888888889,0.22297297297297297,0.036036036036036036,,0.04054054054054054,0.030303030303030304,0.05,0.07692307692307693,,0.3488372093023256,,0.05555555555555555,0.7058823529411765,,,0.0625,0.4375,0.125,,0.0625,0.06666666666666667,0.14285714285714285,,,,0.38461538461538464,,
Microbacterium amylolyticum,,,,,,,,,0.015151515151515152,,,,,,0.027777777777777776,,,,,,,,,0.06666666666666667,,,,,,,
Microbacterium aurum,0.4279141104294479,0.5083135391923991,0.358974358974359,0.5777777777777777,0.5337837837837838,0.05405405405405406,0.020833333333333332,0.6756756756756757,0.2878787878787879,0.2,0.40384615384615385,,0.2558139534883721,0.08108108108108109,0.25,0.17647058823529413,,,0.75,0.3125,0.3125,0.25,0.75,0.26666666666666666,0.07142857142857142,0.14285714285714285,1.0,0.7857142857142857,0.38461538461538464,,0.25
Microbacterium chocolatum,0.06288343558282208,0.16389548693586697,0.16923076923076924,0.016666666666666666,0.1891891891891892,,0.020833333333333332,0.04054054054054054,0.015151515151515152,0.03333333333333333,0.057692307692307696,,0.046511627906976744,0.02702702702702703,0.16666666666666666,,,,0.25,,,,0.125,0.13333333333333333,,0.07142857142857142,,0.14285714285714285,,,
Microbacterium endophyticum,,,,,,,,,,,,,,,0.08333333333333333,,,,,,,,,0.13333333333333333,,,,,,,
Microbacterium foliorum,0.0598159509202454,0.7434679334916865,0.15897435897435896,0.23333333333333334,0.40540540540540543,0.11711711711711711,0.020833333333333332,0.21621621621621623,0.030303030303030304,0.11666666666666667,0.5192307692307693,,0.46511627906976744,0.6486486486486487,0.4444444444444444,0.8235294117647058,,,0.5,0.5625,0.4375,0.9375,0.3125,0.6,0.2857142857142857,0.07142857142857142,,0.07142857142857142,0.5384615384615384,,
Microbacterium hominis,0.03987730061349693,0.13539192399049882,0.041025641025641026,0.07222222222222222,0.14864864864864866,0.009009009009009009,,0.0945945945945946,0.030303030303030304,0.05,0.019230769230769232,,,0.02702702702702703,0.1388888888888889,,,,0.25,,,,0.0625,0.13333333333333333,0.07142857142857142,0.07142857142857142,,,,,
Microbacterium lemovicicum,0.024539877300613498,0.45368171021377673,0.02564102564102564,0.12222222222222222,0.19594594594594594,0.02702702702702703,,0.12162162162162163,0.015151515151515152,0.06666666666666667,0.4807692307692308,,0.2558139534883721,0.2702702702702703,0.3611111111111111,,,,0.375,0.6875,0.3125,0.6875,0.1875,0.3333333333333333,0.07142857142857142,0.07142857142857142,,,0.38461538461538464,,
Microbacterium oleivorans,0.06441717791411043,0.05938242280285035,0.15897435897435896,0.011111111111111112,0.013513513513513514,,0.010416666666666666,0.013513513513513514,,0.05,0.019230769230769232,,,,0.1111111111111111,0.17647058823529413,,,0.125,0.0625,,,0.125,0.13333333333333333,,0.07142857142857142,,0.14285714285714285,,,0.08333333333333333
Microbacterium oryzae,0.004601226993865031,0.047505938242280284,0.02564102564102564,0.005555555555555556,,,,,0.030303030303030304,,,,,,0.08333333333333333,0.17647058823529413,,,0.125,,,0.0625,,0.13333333333333333,,,,,,,
Microbacterium oxydans,0.024539877300613498,0.38004750593824227,0.020512820512820513,0.03888888888888889,0.14189189189189189,0.018018018018018018,,0.013513513513513514,0.07575757575757576,0.016666666666666666,0.038461538461538464,0.0196078431372549,0.06976744186046512,0.4864864864864865,0.1388888888888889,0.058823529411764705,,,0.125,,,0.0625,0.125,0.2,0.14285714285714285,0.07142857142857142,,,0.07692307692307693,,
Microbacterium paludicola,,,0.02564102564102564,,,,,,,,,,,,,,,,,,,,,,,,,,,,
Microbacterium paraoxydans,0.02147239263803681,0.18052256532066507,,,,0.009009009009009009,,,,,,,,,,,,,,,,,,,,,,,,,
Microbacterium protaetiae,,0.0332541567695962,,0.005555555555555556,,,,,0.015151515151515152,,0.019230769230769232,,,,0.08333333333333333,,,,0.125,,,,,0.13333333333333333,,,,,,,
Microbacterium pygmaeum,0.013803680981595092,0.28028503562945367,0.005128205128205128,0.07777777777777778,0.033783783783783786,0.009009009009009009,,0.06756756756756757,0.015151515151515152,0.016666666666666666,0.09615384615384616,,0.18604651162790697,,0.2777777777777778,,,,0.1875,0.1875,,0.1875,0.125,0.2,,0.07142857142857142,,,0.23076923076923078,,0.08333333333333333
Microbacterium sediminis,0.010736196319018405,0.05938242280285035,0.08205128205128205,0.03888888888888889,0.006756756756756757,,,0.05405405405405406,0.07575757575757576,,0.019230769230769232,,,,0.1111111111111111,,,,0.125,,,0.0625,,0.13333333333333333,,,,,0.15384615384615385,,
Microbacterium sp. 1.5R,,0.0332541567695962,,,,,,,,,,,,,,,,,,,,,,,,,,,0.07692307692307693,,
Microbacterium sp. 10M-3C3,0.049079754601226995,0.12826603325415678,0.08205128205128205,0.03333333333333333,0.04054054054054054,0.009009009009009009,,0.02702702702702703,0.015151515151515152,0.03333333333333333,0.019230769230769232,,,,0.16666666666666666,,,,0.1875,,,0.0625,0.0625,0.13333333333333333,,0.07142857142857142,,0.07142857142857142,,,
Microbacterium sp. 1S1,0.08282208588957055,0.23990498812351543,,0.005555555555555556,,0.009009009009009009,,,0.030303030303030304,,,,,,0.05555555555555555,,,,,,,,,0.13333333333333333,,0.07142857142857142,,,,,
Microbacterium sp. 4R-513,0.03374233128834356,0.2660332541567696,0.05641025641025641,0.06666666666666667,0.04054054054054054,0.009009009009009009,,0.0945945945945946,0.015151515151515152,0.03333333333333333,0.057692307692307696,,0.16279069767441862,,0.19444444444444445,0.058823529411764705,,,0.1875,0.0625,0.0625,0.625,0.25,0.13333333333333333,,0.07142857142857142,,0.14285714285714285,0.23076923076923078,,
Microbacterium sp. ABRD_28,0.07515337423312883,0.06413301662707839,0.06666666666666667,0.07222222222222222,0.006756756756756757,0.018018018018018018,,0.05405405405405406,0.015151515151515152,0.016666666666666666,0.057692307692307696,,,0.02702702702702703,0.1111111111111111,,,,0.1875,,,,0.0625,0.13333333333333333,,,0.42857142857142855,0.14285714285714285,,,
Microbacterium sp. BH-3-3-3,0.029141104294478526,0.08788598574821853,0.15384615384615385,0.05555555555555555,,0.018018018018018018,,0.05405405405405406,0.015151515151515152,,0.17307692307692307,,,,0.1111111111111111,,,,0.125,,,0.1875,,0.2,,0.07142857142857142,,0.14285714285714285,,,
Microbacterium sp. CBA3102,,0.19002375296912113,,0.005555555555555556,,0.009009009009009009,,,,,,,,,0.08333333333333333,,,,,,,,,0.13333333333333333,0.07142857142857142,,,,,,
Microbacterium sp. CGR1,,0.0332541567695962,,,,,,,,,,,,,,,,,,,,,,,,,,,0.07692307692307693,,
Microbacterium sp. L-031,0.0015337423312883436,0.04275534441805225,0.015384615384615385,0.005555555555555556,,,,,0.015151515151515152,,,,,,0.08333333333333333,,,,0.125,,,,,0.13333333333333333,,,,,,,
Microbacterium sp. LKL04,0.11196319018404909,0.08076009501187649,0.2923076923076923,0.06111111111111111,0.10810810810810811,0.009009009009009009,0.010416666666666666,0.02702702702702703,0.030303030303030304,0.08333333333333333,0.057692307692307696,,,,0.1388888888888889,0.17647058823529413,,,0.1875,0.0625,,0.0625,0.0625,0.13333333333333333,,0.14285714285714285,0.07142857142857142,0.21428571428571427,0.07692307692307693,,
Microbacterium sp. No. 7,0.07208588957055215,0.2684085510688836,0.09230769230769231,0.1,0.1554054054054054,0.018018018018018018,,0.06756756756756757,0.015151515151515152,0.03333333333333333,0.057692307692307696,,0.06976744186046512,0.02702702702702703,0.1388888888888889,,,,0.1875,,,0.125,0.0625,0.13333333333333333,0.07142857142857142,0.07142857142857142,,0.2857142857142857,0.15384615384615385,,
Microbacterium sp. PAMC 28756,0.0705521472392638,0.27078384798099764,0.015384615384615385,0.005555555555555556,,0.009009009009009009,,0.013513513513513514,0.015151515151515152,,,,,,0.05555555555555555,,,,,,,,0.0625,,,0.07142857142857142,,,,,
Microbacterium sp. PM5,0.04141104294478527,0.07600950118764846,0.03076923076923077,0.044444444444444446,0.0472972972972973,,,,0.015151515151515152,0.05,0.019230769230769232,,,0.02702702702702703,0.1388888888888889,,,,0.1875,,,,0.0625,0.13333333333333333,0.07142857142857142,0.07142857142857142,,,,,
Microbacterium sp. RG1,0.019938650306748466,0.052256532066508314,0.06666666666666667,0.016666666666666666,0.006756756756756757,0.009009009009009009,,,0.015151515151515152,,0.019230769230769232,,,,0.1111111111111111,,,,0.125,,,,,0.13333333333333333,,,,,,,
Microbacterium sp. SGAir0570,,0.0023752969121140144,0.020512820512820513,,,,,,,,,,,,,,,,,,,,,,,,,,,,
Microbacterium sp. ST-M6,0.004601226993865031,0.05463182897862233,0.015384615384615385,0.005555555555555556,,,,,0.015151515151515152,,0.019230769230769232,,,,0.1111111111111111,,,,0.125,,,,,0.13333333333333333,,,,,,,
Microbacterium sp. TPU 3598,,0.17339667458432304,,,,0.009009009009009009,0.020833333333333332,,,,,,,,0.08333333333333333,,,,,,,,0.0625,0.2,,,,,,,
Microbacterium sp. XT11,,0.15676959619952494,0.010256410256410256,0.005555555555555556,,,,,0.015151515151515152,,,,,,0.1111111111111111,,,,0.125,,,0.0625,0.0625,0.13333333333333333,,,,,,,
Microbacterium sp. Y-01,0.010736196319018405,0.29453681710213775,0.005128205128205128,0.005555555555555556,,0.009009009009009009,,,0.045454545454545456,0.016666666666666666,0.019230769230769232,,,0.08108108108108109,0.08333333333333333,,,,0.125,,,0.0625,0.0625,0.2,,0.07142857142857142,,,,,
Microbacterium sp. str. 'China',0.0015337423312883436,0.1876484560570071,,,,0.009009009009009009,,,,,,,,,,,,,,,,,,,,,,,,,
Microbacterium testaceum,0.0352760736196319,0.057007125890736345,0.1641025641025641,0.05,0.006756756756756757,0.009009009009009009,,0.04054054054054054,0.015151515151515152,,0.07692307692307693,,,,0.1111111111111111,,,,0.125,,,,,0.13333333333333333,,0.07142857142857142,,0.14285714285714285,,,
Microbacterium wangchenii,0.0015337423312883436,0.035629453681710214,,0.005555555555555556,,,,,0.015151515151515152,,,,,,0.08333333333333333,,,,0.125,,,,,0.13333333333333333,,,,,,,
Microbulbifer sp. THAF38,,,,,,,,,,,,,,,,,,,,,,,,0.06666666666666667,,,,,,,
Microcella alkaliphila,0.003067484662576687,0.009501187648456057,0.010256410256410256,,,,,,0.015151515151515152,,,,,0.02702702702702703,,,,,,,,,,,,,,,0.07692307692307693,,
Microchaete diplosiphon,0.010736196319018405,,,,,,,,,,,,,,,,,,,,,,,,,,,,,,
Micrococcus luteus,0.9539877300613497,0.9287410926365796,0.7692307692307693,0.9277777777777778,0.8108108108108109,0.9369369369369369,0.78125,0.972972972972973,1.0,0.6833333333333333,0.9423076923076923,0.27450980392156865,0.9767441860465116,1.0,1.0,0.9411764705882353,,,1.0,1.0,1.0,0.875,1.0,1.0,1.0,0.8571428571428571,1.0,1.0,0.9230769230769231,,1.0
Micrococcus sp. A1,0.08588957055214724,0.009501187648456057,0.005128205128205128,0.011111111111111112,0.013513513513513514,,,0.04054054054054054,0.030303030303030304,,0.019230769230769232,0.0392156862745098,,0.02702702702702703,0.05555555555555555,,,,,,,,0.0625,0.06666666666666667,,,,0.07142857142857142,,,
Micrococcus sp. KBS0714,0.3312883435582822,0.36342042755344417,0.035897435897435895,0.3,0.0472972972972973,0.18018018018018017,,0.35135135135135137,0.2878787878787879,0.016666666666666666,0.21153846153846154,0.058823529411764705,,0.08108108108108109,0.5277777777777778,,,,0.375,0.125,0.1875,,0.75,0.6,,0.14285714285714285,0.5714285714285714,0.07142857142857142,,,0.5833333333333334
Micrococcus sp. V7,0.0015337423312883436,0.009501187648456057,,,,,,,,,0.019230769230769232,,,,,,,,,,,,0.0625,,,,,0.07142857142857142,,,
Microcoleus sp. PCC 7113,0.03987730061349693,,,0.022222222222222223,,0.10810810810810811,0.020833333333333332,,0.015151515151515152,,,,,,,,,,,,,0.0625,,,0.07142857142857142,,,,,,
Microcystis panniformis,,,,,,,,,,,,,,0.02702702702702703,,,,,,,,,,,,,,,,,
Microlunatus phosphovorus,0.032208588957055216,0.5843230403800475,0.010256410256410256,0.3388888888888889,0.2905405405405405,0.06306306306306306,0.03125,0.2702702702702703,0.015151515151515152,0.13333333333333333,0.5384615384615384,,0.6976744186046512,0.10810810810810811,0.6388888888888888,0.35294117647058826,,,0.4375,1.0,0.5625,0.9375,0.1875,0.5333333333333333,0.2857142857142857,0.07142857142857142,0.21428571428571427,0.42857142857142855,0.5384615384615384,,0.08333333333333333
Microlunatus soli,,0.2826603325415677,0.010256410256410256,0.03333333333333333,,,,0.05405405405405406,,,0.2692307692307692,,0.06976744186046512,,0.08333333333333333,,,,,0.0625,,0.1875,,,,,,,,,
Microlunatus sp. Gsoil 973,,0.15914489311163896,,,,,,0.013513513513513514,,,0.019230769230769232,,,,0.027777777777777776,,,,,,,,,,,,,,,,
Microlunatus sp. KUDC0627,,0.26365795724465557,,0.027777777777777776,,,,0.05405405405405406,,,0.17307692307692307,,0.023255813953488372,,0.05555555555555555,,,,,0.0625,,0.125,,,,,,,0.07692307692307693,,
Micromonospora chokoriensis,0.006134969325153374,,,,,,,0.013513513513513514,,,,,,,,,,,,,,,,,,,,,,,
Micromonospora coriariae,0.004601226993865031,0.0023752969121140144,,,,,,,,,,,,,,,,,,,,,,,,,,,,,
Micromonospora coxensis,,0.0023752969121140144,,,,,,,,,,,,,,,,,,,,,,,,,,,,,
Micromonospora echinofusca,,,,,,,,,,,,,,,,0.058823529411764705,,,,,,,,,,,,,,,
Micromonospora krabiensis,0.0015337423312883436,0.0023752969121140144,,,,,,,,,,,,,,,,,,,,,,,,,,,,,
Micromonospora purpureochromogenes,,0.0023752969121140144,,,,,,,,,,,,,,,,,,,,,,,,,,,,,
Micromonospora siamensis,,0.0023752969121140144,,,,,,,,,,,,,,,,,,,,,,,,,,,,,
Micromonospora sp. B006,,0.004750593824228029,,,,,,,,,,,,,,,,,,,,,,,,,,,,,
Micromonospora sp. HM134,0.006134969325153374,,,,,,,,,,,,,,,,,,,,,,,,,,,,,,
Micromonospora sp. WMMA2032,,,,0.005555555555555556,,,,,,,,,,,,,,,,,,,,,,,,,,,
Micromonospora tulbaghiae,,,0.005128205128205128,,,,,0.013513513513513514,,,,,,,,,,,,,,,,,,,,,,,
Micromonospora zamorensis,0.003067484662576687,,,,,,,,0.015151515151515152,0.016666666666666666,,,,,,,,,,,,,,,,,,,,,
Micropruina glycogenica,0.05828220858895705,0.38954869358669836,0.05128205128205128,0.19444444444444445,0.27702702702702703,0.009009009009009009,0.010416666666666666,0.21621621621621623,0.045454545454545456,0.06666666666666667,0.3076923076923077,,0.4418604651162791,,0.3333333333333333,0.11764705882352941,,,0.125,0.375,0.0625,0.3125,0.125,0.2,0.07142857142857142,,0.8571428571428571,0.7142857142857143,0.23076923076923078,,
Microterricola viridarii,0.019938650306748466,0.14251781472684086,,,,0.018018018018018018,,0.013513513513513514,,,0.038461538461538464,,0.09302325581395349,,0.08333333333333333,,,,,,,0.3125,,0.13333333333333333,0.07142857142857142,,,,,,
Microvirga ossetica,0.08895705521472393,0.026128266033254157,0.38461538461538464,0.2111111111111111,0.013513513513513514,0.04504504504504504,,0.16216216216216217,0.25757575757575757,0.06666666666666667,0.21153846153846154,,0.046511627906976744,0.08108108108108109,0.2222222222222222,,,,0.125,0.0625,0.375,0.8125,0.0625,,0.14285714285714285,0.14285714285714285,0.35714285714285715,0.2857142857142857,0.38461538461538464,,
Microvirga sp. 17 mud 1-3,0.015337423312883436,,0.005128205128205128,0.011111111111111112,,,,,,,,,,,,,,,,,,,,,,,,,,,
Microvirga sp. HR1,0.05674846625766871,,0.020512820512820513,0.06111111111111111,,,,0.05405405405405406,,,0.019230769230769232,,,,,,,,,,,,,,,,0.14285714285714285,,,,
Minicystis rosea,0.0352760736196319,0.0023752969121140144,,0.016666666666666666,,,,0.013513513513513514,,0.016666666666666666,,,,,0.027777777777777776,,,,,,,,,,,0.07142857142857142,,0.14285714285714285,,,
Miniimonas sp. S16,0.007668711656441718,0.2375296912114014,,0.03888888888888889,0.17567567567567569,0.018018018018018018,,0.04054054054054054,0.015151515151515152,0.016666666666666666,0.11538461538461539,,0.046511627906976744,,0.05555555555555555,0.11764705882352941,,,0.3125,0.125,0.0625,0.1875,0.125,0.2,0.07142857142857142,,0.14285714285714285,0.21428571428571427,0.07692307692307693,,
Mitsuaria sp. 7,0.4785276073619632,,0.10256410256410256,0.5,0.20945945945945946,,,0.33783783783783783,0.09090909090909091,0.5,0.25,,0.11627906976744186,0.16216216216216217,,,,,,0.0625,0.25,,0.3125,0.13333333333333333,0.42857142857142855,1.0,0.5,0.07142857142857142,0.8461538461538461,,0.8333333333333334
Mixta calida,0.0015337423312883436,0.007125890736342043,0.07179487179487179,0.044444444444444446,0.1554054054054054,0.09009009009009009,0.010416666666666666,0.02702702702702703,0.7424242424242424,,0.09615384615384616,0.1568627450980392,0.023255813953488372,0.10810810810810811,0.027777777777777776,0.5294117647058824,0.23529411764705882,,0.0625,,,0.125,,,,,,,,0.07692307692307693,0.16666666666666666
Mixta gaviniae,,,0.010256410256410256,,0.08783783783783784,0.018018018018018018,,,0.015151515151515152,,,0.09803921568627451,,,,0.058823529411764705,0.058823529411764705,,,,,,,,,,,,,0.07692307692307693,
Mixta intestinalis,,,0.010256410256410256,,0.013513513513513514,0.009009009009009009,,,0.015151515151515152,,,0.058823529411764705,,,,,,,,,,,,,,,,,,0.07692307692307693,
Mixta theicola,,,0.010256410256410256,,0.04054054054054054,0.009009009009009009,,,0.015151515151515152,,,0.0784313725490196,,,,,0.058823529411764705,,,,,,,,,,,,,0.07692307692307693,
Mobilicoccus sp. NJES-13,0.013803680981595092,0.04513064133016627,,,,,0.010416666666666666,,,,,,,,,0.058823529411764705,,,,,,0.0625,,,,,,0.14285714285714285,,,
Mobiluncus curtisii,0.0015337423312883436,,,,,0.009009009009009009,,,,,,,,,,,,,,,,,,,,,,,,,
Modestobacter marinus,0.46319018404907975,0.6223277909738717,0.6307692307692307,0.6944444444444444,0.722972972972973,0.4864864864864865,0.40625,0.7027027027027027,0.6363636363636364,0.5,0.7307692307692307,,0.7674418604651163,0.5945945945945946,0.6111111111111112,0.9411764705882353,,,1.0,1.0,0.8125,1.0,0.625,0.8666666666666667,0.8571428571428571,0.42857142857142855,0.9285714285714286,0.8571428571428571,0.8461538461538461,0.07692307692307693,0.9166666666666666
Mogibacterium diversum,,0.0023752969121140144,0.005128205128205128,0.011111111111111112,0.006756756756756757,0.009009009009009009,0.010416666666666666,0.04054054054054054,,,,,,,,,,,,0.0625,,,,,,,,,,,
Monaibacterium sp. ALG8,0.010736196319018405,,,,,,,,,,,,,,,,,,,,,,,,,,,,,,
Moorea producens,0.027607361963190184,,,0.005555555555555556,,0.009009009009009009,,,,,,,,0.16216216216216217,,,,,,,,,,,,,,,,,
Moraxella bovis,,0.0023752969121140144,,0.005555555555555556,,0.018018018018018018,0.010416666666666666,,,,,0.0196078431372549,,,0.027777777777777776,,,,,,,,,0.06666666666666667,0.07142857142857142,,,,,,
Moraxella bovoculi,,0.0023752969121140144,,,,,0.010416666666666666,,,,,0.0196078431372549,,,,,,,,,,,,,,,,,,,
Moraxella catarrhalis,0.003067484662576687,0.009501187648456057,,0.005555555555555556,0.013513513513513514,0.036036036036036036,0.041666666666666664,0.02702702702702703,,,0.019230769230769232,0.0196078431372549,0.023255813953488372,,,,,,,,0.0625,,,0.06666666666666667,,,,,,,0.08333333333333333
Moraxella cuniculi,,,,,,,,,,,,0.0196078431372549,,,,,,,,,,,,,,,,,,,
Moraxella osloensis,0.6978527607361963,0.6199524940617577,0.30256410256410254,0.8166666666666667,0.8445945945945946,0.9009009009009009,0.9479166666666666,0.8783783783783784,0.9848484848484849,0.6,0.5,0.3333333333333333,0.8837209302325582,0.918918918918919,0.9722222222222222,0.9411764705882353,,0.0625,1.0,0.875,1.0,0.25,1.0,0.9333333333333333,1.0,0.35714285714285715,0.7857142857142857,0.9285714285714286,,,0.9166666666666666
Moraxella ovis,,0.0023752969121140144,,,,,,,,,,0.0196078431372549,,,,,,,,,,,,,,,,,,,
Morganella morganii,,,0.005128205128205128,,,0.018018018018018018,0.020833333333333332,,,,,,,,,,,0.0625,,,,,,,0.07142857142857142,,,,,,0.08333333333333333
Moritella marina,,,0.005128205128205128,,,,0.010416666666666666,,,,,,,,,,,,,,,,,,,,,,,,
Mucilaginibacter gotjawali,,,,,,0.009009009009009009,,,,,,,,,,,,,,,,,,,,,,,,,
Mucilaginibacter paludis,,,,,,,,,,,,,,,,,,,,,,,,,,,,,,0.07692307692307693,
Mucilaginibacter rubeus,,,,,,,,,,,,,,,,,,,,,,,,,,,,,,0.07692307692307693,
Murdochiella vaginalis,,,,,,,,,,,,,,,,,,,,,,,,,0.07142857142857142,,,,,,
Muribaculaceae bacterium DSM 108610,,,,,,,0.010416666666666666,,,,,,,,,,,,,,,,,,,,,,,,
Muribaculum sp. H5,,,,,,,0.010416666666666666,,,,,,,,,,,,,,,,,,,,,,,,
Muribaculum sp. TLL-A4,,,,,,,0.010416666666666666,,,,,,,,,,,,,,,,,,,,,,,,
Mycetocola sp. 449,,0.004750593824228029,,,,,,,,,,,,,,,,,,,,0.0625,,,0.07142857142857142,,,,,,
Mycobacterium avium,0.012269938650306749,,,0.005555555555555556,0.013513513513513514,,,0.013513513513513514,,0.016666666666666666,,,,0.02702702702702703,,,,,,,,,,,0.35714285714285715,,0.14285714285714285,,0.07692307692307693,,
Mycobacterium branderi,0.003067484662576687,,,,,,,,,,,,,,,,,,,,,,,,,,,,,,
Mycobacterium chimaera,0.006134969325153374,,,0.005555555555555556,,,,,,0.016666666666666666,,,,,,,,,,,,,,,0.07142857142857142,,,,,,
Mycobacterium colombiense,0.003067484662576687,,,,,,,,,,,,,,,,,,,,,,,,,,,,,,
Mycobacterium conspicuum,0.003067484662576687,,,,,,,,,,,,,,,,,,,,,,,,,,,,,,
Mycobacterium cookii,0.0015337423312883436,,,,,,,,,,,,,,,,,,,,,,,,,,,,,,
Mycobacterium dioxanotrophicus,0.015337423312883436,,,0.005555555555555556,,,,0.04054054054054054,,0.016666666666666666,0.019230769230769232,,,,,,,,,,,,,,0.07142857142857142,,0.07142857142857142,,,,
Mycobacterium gallinarum,0.03374233128834356,,,,,,,,,0.016666666666666666,0.019230769230769232,,,,,,,,,,,,,,,,0.07142857142857142,,,,
Mycobacterium grossiae,0.0352760736196319,,0.005128205128205128,0.027777777777777776,0.006756756756756757,,,0.13513513513513514,,,0.057692307692307696,,,0.02702702702702703,,,,,,,,,,,0.07142857142857142,,0.6428571428571429,,0.15384615384615385,,
Mycobacterium kansasii,0.0015337423312883436,,,,,,,,,,,,,,,,,,,,,,,,,,,,,,
Mycobacterium mantenii,0.003067484662576687,,,,,,,,,,,,,,,,,,,,,,,,,,,,,,
Mycobacterium marseillense,0.003067484662576687,,,0.005555555555555556,,,,,,,,,,,,,,,,,,,,,,,,,,,
Mycobacterium paragordonae,0.009202453987730062,0.0023752969121140144,0.010256410256410256,0.005555555555555556,,,,,0.030303030303030304,,0.019230769230769232,,,,,,,,,,,,,,,,,,0.07692307692307693,,
Mycobacterium paraseoulense,0.003067484662576687,,,,,,,,,,,,,,,,,,,,,,,,,,,,,,
Mycobacterium parmense,0.0015337423312883436,,,,,,,,,,,,,,,,,,,,,,,,,,,,,,
Mycobacterium seoulense,0.004601226993865031,,,,,,,,,,,,,,,,,,,,,,,,,,,,,,
Mycobacterium sp. DL440,0.003067484662576687,,0.005128205128205128,,,,,,,,,,,,,,,,,,,,,,,,,,,,
Mycobacterium sp. DL592,0.003067484662576687,,,,,,,,,,,,,,,,,,,,,,,,,,,,,,
Mycobacterium sp. DL90,0.003067484662576687,,0.005128205128205128,,,,,,,,,,,,,,,,,,,,,,,,,,,,
Mycobacterium sp. ELW1,0.004601226993865031,,,,,,,,,,,,,,,,,,,,,,,,,,,,,,
Mycobacterium sp. EPa45,0.003067484662576687,,,,,,,,,,,,,,,,,,,,,,,,,,,,,,
Mycobacterium sp. JS623,0.010736196319018405,,,0.005555555555555556,,,,,,,,,,0.02702702702702703,,,,,,,,,,,0.07142857142857142,,0.07142857142857142,,,,
Mycobacterium sp. KMS,0.0015337423312883436,,,,,0.009009009009009009,,,,,,,,,,,,,,,,,,,,,,,,,
Mycobacterium sp. MS1601,0.010736196319018405,,,,,,,,,,,,,,,,,,,,,,,,0.07142857142857142,,,,,,
Mycobacterium sp. QIA-37,,,,,0.013513513513513514,,,,,,,,,,,,,,,,,,,,,,,,,,
Mycobacterium sp. THAF192,0.009202453987730062,,,,,,,,,,,,,,,,,,,,,,,,,,,,,,
Mycobacterium sp. YC-RL4,0.019938650306748466,,,,,,,,,0.016666666666666666,,,,,,,,,,,0.0625,,0.0625,,0.07142857142857142,,0.07142857142857142,,,,
Mycobacterium virus Pixie,0.0015337423312883436,,,,,,,,,,,,,,,,,,,,,,,,,,,,,,
Mycobacteroides abscessus,0.009202453987730062,,,0.03888888888888889,,,,0.02702702702702703,,0.016666666666666666,0.019230769230769232,,,,,,,,,,,,,,0.07142857142857142,,,,,,
Mycobacteroides chelonae,,0.014251781472684086,,,0.033783783783783786,,,,,,,,,,,,,,,,,,,,,,,,,,
Mycobacteroides immunogenum,,,,0.011111111111111112,,,,0.013513513513513514,,,0.019230769230769232,,,,,,,,,,,,,,,,,,,,
Mycolicibacter hiberniae,,,0.005128205128205128,,,,,,,,,,,,,,,,,,,,,,,,,,,,
Mycolicibacter minnesotensis,,,0.005128205128205128,,,,,,,,,,,,,,,,,,,,,,,,,,,,
Mycolicibacter sinensis,,,0.005128205128205128,,,,,,,,,,,,,,,,,,,,,,,,,,,,
Mycolicibacter terrae,,,0.005128205128205128,,,,,,,,,,,,,,,,,,,,,,,,,,,,
Mycolicibacterium aichiense,0.003067484662576687,,,,,,,,,,,,,,,,,,,,,,,,,,,,,,
Mycolicibacterium alvei,0.003067484662576687,,0.005128205128205128,,,,,,,,,,,,,,,,,,,,,,,,,,,,
Mycolicibacterium anyangense,0.004601226993865031,,,,,,,,,,,,,,,,,,,,,,,,,,0.07142857142857142,,,,
Mycolicibacterium arabiense,0.01687116564417178,0.011876484560570071,,0.005555555555555556,,0.036036036036036036,,,,0.05,0.038461538461538464,,,0.05405405405405406,0.027777777777777776,,,,,0.0625,,,,,0.07142857142857142,,,,,,
Mycolicibacterium aubagnense,0.003067484662576687,,,0.005555555555555556,,,,0.013513513513513514,,,0.019230769230769232,,,,,,,,,,,,,,0.21428571428571427,,,,,,
Mycolicibacterium aurum,0.10429447852760736,0.0166270783847981,0.010256410256410256,0.03888888888888889,,0.009009009009009009,,0.04054054054054054,,0.016666666666666666,,,,0.02702702702702703,,,,,0.0625,,0.0625,0.125,0.0625,,0.5,,0.5,,,,
Mycolicibacterium boenickei,0.004601226993865031,,0.010256410256410256,0.011111111111111112,,,,,,,,,,,,,,,,,,,,,,,,,,,
Mycolicibacterium celeriflavum,0.009202453987730062,,0.010256410256410256,,,,,,,0.016666666666666666,0.038461538461538464,,,,,,,,,0.0625,,,,,,,0.07142857142857142,,,,
Mycolicibacterium chitae,0.004601226993865031,0.0023752969121140144,0.005128205128205128,,,,,,,,,,,,,,,,,,,,,,,,,,,,
Mycolicibacterium chubuense,0.032208588957055216,,,0.011111111111111112,,,,0.013513513513513514,,0.016666666666666666,,,,0.02702702702702703,,,,,,,,,0.0625,,0.14285714285714285,,0.2857142857142857,,,,
Mycolicibacterium confluentis,0.004601226993865031,,,,,,,,,,,,,,,,,,,,,,,,,,,,,,
Mycolicibacterium doricum,0.06441717791411043,0.334916864608076,0.26666666666666666,0.2611111111111111,0.2905405405405405,0.07207207207207207,0.03125,0.28378378378378377,0.015151515151515152,0.1,0.28846153846153844,,0.11627906976744186,0.10810810810810811,0.027777777777777776,0.17647058823529413,,,0.1875,0.875,0.5625,0.375,0.25,,0.35714285714285715,0.07142857142857142,0.5,0.21428571428571427,0.38461538461538464,,0.08333333333333333
Mycolicibacterium duvalii,0.015337423312883436,,0.035897435897435895,0.027777777777777776,,,,,0.015151515151515152,0.016666666666666666,,,,,,,,,,,,,,,,,0.07142857142857142,,,,
Mycolicibacterium fallax,0.0015337423312883436,,,,,,,,,,,,,,,,,,,,,,,,,,,,,,
Mycolicibacterium fortuitum,0.015337423312883436,,0.015384615384615385,0.03888888888888889,0.006756756756756757,,,0.10810810810810811,0.015151515151515152,,0.057692307692307696,,,,,,,,,,,,,,,,0.07142857142857142,,,,
Mycolicibacterium frederiksbergense,0.023006134969325152,0.009501187648456057,,0.005555555555555556,0.006756756756756757,,,,,0.016666666666666666,0.019230769230769232,,,0.02702702702702703,,,,,,,0.0625,0.0625,0.0625,,0.21428571428571427,,,,,,
Mycolicibacterium gadium,0.027607361963190184,0.0023752969121140144,,0.011111111111111112,,,,,,,,,,,,,,,,,,,,,,,0.07142857142857142,,,,
Mycolicibacterium gilvum,0.09815950920245399,0.011876484560570071,0.015384615384615385,0.03333333333333333,0.0472972972972973,0.02702702702702703,,0.02702702702702703,0.045454545454545456,0.05,0.019230769230769232,,0.023255813953488372,0.02702702702702703,,,,,0.0625,0.0625,,,0.125,0.06666666666666667,0.21428571428571427,,0.42857142857142855,,,,
Mycolicibacterium goodii,0.004601226993865031,,,0.005555555555555556,,,,,,,,,,,,,,,,,,,,,0.07142857142857142,,,,,,
Mycolicibacterium hassiacum,0.006134969325153374,0.0023752969121140144,0.005128205128205128,0.011111111111111112,,,,,,,,,,,,,,,,,,0.125,,,,,,,,,
Mycolicibacterium helvum,0.003067484662576687,,0.005128205128205128,,,,,,,,,,,,,,,,,,,,,,,,,,,,
Mycolicibacterium insubricum,0.0015337423312883436,,,,,,,,,,,,,,,,,,,,,,,,,,,,,,
Mycolicibacterium litorale,0.010736196319018405,,0.005128205128205128,0.005555555555555556,,,,,,0.016666666666666666,,,,,,,,,,,,,,,0.07142857142857142,,0.07142857142857142,,,,
Mycolicibacterium madagascariense,0.015337423312883436,0.007125890736342043,,,0.006756756756756757,,,,,0.016666666666666666,,,,0.02702702702702703,,,,,,,,,,,0.14285714285714285,,,,,,0.08333333333333333
Mycolicibacterium mageritense,0.018404907975460124,,,0.011111111111111112,,,,0.013513513513513514,,0.016666666666666666,,,,,,,,,,,,,,,0.14285714285714285,,,,,,
Mycolicibacterium monacense,,,,0.005555555555555556,,0.009009009009009009,,,,,,,,,,,,,,,,,,,,,,,,,
Mycolicibacterium moriokaense,0.01687116564417178,,,0.005555555555555556,,,,,,,,,,,,,,,0.0625,,,,,,,,0.07142857142857142,,,,
Mycolicibacterium parafortuitum,0.03374233128834356,,0.005128205128205128,0.011111111111111112,,,,,,0.016666666666666666,,,,,,,,,,,,,,,0.07142857142857142,,0.2857142857142857,,,,
Mycolicibacterium phlei,0.013803680981595092,,0.005128205128205128,0.005555555555555556,,,,,,0.016666666666666666,,,,,,,,,,,,,,,,,,,,,
Mycolicibacterium phocaicum,0.06288343558282208,0.030878859857482184,0.005128205128205128,0.13333333333333333,0.006756756756756757,0.009009009009009009,,0.2972972972972973,0.030303030303030304,0.016666666666666666,0.15384615384615385,,,,,,,,,,,,,,0.5,,0.6428571428571429,,,,
Mycolicibacterium poriferae,0.02147239263803681,,,0.005555555555555556,,,,,,0.016666666666666666,,,,,,,,,,,,,,,,,,,,,
Mycolicibacterium psychrotolerans,0.12269938650306748,0.0023752969121140144,,0.05,0.02027027027027027,0.018018018018018018,,0.08108108108108109,,0.03333333333333333,0.019230769230769232,,,0.02702702702702703,,,,,,,,,0.0625,,1.0,,0.7142857142857143,,,,
Mycolicibacterium pulveris,0.007668711656441718,,,,,,,,,,,,,,,,,,,,,,,,,,,,,,
Mycolicibacterium rhodesiae,0.019938650306748466,,,0.005555555555555556,,,,0.013513513513513514,,,,,,,,,,,,,,,,,,,0.07142857142857142,,,,
Mycolicibacterium rutilum,0.01687116564417178,,,0.011111111111111112,,,,,,0.016666666666666666,,,,,,,,,,0.0625,,,,,0.07142857142857142,,0.14285714285714285,,,,
Mycolicibacterium sarraceniae,0.003067484662576687,,,,,,,,,,,,,,,,,,,,,,,,,,,,,,
Mycolicibacterium sediminis,0.015337423312883436,0.057007125890736345,,0.011111111111111112,,0.009009009009009009,,0.02702702702702703,,0.016666666666666666,0.019230769230769232,,,0.02702702702702703,,,,,,0.1875,,0.3125,,,0.14285714285714285,,,,,,
Mycolicibacterium smegmatis,0.013803680981595092,,0.005128205128205128,0.005555555555555556,,,,,,0.016666666666666666,,,,0.02702702702702703,,,,,,,,,,,0.07142857142857142,,,,,,
Mycolicibacterium thermoresistibile,0.003067484662576687,,,,,,,,,,,,,,,,,,,,,,,,,,,,,,
Mycolicibacterium tokaiense,0.019938650306748466,,,0.005555555555555556,,,,,,0.016666666666666666,0.019230769230769232,,,,,,,,,,,,,,0.07142857142857142,,,,,,
Mycolicibacterium vaccae,0.027607361963190184,,,0.016666666666666666,,,,,,0.016666666666666666,,,,,,,,,,,,,,,0.07142857142857142,,0.21428571428571427,,,,
Mycolicibacterium vanbaalenii,0.03834355828220859,,,0.011111111111111112,,,,,,0.03333333333333333,,,,,,,,,,,,,,,0.07142857142857142,,0.35714285714285715,,,,
Mycoplasma nasistruthionis,,,,,0.006756756756756757,,,,,,,,,,,,,,,,,,,,,,,,,,
Myroides odoratimimus,,,,,,,,,0.015151515151515152,,,,,,,,,,,,,,,,,,,,,,
Myroides odoratus,,,,,,,,,,,,,,,,,,,,0.0625,,,,,,,,,,,
Myroides sp. A21,,,,,,,,,,,,,,0.02702702702702703,,,,,,,,,,,,,,,,,
Myroides sp. ZB35,,,,,,,,,,,,,,,0.027777777777777776,,,,,,,,,,,,,,,,
Myxococcus hansupus,0.003067484662576687,0.0023752969121140144,0.02564102564102564,,,,,,0.030303030303030304,,,,,,,,,,,,,,,,,,,,,,
Myxococcus stipitatus,0.012269938650306749,0.0023752969121140144,0.08205128205128205,0.005555555555555556,0.006756756756756757,0.009009009009009009,,,0.030303030303030304,0.016666666666666666,0.019230769230769232,,0.023255813953488372,,,,,,,,,,,,,,,,0.07692307692307693,,
Myxococcus xanthus,0.009202453987730062,0.004750593824228029,0.07692307692307693,,,0.009009009009009009,,0.013513513513513514,0.045454545454545456,0.03333333333333333,0.019230769230769232,,0.023255813953488372,,,,,,,,,,,,,,,,0.07692307692307693,,
Nakamurella multipartita,0.05674846625766871,0.43705463182897863,0.005128205128205128,0.18333333333333332,0.31756756756756754,0.06306306306306306,,0.14864864864864866,,0.26666666666666666,0.40384615384615385,,0.5581395348837209,,0.4166666666666667,0.11764705882352941,,,0.0625,0.375,0.3125,0.875,0.125,0.26666666666666666,0.8571428571428571,0.21428571428571427,0.07142857142857142,0.35714285714285715,0.3076923076923077,,0.25
Nakamurella panacisegetis,,0.05463182897862233,,,,,,0.013513513513513514,,,0.038461538461538464,,0.046511627906976744,,,,,,,,,,,,,,,,,,
Natrinema versiforme,,0.0023752969121140144,,,,,,,,,,,,,,,,,,,,,,,,,,,,,
Natronococcus occultus,,0.0023752969121140144,,,,,,,0.015151515151515152,,,,,,,,,,,,,,,,,,,,,,
Naumovozyma castellii,,,,,0.006756756756756757,0.018018018018018018,,,0.015151515151515152,,,,,0.02702702702702703,,,,,,,,,,,,,,,,,
Naumovozyma dairenensis,,,,,,0.036036036036036036,,,,,,,0.023255813953488372,0.24324324324324326,,,,,,,,,,,,,,,,,
Neisseria chenwenguii,0.0015337423312883436,,,,,,,,,,,,,,,,,,,,,,,,,,,,,,
Neisseria cinerea,0.006134969325153374,0.0023752969121140144,,0.016666666666666666,,0.036036036036036036,,0.02702702702702703,,,,0.0196078431372549,0.023255813953488372,,0.027777777777777776,,,,0.0625,,0.125,,,,,,,,,,
Neisseria elongata,0.06748466257668712,0.040380047505938245,0.020512820512820513,0.07222222222222222,0.08783783783783784,0.1891891891891892,,0.16216216216216217,0.045454545454545456,0.016666666666666666,0.057692307692307696,0.0392156862745098,0.11627906976744186,0.02702702702702703,0.08333333333333333,,,,0.1875,,0.0625,,,,0.14285714285714285,,0.07142857142857142,0.14285714285714285,,,
Neisseria flavescens,0.007668711656441718,0.028503562945368172,0.005128205128205128,0.05555555555555555,0.02702702702702703,0.018018018018018018,0.010416666666666666,0.08108108108108109,0.015151515151515152,,0.019230769230769232,0.0392156862745098,0.06976744186046512,,0.027777777777777776,,,,,,0.0625,,0.0625,,,,0.07142857142857142,,,,
Neisseria gonorrhoeae,0.003067484662576687,,,,,,0.07291666666666667,0.013513513513513514,,,,0.0196078431372549,,,,,,,,,0.0625,,,,,,,,,,
Neisseria lactamica,0.003067484662576687,,,0.005555555555555556,,,,0.04054054054054054,,,,0.0392156862745098,0.023255813953488372,,0.027777777777777776,,,,,,0.0625,,,,,,,,,,
Neisseria meningitidis,0.009202453987730062,0.023752969121140142,0.005128205128205128,0.03333333333333333,0.02027027027027027,0.02702702702702703,0.010416666666666666,0.05405405405405406,,0.016666666666666666,0.019230769230769232,0.0392156862745098,0.046511627906976744,,0.027777777777777776,,,,,0.0625,0.0625,,,,,,,,,,
Neisseria mucosa,0.12576687116564417,0.20902612826603326,0.09230769230769231,0.24444444444444444,0.34459459459459457,0.5315315315315315,0.13541666666666666,0.35135135135135137,0.21212121212121213,0.03333333333333333,0.21153846153846154,0.0392156862745098,0.3488372093023256,0.10810810810810811,0.4444444444444444,0.17647058823529413,,,0.75,0.4375,0.25,,0.625,0.4666666666666667,0.35714285714285715,0.07142857142857142,0.07142857142857142,0.21428571428571427,0.15384615384615385,,0.16666666666666666
Neisseria polysaccharea,,,,,,,,,,,,0.0196078431372549,,,,,,,,,0.0625,,,,,,,,,,
Neisseria sp. KEM232,0.003067484662576687,0.0023752969121140144,,,,,,,,,,0.0196078431372549,,,,,,,,,,,,,,,,,,,
Neisseria sp. oral taxon 014,0.012269938650306749,0.019002375296912115,0.010256410256410256,0.027777777777777776,0.02702702702702703,0.06306306306306306,,0.08108108108108109,0.015151515151515152,0.016666666666666666,0.038461538461538464,0.0392156862745098,0.046511627906976744,,0.027777777777777776,,,,,0.0625,0.125,,,,,,0.07142857142857142,,,,
Neisseria subflava,0.08895705521472393,0.1377672209026128,0.08205128205128205,0.17222222222222222,0.1891891891891892,0.4774774774774775,0.07291666666666667,0.28378378378378377,0.3333333333333333,0.03333333333333333,0.07692307692307693,0.0392156862745098,0.23255813953488372,0.10810810810810811,0.2222222222222222,0.058823529411764705,,,0.5,0.3125,0.25,,0.1875,,0.21428571428571427,,0.07142857142857142,0.14285714285714285,,0.07692307692307693,
Neomicrococcus aestuarii,0.006134969325153374,0.009501187648456057,,0.016666666666666666,,0.009009009009009009,,,0.10606060606060606,,0.019230769230769232,,,,0.08333333333333333,,,,0.1875,,,,0.0625,0.06666666666666667,,,,,,,
Neorhizobium galegae,0.006134969325153374,0.007125890736342043,0.010256410256410256,,,,,,,,,0.0196078431372549,,,,,,,,,,,0.0625,,,0.07142857142857142,,,,0.15384615384615385,
Neorhizobium sp. NCHU2750,0.003067484662576687,0.007125890736342043,0.005128205128205128,,0.006756756756756757,0.009009009009009009,,,,,,0.0392156862745098,,,,,0.17647058823529413,,,,,,,,,,,0.07142857142857142,,0.15384615384615385,
Neorhizobium sp. SOG26,0.003067484662576687,0.004750593824228029,0.005128205128205128,,0.006756756756756757,0.009009009009009009,,,,,,0.0196078431372549,,,,,,,,,,,,,,,,,,0.15384615384615385,
Neospora caninum,,,,,,0.04504504504504504,,,,,,,,0.1891891891891892,,0.058823529411764705,,,,,,,,,,,,,,,
Nesterenkonia sp. NBAIMH1,0.0015337423312883436,,0.010256410256410256,,,,,,,,0.019230769230769232,,,,,,,,,,,,,,,,,,,,
Neurospora crassa,0.12116564417177914,0.014251781472684086,0.4256410256410256,0.18333333333333332,0.02702702702702703,0.5045045045045045,,0.17567567567567569,0.16666666666666666,0.016666666666666666,0.11538461538461539,0.0196078431372549,0.046511627906976744,0.2702702702702703,0.08333333333333333,,,0.0625,,,0.0625,0.5625,,,0.07142857142857142,0.07142857142857142,0.07142857142857142,0.14285714285714285,,0.07692307692307693,0.08333333333333333
Niastella koreensis,0.0015337423312883436,,,,,,,,,,,,,,,,,,,,,,,,,,,,,,
Nibribacter sp. BT10,,,,,,,,,,,,,,,,0.058823529411764705,,,,,,,,,,,,,,,
Nibricoccus aquaticus,0.003067484662576687,,,,,,,,,0.016666666666666666,,,,,,,,,,,,,,,,,,,,,
Nissabacter sp. SGAir0207,0.0015337423312883436,,0.010256410256410256,,0.02027027027027027,0.009009009009009009,,,0.015151515151515152,,,0.058823529411764705,,,,,0.11764705882352941,,,,,0.0625,,,,,,,,,
Nitratireductor sp. SY7,0.0015337423312883436,,,0.005555555555555556,,,,,,,,,,,,,,,,,,,,,,,,,,,
Nitrosomonadales bacterium 0125_3,0.003067484662576687,,,,,,,,,,,,,,,,,,,,,,,,,0.07142857142857142,,0.14285714285714285,,,
Nitrosomonadales bacterium Swamp67,0.0015337423312883436,,,,,,,,,,,,,,,,,,,,,,,,,0.07142857142857142,,0.14285714285714285,,,
Nitrosomonas europaea,,,,,,,,,,,,,,0.24324324324324326,,,,,,,,,,,,,,,,,
Nitrosopumilus piranensis,,,,,,,,,,,,,,0.08108108108108109,,,,,,,,,,,,,,,,,
Nitrosospira briensis,,0.0023752969121140144,,0.011111111111111112,,,,,,,,,,,0.027777777777777776,,,,,,,,,,,,,,,,
Nitrosospira lacus,,,,,,,,,,,,,,,,,,,,,,,,,0.07142857142857142,,,,,,
Nitrosospira multiformis,0.0015337423312883436,,0.005128205128205128,,,,,,,,,,,,,,,,,,,,,,,,,,,,
Nitrospirillum amazonense,0.003067484662576687,0.0023752969121140144,,0.005555555555555556,,,,,,,,,,0.02702702702702703,,,,,,,,,,,,,,,,,
Niveispirillum cyanobacteriorum,0.004601226993865031,,,,,,,,,,,,,0.02702702702702703,,,,,0.0625,,,,0.0625,,,,,,,,
Nocardia arthritidis,0.003067484662576687,,,,,,,,,,,,,,,,,,,,,,,,,,,,,,
Nocardia asteroides,0.009202453987730062,,,,,,,,,,,,,,,,,,,,,,,,,,,0.07142857142857142,,,
Nocardia brasiliensis,0.07208588957055215,0.040380047505938245,0.015384615384615385,0.005555555555555556,,0.009009009009009009,,0.013513513513513514,,,0.11538461538461539,,,,,,,,,,,0.1875,,,,0.07142857142857142,,0.14285714285714285,,,
Nocardia cyriacigeorgica,0.04754601226993865,0.014251781472684086,0.010256410256410256,0.016666666666666666,,0.009009009009009009,,0.013513513513513514,,,,,,,,,,,,,,,,,,,,0.07142857142857142,,,
Nocardia farcinica,0.009202453987730062,0.0023752969121140144,0.03076923076923077,0.011111111111111112,,,,,,,,,,,,,,,,,,,,,,,0.07142857142857142,0.07142857142857142,,,
Nocardia mangyaensis,0.003067484662576687,,,,,,,,,,,,,,,,,,,,,,,,,,,,,,
Nocardia nova,0.004601226993865031,,,0.011111111111111112,,,,,,,,,,,,,,,,,,,,,,,,,,,
Nocardia otitidiscaviarum,0.0015337423312883436,,,,,,,,,,,,,,,,,,,,,,,,,,,,,,
Nocardia sp. CS682,0.007668711656441718,,,,,,,,,,,,,,,,,,,,,,,,,,,,,,
Nocardia terpenica,0.019938650306748466,,0.005128205128205128,,,,,,,,,,,,,,,,,,,,,,,,,0.07142857142857142,,,
Nocardioides daphniae,0.015337423312883436,0.30403800475059384,0.3641025641025641,0.08333333333333333,0.0472972972972973,0.02702702702702703,,0.08108108108108109,0.015151515151515152,,0.15384615384615385,,0.20930232558139536,0.05405405405405406,0.1388888888888889,0.29411764705882354,,,,0.1875,,0.6875,0.125,0.06666666666666667,0.07142857142857142,,0.07142857142857142,0.42857142857142855,0.15384615384615385,,
Nocardioides dokdonensis,0.06748466257668712,0.48931116389548696,0.41025641025641024,0.22777777777777777,0.19594594594594594,0.06306306306306306,,0.2702702702702703,0.2878787878787879,0.05,0.46153846153846156,,0.5116279069767442,0.10810810810810811,0.5,0.6470588235294118,,,0.125,0.6875,0.375,0.9375,0.1875,0.4666666666666667,0.42857142857142855,0.14285714285714285,0.2857142857142857,0.35714285714285715,0.46153846153846156,,
Nocardioides euryhalodurans,0.06441717791411043,0.5320665083135392,0.4358974358974359,0.25,0.16891891891891891,0.09009009009009009,,0.2972972972972973,0.2727272727272727,0.03333333333333333,0.5192307692307693,,0.5581395348837209,0.21621621621621623,0.6388888888888888,0.7058823529411765,,,0.375,0.8125,0.5625,1.0,0.25,0.4,0.5714285714285714,0.21428571428571427,0.35714285714285715,0.2857142857142857,0.5384615384615384,,0.08333333333333333
Nocardioides humi,0.08128834355828221,0.42280285035629456,0.38461538461538464,0.22777777777777777,0.10810810810810811,0.04504504504504504,,0.25675675675675674,0.25757575757575757,0.03333333333333333,0.4807692307692308,,0.4186046511627907,0.08108108108108109,0.4722222222222222,0.47058823529411764,,,0.0625,0.4375,0.375,0.9375,0.125,0.13333333333333333,0.35714285714285715,0.14285714285714285,0.35714285714285715,0.2857142857142857,0.38461538461538464,,
Nocardioides seonyuensis,0.03834355828220859,0.5486935866983373,0.46153846153846156,0.2833333333333333,0.25675675675675674,0.08108108108108109,0.041666666666666664,0.25675675675675674,0.21212121212121213,0.06666666666666667,0.5192307692307693,,0.6046511627906976,0.21621621621621623,0.6944444444444444,0.8823529411764706,,,0.4375,0.9375,0.5625,1.0,0.375,0.4666666666666667,0.5714285714285714,0.14285714285714285,0.35714285714285715,0.42857142857142855,0.5384615384615384,,0.08333333333333333
Nocardioides sp. 603,0.04447852760736196,0.48693586698337293,0.38461538461538464,0.19444444444444445,0.13513513513513514,0.06306306306306306,,0.28378378378378377,0.24242424242424243,0.03333333333333333,0.46153846153846156,,0.5116279069767442,0.16216216216216217,0.4722222222222222,0.5294117647058824,,,0.125,0.6875,0.375,1.0,0.1875,0.3333333333333333,0.42857142857142855,0.14285714285714285,0.2857142857142857,0.2857142857142857,0.46153846153846156,,
Nocardioides sp. 78,0.010736196319018405,0.4251781472684085,0.31794871794871793,0.1388888888888889,0.08108108108108109,0.04504504504504504,,0.13513513513513514,0.15151515151515152,0.016666666666666666,0.46153846153846156,,0.4418604651162791,0.10810810810810811,0.4444444444444444,0.5882352941176471,,,0.0625,0.5,0.1875,0.875,0.125,0.26666666666666666,0.2857142857142857,,0.07142857142857142,0.2857142857142857,0.3076923076923077,,
Nocardioides sp. CF8,0.07975460122699386,0.5914489311163895,0.4256410256410256,0.32222222222222224,0.33783783783783783,0.11711711711711711,,0.2972972972972973,0.2727272727272727,0.08333333333333333,0.5576923076923077,,0.8372093023255814,0.24324324324324326,0.8333333333333334,0.8823529411764706,,,0.4375,1.0,0.5625,1.0,0.5,0.6666666666666666,0.7857142857142857,0.21428571428571427,0.35714285714285715,0.42857142857142855,0.7692307692307693,,0.16666666666666666
Nocardioides sp. HDW12A,0.02607361963190184,0.505938242280285,0.30256410256410254,0.18333333333333332,0.14189189189189189,0.04504504504504504,,0.1891891891891892,0.10606060606060606,0.03333333333333333,0.4807692307692308,,0.5813953488372093,0.16216216216216217,0.6388888888888888,0.7647058823529411,,,0.125,0.8125,0.3125,0.875,0.25,0.4,0.5,,0.07142857142857142,0.2857142857142857,0.38461538461538464,,0.08333333333333333
Nocardioides sp. HDW12B,0.10122699386503067,0.5605700712589073,0.558974358974359,0.3611111111111111,0.28378378378378377,0.16216216216216217,0.010416666666666666,0.3918918918918919,0.2878787878787879,0.11666666666666667,0.5576923076923077,,0.6511627906976745,0.21621621621621623,0.7222222222222222,0.8235294117647058,,,0.375,1.0,0.5625,1.0,0.4375,0.6,0.7857142857142857,0.21428571428571427,0.6428571428571429,0.6428571428571429,0.7692307692307693,,0.16666666666666666
Nocardioides sp. HY056,,0.047505938242280284,,,,,,,0.015151515151515152,,,,,,,,,,,0.0625,,,,,,,,,,,
Nocardioides sp. JQ2195,0.023006134969325152,0.37054631828978624,0.2153846153846154,0.11666666666666667,0.02702702702702703,0.036036036036036036,,0.08108108108108109,0.045454545454545456,0.016666666666666666,0.28846153846153844,,0.37209302325581395,0.08108108108108109,0.4166666666666667,0.4117647058823529,,,,0.3125,0.1875,0.75,0.125,0.13333333333333333,0.21428571428571427,0.07142857142857142,0.07142857142857142,0.2857142857142857,0.23076923076923078,,
Nocardioides sp. JS614,0.11196319018404909,0.5534441805225653,0.5230769230769231,0.32222222222222224,0.2702702702702703,0.11711711711711711,,0.2972972972972973,0.3484848484848485,0.08333333333333333,0.5192307692307693,,0.627906976744186,0.21621621621621623,0.6388888888888888,0.8235294117647058,,,0.25,0.875,0.5,1.0,0.25,0.4666666666666667,0.7142857142857143,0.21428571428571427,0.5714285714285714,0.5714285714285714,0.7692307692307693,,0.16666666666666666
Nocardioides sp. KUDC 5002,0.032208588957055216,0.38717339667458434,0.2717948717948718,0.14444444444444443,0.04054054054054054,0.02702702702702703,,0.12162162162162163,0.15151515151515152,0.016666666666666666,0.4230769230769231,,0.3488372093023256,0.08108108108108109,0.3888888888888889,0.35294117647058826,,,,0.375,0.125,0.75,0.125,0.13333333333333333,0.21428571428571427,0.07142857142857142,0.07142857142857142,0.2857142857142857,0.23076923076923078,,
Nocardioides sp. R-3366,0.1334355828220859,0.5700712589073634,0.49230769230769234,0.38333333333333336,0.30405405405405406,0.22522522522522523,,0.4189189189189189,0.3181818181818182,0.11666666666666667,0.5961538461538461,,0.7209302325581395,0.2702702702702703,0.6944444444444444,0.8235294117647058,,,0.4375,0.875,0.5625,1.0,0.25,0.4,0.7857142857142857,0.2857142857142857,0.7142857142857143,0.5,0.7692307692307693,,0.25
Nocardioides sp. S-1144,0.1273006134969325,0.5724465558194775,0.441025641025641,0.3611111111111111,0.25675675675675674,0.15315315315315314,,0.36486486486486486,0.2878787878787879,0.08333333333333333,0.5961538461538461,,0.6976744186046512,0.2702702702702703,0.6666666666666666,0.8235294117647058,,,0.4375,0.9375,0.5625,1.0,0.4375,0.6,0.7857142857142857,0.21428571428571427,0.5714285714285714,0.5,0.7692307692307693,,0.16666666666666666
Nocardioides sp. SB3-45,0.0352760736196319,0.4679334916864608,0.2923076923076923,0.19444444444444445,0.0945945945945946,0.04504504504504504,,0.21621621621621623,0.07575757575757576,0.05,0.46153846153846156,,0.5348837209302325,0.16216216216216217,0.5833333333333334,0.35294117647058826,,,,0.5,0.25,0.9375,0.1875,0.26666666666666666,0.5714285714285714,0.21428571428571427,0.21428571428571427,0.2857142857142857,0.46153846153846156,,0.08333333333333333
Nocardioides sp. dk3136,0.0015337423312883436,0.30403800475059384,0.1794871794871795,0.03333333333333333,0.02027027027027027,0.018018018018018018,,0.02702702702702703,,,0.057692307692307696,,0.23255813953488372,0.02702702702702703,0.1111111111111111,0.29411764705882354,,,,0.125,,0.5,0.0625,,,,,0.2857142857142857,,,
Nocardioides sp. dk884,0.05521472392638037,0.47030878859857483,0.39487179487179486,0.20555555555555555,0.12162162162162163,0.05405405405405406,,0.25675675675675674,0.21212121212121213,0.03333333333333333,0.46153846153846156,,0.4883720930232558,0.16216216216216217,0.4722222222222222,0.5294117647058824,,,0.0625,0.6875,0.375,0.9375,0.1875,0.3333333333333333,0.42857142857142855,0.14285714285714285,0.2857142857142857,0.2857142857142857,0.46153846153846156,,0.08333333333333333
Nocardioides sp. zg-579,0.10889570552147239,0.5225653206650831,0.5435897435897435,0.3,0.22297297297297297,0.0990990990990991,,0.3108108108108108,0.4696969696969697,0.08333333333333333,0.5384615384615384,,0.5348837209302325,0.21621621621621623,0.6111111111111112,0.7647058823529411,,,0.25,0.8125,0.5,1.0,0.25,0.4,0.6428571428571429,0.21428571428571427,0.5,0.6428571428571429,0.6923076923076923,,0.08333333333333333
Nocardiopsis alba,,0.0023752969121140144,0.041025641025641026,,,,0.010416666666666666,,,,,,,,,,,,,,,,,,,,,,,,
Nocardiopsis dassonvillei,,0.026128266033254157,0.05641025641025641,0.005555555555555556,,0.009009009009009009,0.010416666666666666,,0.09090909090909091,,,,,,,,,,,,,,,,,,,,,,
Nodularia spumigena,0.018404907975460124,,,0.005555555555555556,,0.018018018018018018,,,,,,,,0.2702702702702703,,,,,,,,,,,,,,,,,
Nonlabens spongiae,0.0015337423312883436,,,,,,,,,,,,,,,,,,,,,,,,,,,,,,
Nonomuraea sp. ATCC 55076,0.04141104294478527,0.17814726840855108,0.015384615384615385,0.07222222222222222,,0.02702702702702703,,0.0945945945945946,0.09090909090909091,0.016666666666666666,0.3269230769230769,,0.023255813953488372,0.08108108108108109,,,,,,0.125,,0.6875,,,0.21428571428571427,0.14285714285714285,0.21428571428571427,0.14285714285714285,0.15384615384615385,,
Nonomuraea sp. WYY166,0.003067484662576687,0.035629453681710214,,0.011111111111111112,,0.018018018018018018,,,0.015151515151515152,,0.07692307692307693,,,0.05405405405405406,,,,,,,,0.25,,,,0.14285714285714285,,0.14285714285714285,,,
Nordella sp. HKS 07,0.010736196319018405,0.0023752969121140144,,,,,,,,,,,,,,,,,,,,,,,,,,,,,
Nostoc carneum,0.009202453987730062,,,,,,,,,,,,,,,,,,,,,,,,,,,,,,
Nostoc flagelliforme,0.023006134969325152,0.004750593824228029,,0.011111111111111112,,0.2702702702702703,0.010416666666666666,0.013513513513513514,0.030303030303030304,0.016666666666666666,,,,,0.05555555555555555,,,,,0.125,0.0625,0.0625,,,,,,,,,
Nostoc linckia,0.032208588957055216,,,0.022222222222222223,,0.0990990990990991,,,,,,,,,,,,,,0.0625,,,,,,,,,,,
Nostoc piscinale,0.018404907975460124,,,0.011111111111111112,,0.009009009009009009,,,,,,,,0.08108108108108109,,,,,,,,,,,,,,,,,
Nostoc punctiforme,0.015337423312883436,,,0.005555555555555556,,0.10810810810810811,,,0.015151515151515152,,,,,,,,,,,0.0625,,,,,,,,,,,
Nostoc sp. 'Lobaria pulmonaria (5183) cyanobiont',0.02147239263803681,,,0.005555555555555556,,0.17117117117117117,,,0.015151515151515152,,,,,,,,,,,0.125,,,,,0.07142857142857142,,,,,,
Nostoc sp. 'Peltigera membranacea cyanobiont' N6,0.018404907975460124,,,0.005555555555555556,,0.14414414414414414,,,0.015151515151515152,,,,,,,,,,,0.0625,,,,,,,,,,,
Nostoc sp. ATCC 53789,0.012269938650306749,,,0.005555555555555556,,0.10810810810810811,,,0.015151515151515152,,,,,,,,,,,0.0625,,,,,,,,,,,
Nostoc sp. CENA543,0.02147239263803681,,,0.005555555555555556,,0.018018018018018018,,,,,,,,0.16216216216216217,,,,,,,,,,,,,,,,,
Nostoc sp. NIES-2111,0.003067484662576687,,,,,,,,,,,,,,,,,,,,,,,,,,,,,,
Nostoc sp. NIES-4103,0.04141104294478527,,,0.027777777777777776,,0.12612612612612611,,,,,,,,,,,,,,,,,,,,,,,,,
Nostoc sp. PCC 7107,0.012269938650306749,,,,,0.018018018018018018,,,,,,,,,,,,,,,,,,,,,,,,,
Nostoc sp. PCC 7524,0.024539877300613498,0.0023752969121140144,,0.005555555555555556,,0.02702702702702703,,,,,,,,0.2702702702702703,,,,,,,,,,,,,,,,,
Nostoc sphaeroides,0.023006134969325152,0.0023752969121140144,,0.011111111111111112,,0.22522522522522523,0.010416666666666666,,0.015151515151515152,0.016666666666666666,,,,,0.05555555555555555,,,,,0.125,0.0625,,,,,,,,,,
Nostocales cyanobacterium HT-58-2,0.04141104294478527,,,0.05,,0.05405405405405406,,,,,,,,0.2702702702702703,,,,,,,,,,,,,,,,,
Novibacillus thermophilus,,,,,,,,,0.015151515151515152,,,,,,,,,,,,,,,,,,,,,,
Noviherbaspirillum sp. UKPF54,,,,0.005555555555555556,,,,,,,0.019230769230769232,,,,,,,,,,,,,,,,,,0.07692307692307693,0.07692307692307693,
Novosphingobium aromaticivorans,0.03067484662576687,,0.010256410256410256,0.005555555555555556,,,,,,,,0.0196078431372549,,,,,,,,,,,,,,,,,,,
Novosphingobium ginsenosidimutans,0.019938650306748466,,0.010256410256410256,0.005555555555555556,,,,,,,0.019230769230769232,0.0196078431372549,,,,,,,,,,,,,,,,,,,
Novosphingobium pentaromativorans,0.010736196319018405,,0.005128205128205128,,,,,,,,,,,,,,,,,,,,,,,,,,,,
Novosphingobium resinovorum,0.09969325153374232,0.004750593824228029,0.046153846153846156,0.06111111111111111,0.006756756756756757,0.036036036036036036,,0.08108108108108109,,0.05,0.09615384615384616,0.058823529411764705,,,0.027777777777777776,0.058823529411764705,0.058823529411764705,0.0625,,0.0625,,,,,,,0.07142857142857142,,0.07692307692307693,,
Novosphingobium sp. ABRDHK2,0.07208588957055215,,0.010256410256410256,0.011111111111111112,,,,0.013513513513513514,,,0.038461538461538464,0.0196078431372549,,,,,,,0.125,,,,,,,,,,,,
Novosphingobium sp. Gsoil 351,0.05828220858895705,,,0.011111111111111112,,,,0.013513513513513514,,0.016666666666666666,0.038461538461538464,0.0196078431372549,,,,,,,,0.0625,,,,,,,,,,,
Novosphingobium sp. P6W,0.03067484662576687,0.004750593824228029,0.015384615384615385,0.016666666666666666,0.006756756756756757,0.018018018018018018,,,,,0.038461538461538464,0.0392156862745098,,,0.05555555555555555,,0.058823529411764705,,,,,,,,,,,,,,
Novosphingobium sp. PP1Y,0.0015337423312883436,0.0023752969121140144,0.005128205128205128,,,,,,,,,,,,,,,,,,,,,,,,,,,,
Novosphingobium sp. THN1,0.03067484662576687,,0.015384615384615385,0.005555555555555556,,,,,,0.016666666666666666,,0.0196078431372549,,,,,,,,,,,,,,,,,,,
Novosphingobium tardaugens,0.0015337423312883436,,,,,,,,0.015151515151515152,,,0.0196078431372549,,,,,,,,,,,,,,,,,,,
Oblitimonas alkaliphila,0.003067484662576687,,,,,,,,,,,,,,,,,,,,,,,,,,,,,,
Oceanicola sp. D3,0.01687116564417178,,,,,,,,,,,,,,,,,,,,,,,,,,,,,,
Oceanimonas sp. GK1,0.009202453987730062,,,,,,,,,,,,,,,,,,,,,,,,,,,,,,
Oceanisphaera profunda,0.0015337423312883436,,,,,,,,,,,,,,,,,,,,,,,,,,,,,,
Oceanobacillus iheyensis,,,0.010256410256410256,,,,,,,,,,,0.02702702702702703,,,,,,,,,,,,,,,,,
Oceanobacillus kimchii,,,0.010256410256410256,,,,,,,,,,,,,,,,,,,,,,,,,,,,
Oceanobacillus sp. 160,,,0.005128205128205128,,,,,,,,,,,,,,,,,,,,,,,,,,,,
Ochrobactrum anthropi,0.01687116564417178,0.2517814726840855,0.05641025641025641,0.011111111111111112,0.006756756756756757,0.18018018018018017,,0.08108108108108109,,,0.07692307692307693,0.0196078431372549,,,,0.058823529411764705,0.058823529411764705,,,0.0625,0.0625,,,,,,,,,0.07692307692307693,
Ochrobactrum pituitosum,,0.17339667458432304,0.005128205128205128,,,,,,,,,,,,,,,,,,,,,,,,,,,0.15384615384615385,
Ochrobactrum pseudogrignonense,,0.17339667458432304,0.005128205128205128,,,,,,,,,,,,,,,,,,,,,,,,,,,0.15384615384615385,
Ochrobactrum quorumnocens,,0.19714964370546317,,,,0.02702702702702703,,,,,,,,,,,,,,,,,,,0.07142857142857142,,,,,0.15384615384615385,
Octadecabacter sp. SW4,0.0015337423312883436,,,,,,,,,,,,,,,,,,,,,,,,,,,,,,
Octadecabacter temperatus,,,,,0.10135135135135136,,0.03125,,0.6818181818181818,,,,,0.5945945945945946,,,,,,,,0.125,,,,,,,,,
Odoribacter splanchnicus,0.004601226993865031,,0.005128205128205128,0.005555555555555556,,,0.020833333333333332,,,,,,,,,,,,,,,0.0625,,,,,,0.07142857142857142,,,
Oerskovia sp. KBS0722,,0.09026128266033254,0.005128205128205128,,0.006756756756756757,0.02702702702702703,,,,,,,0.023255813953488372,,,0.11764705882352941,,,,,,,0.0625,,,,,,,,
Ogataea parapolymorpha,0.006134969325153374,,0.005128205128205128,0.016666666666666666,,0.02702702702702703,,0.013513513513513514,,,0.019230769230769232,,,,,,,,,,,,,,,,,,,,
Oligella urethralis,,0.004750593824228029,0.005128205128205128,0.005555555555555556,0.006756756756756757,0.05405405405405406,0.03125,0.013513513513513514,,,,,,,,0.058823529411764705,,,,0.0625,,,,,0.07142857142857142,,,,,,
Olivibacter sp. LS-1,,,0.010256410256410256,,,,,,,,,,,,,,,,,,,,,,,,,,,,
Olsenella sp. GAM18,,,0.005128205128205128,,,,,,,,,,,,,,,,,,,,,,,,,,,,
Olsenella sp. oral taxon 807,0.004601226993865031,,0.005128205128205128,0.03333333333333333,,,0.010416666666666666,0.02702702702702703,,,0.019230769230769232,,,0.02702702702702703,,,,,,,,,0.0625,,,,0.07142857142857142,,,,
Olsenella uli,,,0.005128205128205128,0.005555555555555556,,,,,,,,,,,,,,,,,,,,,,,,,,,
Olsenella umbonata,,,0.005128205128205128,,,,,,0.015151515151515152,,,,,,,,,,,,,,,,,,,,,,
Opitutaceae bacterium TAV5,0.0015337423312883436,,,,,,,,,0.016666666666666666,,,,,,,,,,,,,,,,,,,,,
Opitutus sp. GAS368,0.003067484662576687,,,,,,,,,0.016666666666666666,,,,,,,,,,,,,,,,,,,,,
Opitutus terrae,,,,,,,,,,0.016666666666666666,,,,,,,,,,,,,,,,,,,,,
Ornithinimicrobium flavum,0.12576687116564417,0.3491686460807601,0.717948717948718,0.24444444444444444,0.32432432432432434,0.06306306306306306,0.13541666666666666,0.21621621621621623,0.36363636363636365,0.05,0.3269230769230769,,0.37209302325581395,0.24324324324324326,0.027777777777777776,0.9411764705882353,,,0.25,0.4375,0.5625,0.8125,0.3125,0.3333333333333333,,,0.07142857142857142,0.8571428571428571,0.46153846153846156,,
Ornithinimicrobium sp. AMA3305,0.07668711656441718,0.3254156769596199,0.5948717948717949,0.17222222222222222,0.19594594594594594,0.018018018018018018,0.041666666666666664,0.10810810810810811,0.24242424242424243,0.016666666666666666,0.11538461538461539,,0.3023255813953488,0.21621621621621623,0.1388888888888889,0.8823529411764706,,,,0.3125,0.3125,0.8125,0.1875,0.26666666666666666,,,0.07142857142857142,0.7857142857142857,0.23076923076923078,,
Ornithinimicrobium sp. H23M54,0.03987730061349693,0.09738717339667459,0.08205128205128205,0.016666666666666666,0.013513513513513514,,,0.02702702702702703,,,0.057692307692307696,,0.09302325581395349,0.05405405405405406,,0.23529411764705882,,,,0.125,,0.1875,0.0625,0.06666666666666667,,,,0.14285714285714285,,,
Ornithinimicrobium sp. HY006,0.07208588957055215,0.27078384798099764,0.6102564102564103,0.15,0.0945945945945946,0.018018018018018018,0.052083333333333336,0.12162162162162163,0.25757575757575757,0.016666666666666666,0.15384615384615385,,0.23255813953488372,0.1891891891891892,,0.7058823529411765,,,0.25,0.125,0.25,0.4375,0.1875,0.2,,,0.07142857142857142,0.6428571428571429,0.23076923076923078,,
Orrella dioscoreae,,,,,,0.009009009009009009,,,,,,,,,,,,,,,,,,,,,,,,,
Oryzomicrobium terrae,,,,,0.006756756756756757,,,,,,,,,,,,,,,,,,,,,,,,,,
Oscillatoria acuminata,0.003067484662576687,,,,,0.009009009009009009,0.010416666666666666,,0.030303030303030304,,,,,0.21621621621621623,,,,,,,,,,,,,,,,,
Oscillatoria nigro-viridis,0.023006134969325152,0.19477434679334918,0.010256410256410256,0.03333333333333333,0.0472972972972973,0.23423423423423423,0.14583333333333334,0.02702702702702703,0.18181818181818182,0.016666666666666666,,,0.2558139534883721,0.05405405405405406,0.4166666666666667,0.11764705882352941,,,0.1875,0.5625,0.375,0.6875,0.0625,0.06666666666666667,0.6428571428571429,,,,,,
Oscillatoriales cyanobacterium JSC-12,,,,,,,,,,,,,,0.05405405405405406,,,,,,,,,,,,,,,,,
Oscillibacter valericigenes,,,0.03076923076923077,,,,0.010416666666666666,,,,,0.0196078431372549,,,,,0.11764705882352941,,,,,,,,,,,,,,
Ottowia oryzae,0.049079754601226995,0.007125890736342043,0.09743589743589744,,0.006756756756756757,,,0.02702702702702703,0.07575757575757576,0.016666666666666666,0.038461538461538464,,,0.02702702702702703,0.027777777777777776,,,,,,,,0.125,0.13333333333333333,0.07142857142857142,,0.07142857142857142,0.21428571428571427,,,0.08333333333333333
Ottowia sp. oral taxon 894,0.003067484662576687,0.0023752969121140144,0.005128205128205128,0.011111111111111112,,,,,,,0.019230769230769232,,,,,,,,,,,,,,,,0.07142857142857142,,,,
Paenibacillus alvei,,,0.005128205128205128,,,,,,,,,,,,,,,,,,,,,,,,,,,,
Paenibacillus borealis,,0.0023752969121140144,,,,,,,,,,0.0196078431372549,,,,,,,,,,,,,,,,,,0.07692307692307693,
Paenibacillus cellulositrophicus,,,0.005128205128205128,,,,,,,,,,,,,,0.11764705882352941,,,,,,,,,,,,,,
Paenibacillus crassostreae,,,0.005128205128205128,,,,,,,,,,,,,,,,,,,,,,,,,,,,
Paenibacillus donghaensis,,,0.005128205128205128,,,,,,,,,0.0196078431372549,,,,,,,,,,,,,,,,,,0.07692307692307693,
Paenibacillus durus,,,0.005128205128205128,,,,,,,,,0.0196078431372549,,,,,,,,,,,,,,,,,,,
Paenibacillus glucanolyticus,,0.004750593824228029,,,,,,,,,,0.0196078431372549,,,,,,,,,,,,,,,,,,,
Paenibacillus graminis,,,,,,,,,,,,0.0196078431372549,,,,,,,,,,,,,,,,,,,
Paenibacillus guangzhouensis,,,0.005128205128205128,,,,,,,,,,,,,,,,,,,,,,,,,,,,
Paenibacillus ihbetae,,0.0023752969121140144,0.005128205128205128,,,,,,,,,0.058823529411764705,,,,,0.058823529411764705,,,,,,,,,,,,,,
Paenibacillus jilunlii,,,,,,,,,,,,0.0196078431372549,,,,,,,,,,,,,,,,,,,
Paenibacillus lautus,,0.004750593824228029,,,,,,,0.030303030303030304,,,0.0784313725490196,,,,,0.058823529411764705,,,,,,,,,,,,,,
Paenibacillus lentus,,,,,,,,,,,,0.0196078431372549,,,,,0.11764705882352941,,,,,,,,,,,,,,
Paenibacillus lutimineralis,,,0.010256410256410256,,,,,,,,,0.0196078431372549,,,,,0.11764705882352941,,,,,,,,,,,,,,
Paenibacillus odorifer,,0.011876484560570071,0.005128205128205128,,0.013513513513513514,0.018018018018018018,,,,,,0.19607843137254902,,,,0.29411764705882354,0.058823529411764705,0.5,,,,,,,,,,,,0.23076923076923078,
Paenibacillus physcomitrellae,,,,,,,,,,,,,,,,,0.058823529411764705,,,,,,,,,,,,,,
Paenibacillus polymyxa,,,0.005128205128205128,,,,,,,,,0.0392156862745098,,0.08108108108108109,,,,,,,,,,,,,,,,,
Paenibacillus riograndensis,,,,,,,,,,,,0.0196078431372549,,,,,,,,,,,,,,,,,,,
Paenibacillus sp. CAA11,,,,,,,,,,,,,,,,,0.058823529411764705,,,,,,,,,,,,,,
Paenibacillus sp. Cedars,,0.0023752969121140144,,,,,,,,,,0.0196078431372549,,,,,,,,,,,,,,,,,,,
Paenibacillus sp. DCT19,,,0.005128205128205128,,,,,,,,,,,,,,,,,,,,,,,,,,,,
Paenibacillus sp. FSL H7-0357,,,0.005128205128205128,,,0.009009009009009009,,,,,,0.0196078431372549,,,,,,,,,,,,,,,,,,0.07692307692307693,
Paenibacillus sp. FSL H7-0737,,,0.005128205128205128,,,,,,,,,0.058823529411764705,,,,,,0.3125,,,,,,,,,,,,0.3076923076923077,
Paenibacillus sp. FSL P4-0081,,,,,,,,,,,,0.0196078431372549,,,,,,,,,,,,,,,,,,,
Paenibacillus sp. FSL R5-0345,,0.0023752969121140144,0.005128205128205128,,0.006756756756756757,,,,,,,0.0392156862745098,,,,,,0.25,,,,,,,,,,,,0.15384615384615385,
Paenibacillus sp. FSL R5-0912,,,,,,,,,,,,0.0196078431372549,,,,,,0.0625,,,,,,,,,,,,,
Paenibacillus sp. FSL R7-0273,,,,,,,,,,,,0.0196078431372549,,,,,0.058823529411764705,,,,,,,,,,,,,,
Paenibacillus sp. FSL R7-0331,,,,,,,,,,,,0.0196078431372549,,,,,0.058823529411764705,,,,,,,,,,,,,,
Paenibacillus sp. HB172198,,,0.005128205128205128,,,,,,,,,,,,,,,,,,,,,,,,,,,,
Paenibacillus sp. IHBB 10380,,,0.005128205128205128,,,,,,,,,,,,,,,,,,,,,,,,,,,0.07692307692307693,
Paenibacillus sp. Y412MC10,,0.004750593824228029,0.010256410256410256,,,,,,0.030303030303030304,,,0.0784313725490196,,,,,0.058823529411764705,,,,,,,,,,,,,,
Paenibacillus stellifer,,,,,,,,,,,,0.0196078431372549,,,,,0.058823529411764705,,,,,,,,,,,,,,
Paenibacillus thiaminolyticus,,,0.005128205128205128,,,,,,,,,,,,,,,,,,,,,,,,,,,,
Paenibacillus xylanilyticus,,0.0023752969121140144,,,,,,,,,,,,,,,,,,,,,,,,,,,,,
Paenibacillus yonginensis,,,,,,,,,,,,,,,,,0.058823529411764705,,,,,,,,,,,,,,
Paeniclostridium sordellii,,,0.010256410256410256,,,0.009009009009009009,,,,,,0.0392156862745098,,,,,0.058823529411764705,,,,,,,,,,,,,,
Paenisporosarcina antarctica,,,0.005128205128205128,,,,,,,,,,,,,,,,,,,,,,,,,,,,
Paenisporosarcina sp. K2R23-3,,,0.005128205128205128,,,,,,,,,,,,,,,,,,,,,,,,,,,,
Paludisphaera borealis,0.003067484662576687,0.0023752969121140144,,,,,,,,,,,,,,,,,,,,,,,,0.07142857142857142,,0.07142857142857142,,,
Pandoraea pnomenusa,,,,,,,,0.013513513513513514,,,,,,,,,,,,,,,,,,,,,,,
Pannonibacter phragmitetus,0.018404907975460124,0.05938242280285035,0.015384615384615385,0.011111111111111112,0.013513513513513514,,,0.02702702702702703,0.015151515151515152,,,,,,,,,0.0625,,,,,,,,,,,,,
Pantoea agglomerans,0.004601226993865031,0.07838479809976247,0.14871794871794872,0.2222222222222222,0.2972972972972973,0.3783783783783784,0.11458333333333333,0.17567567567567569,0.16666666666666666,0.016666666666666666,0.23076923076923078,0.2549019607843137,0.2558139534883721,0.40540540540540543,0.4722222222222222,0.6470588235294118,0.5882352941176471,0.4375,0.75,0.0625,0.375,0.75,0.375,0.26666666666666666,0.21428571428571427,,,,0.07692307692307693,0.46153846153846156,
Pantoea alhagi,,,0.015384615384615385,,0.05405405405405406,0.009009009009009009,,,0.015151515151515152,,,0.09803921568627451,,,,0.058823529411764705,0.058823529411764705,0.0625,,,,,,,,,,,,0.15384615384615385,
Pantoea ananatis,,,0.02564102564102564,0.005555555555555556,0.08783783783783784,0.06306306306306306,,,0.015151515151515152,,,0.09803921568627451,,,,0.058823529411764705,0.23529411764705882,0.125,,,,,,,,,,,0.07692307692307693,0.3076923076923077,
Pantoea dispersa,0.03374233128834356,0.007125890736342043,0.3282051282051282,0.21666666666666667,0.19594594594594594,0.05405405405405406,,0.16216216216216217,0.13636363636363635,,0.1346153846153846,0.19607843137254902,,0.21621621621621623,,0.058823529411764705,0.47058823529411764,0.1875,,,,0.0625,,,0.07142857142857142,,,0.07142857142857142,,0.38461538461538464,
Pantoea eucalypti,,0.0023752969121140144,,,0.006756756756756757,0.018018018018018018,0.010416666666666666,,,,,0.058823529411764705,,,,,0.058823529411764705,0.3125,,,,,,,,,,,,0.23076923076923078,
Pantoea rwandensis,0.0015337423312883436,0.004750593824228029,0.020512820512820513,,0.08108108108108109,0.009009009009009009,,0.013513513513513514,0.015151515151515152,,,0.0784313725490196,,,,0.11764705882352941,0.11764705882352941,0.3125,,,,,,,,,,,,0.38461538461538464,
Pantoea sp. 201603H,,,0.005128205128205128,,,,,,,,,0.0392156862745098,,,0.027777777777777776,0.058823529411764705,,,,,,,,,,,,,,0.07692307692307693,
Pantoea sp. At-9b,,,0.010256410256410256,0.022222222222222223,0.0945945945945946,0.036036036036036036,,0.013513513513513514,0.015151515151515152,,0.038461538461538464,0.09803921568627451,,,,,0.11764705882352941,0.1875,,,,,,,,,,,,0.38461538461538464,
Pantoea sp. CCBC3-3-1,,0.004750593824228029,0.010256410256410256,0.016666666666666666,0.0472972972972973,0.009009009009009009,,,0.015151515151515152,,,0.09803921568627451,0.023255813953488372,,,0.058823529411764705,,0.0625,,,,,,,,,,,,0.3076923076923077,
Pantoea sp. PSNIH1,0.004601226993865031,0.011876484560570071,0.29743589743589743,0.07222222222222222,0.18243243243243243,0.2882882882882883,0.010416666666666666,0.04054054054054054,0.7727272727272727,,0.038461538461538464,0.39215686274509803,,0.10810810810810811,0.1111111111111111,0.23529411764705882,0.4117647058823529,0.125,0.3125,0.0625,,0.1875,,,,,,0.14285714285714285,0.07692307692307693,0.23076923076923078,0.4166666666666667
Pantoea sp. SO10,,,0.03076923076923077,,0.12162162162162163,0.12612612612612611,,,0.015151515151515152,,,0.11764705882352941,,,0.027777777777777776,0.4117647058823529,0.11764705882352941,0.375,,,,0.0625,,,,,,,,0.38461538461538464,
Pantoea stewartii,0.006134969325153374,,0.10256410256410256,0.005555555555555556,0.060810810810810814,0.036036036036036036,,0.013513513513513514,0.015151515151515152,,,0.09803921568627451,,,,,0.11764705882352941,0.0625,,,,,,,,,,,,0.3076923076923077,
Pantoea vagans,0.009202453987730062,0.009501187648456057,0.17435897435897435,0.022222222222222223,0.16216216216216217,0.1891891891891892,0.07291666666666667,0.02702702702702703,0.10606060606060606,0.06666666666666667,0.057692307692307696,0.2549019607843137,,,0.027777777777777776,0.47058823529411764,0.35294117647058826,0.5,0.0625,,0.125,0.25,,0.06666666666666667,0.2857142857142857,,,,,0.46153846153846156,
Parabacteroides distasonis,0.009202453987730062,0.0023752969121140144,0.015384615384615385,0.005555555555555556,,,,,,,,,,,,,,,,,,,,,0.14285714285714285,,,,,,
Paraburkholderia fungorum,,,,,0.006756756756756757,,0.020833333333333332,,,,,,,,,,,,,,,,,,,,,,,,
Paraburkholderia phytofirmans,,,,,,,,,,,,,,,,,,,,,,,,,0.07142857142857142,,,,,,
Paraclostridium bifermentans,,0.009501187648456057,0.010256410256410256,,,0.009009009009009009,,,,,,0.0196078431372549,,,,,0.058823529411764705,,,,,,,,,,,,,,
Paracoccus aminophilus,0.013803680981595092,0.011876484560570071,0.06666666666666667,,0.02027027027027027,,,0.02702702702702703,0.045454545454545456,0.016666666666666666,,,,,,,,,,,0.0625,,,,,,,0.07142857142857142,,,
Paracoccus aminovorans,0.13803680981595093,0.040380047505938245,0.2153846153846154,0.03888888888888889,0.013513513513513514,0.009009009009009009,,0.0945945945945946,0.10606060606060606,0.03333333333333333,0.07692307692307693,,,,0.027777777777777776,0.058823529411764705,,,0.125,,0.375,0.0625,,0.13333333333333333,,,0.2857142857142857,0.5714285714285714,,,
Paracoccus contaminans,0.4723926380368098,0.20190023752969122,0.4461538461538462,0.2,0.060810810810810814,0.02702702702702703,0.08333333333333333,0.3918918918918919,0.3484848484848485,0.08333333333333333,0.11538461538461539,,,,0.3055555555555556,0.35294117647058826,,,0.9375,0.6875,0.6875,0.25,0.3125,0.5333333333333333,0.6428571428571429,,0.9285714285714286,0.8571428571428571,0.15384615384615385,,
Paracoccus denitrificans,0.08588957055214724,0.021377672209026127,0.1641025641025641,0.027777777777777776,0.013513513513513514,0.009009009009009009,,0.05405405405405406,0.07575757575757576,0.03333333333333333,0.019230769230769232,,,,,0.058823529411764705,,,,,0.3125,0.0625,,0.06666666666666667,,,0.21428571428571427,0.42857142857142855,,,
Paracoccus haeundaensis,0.0015337423312883436,0.0023752969121140144,,,,,,,,,,,,,,,,,,,,,,,,,,,,,
Paracoccus jeotgali,0.08742331288343558,0.047505938242280284,0.16923076923076924,0.016666666666666666,0.013513513513513514,0.009009009009009009,,0.08108108108108109,0.06060606060606061,0.03333333333333333,0.019230769230769232,0.0196078431372549,,,0.027777777777777776,0.11764705882352941,,,0.125,0.0625,0.3125,,,0.06666666666666667,,,0.14285714285714285,0.5,0.07692307692307693,,
Paracoccus kondratievae,0.027607361963190184,0.009501187648456057,0.07179487179487179,0.005555555555555556,0.013513513513513514,,,0.02702702702702703,0.045454545454545456,0.016666666666666666,0.019230769230769232,,,,,,,,,,0.0625,,,,,,,0.07142857142857142,,,
Paracoccus marcusii,0.003067484662576687,0.0023752969121140144,,,,,,,,,,,,,,0.058823529411764705,,,,,,,,,,,,,,,
Paracoccus mutanolyticus,,0.014251781472684086,0.005128205128205128,,0.006756756756756757,,,0.04054054054054054,,,,,,,0.027777777777777776,,,,,,,,,,,,,,,,
Paracoccus pantotrophus,0.10122699386503067,0.023752969121140142,0.2,0.03888888888888889,0.02027027027027027,,,0.08108108108108109,0.07575757575757576,0.05,0.019230769230769232,,,,0.027777777777777776,0.058823529411764705,,,0.0625,,0.3125,0.0625,,0.06666666666666667,,,0.21428571428571427,0.42857142857142855,,,
Paracoccus sanguinis,0.7822085889570553,0.5938242280285035,0.6871794871794872,0.8,0.25,0.32432432432432434,0.2604166666666667,0.7702702702702703,0.5303030303030303,0.3333333333333333,0.5384615384615384,,0.023255813953488372,0.21621621621621623,0.7777777777777778,0.5882352941176471,,,1.0,1.0,1.0,0.5625,0.875,0.8666666666666667,0.8571428571428571,0.21428571428571427,1.0,0.8571428571428571,0.23076923076923078,,0.25
Paracoccus sp. 2251,0.20398773006134968,0.4085510688836104,0.4358974358974359,0.2777777777777778,0.22297297297297297,0.12612612612612611,0.052083333333333336,0.3108108108108108,0.18181818181818182,0.06666666666666667,0.34615384615384615,,0.6046511627906976,0.1891891891891892,0.4444444444444444,0.8235294117647058,,,0.875,0.6875,0.6875,0.5625,0.375,0.4666666666666667,0.14285714285714285,,0.5,0.8571428571428571,0.5384615384615384,,
Paracoccus sp. AK26,0.5168711656441718,0.6152019002375297,0.7538461538461538,0.7444444444444445,0.43243243243243246,0.40540540540540543,0.4166666666666667,0.7702702702702703,0.6060606060606061,0.16666666666666666,0.6923076923076923,,0.20930232558139536,0.1891891891891892,0.8333333333333334,0.9411764705882353,0.058823529411764705,,1.0,1.0,1.0,0.9375,0.75,0.6666666666666666,,0.14285714285714285,1.0,1.0,0.6923076923076923,,0.08333333333333333
Paracoccus sp. Arc7-R13,0.504601226993865,0.684085510688836,0.717948717948718,0.5166666666666667,0.8108108108108109,0.8288288288288288,0.625,0.527027027027027,0.803030303030303,0.3,0.6730769230769231,0.0784313725490196,0.6744186046511628,0.6756756756756757,0.9166666666666666,1.0,,,1.0,1.0,1.0,0.8125,1.0,1.0,0.8571428571428571,0.21428571428571427,0.9285714285714286,0.8571428571428571,0.8461538461538461,,0.5833333333333334
Paracoccus sp. BM15,0.03067484662576687,0.007125890736342043,0.08717948717948718,0.005555555555555556,0.013513513513513514,,,0.02702702702702703,0.030303030303030304,,0.019230769230769232,,,,,,,,,0.0625,0.0625,,,0.06666666666666667,,,,0.21428571428571427,,,
Paracoccus sp. SC2-6,0.07668711656441718,0.0166270783847981,0.14358974358974358,0.016666666666666666,0.006756756756756757,,,0.04054054054054054,0.045454545454545456,0.016666666666666666,0.019230769230769232,,,,,,,,,,0.1875,,,0.06666666666666667,,,0.14285714285714285,0.2857142857142857,,,
Paracoccus yeei,0.6395705521472392,0.7149643705463183,0.6666666666666666,0.7166666666666667,0.3783783783783784,0.7297297297297297,0.4166666666666667,0.7567567567567568,0.5303030303030303,0.13333333333333333,0.5576923076923077,0.0392156862745098,0.23255813953488372,0.4864864864864865,0.9722222222222222,0.9411764705882353,,,1.0,1.0,1.0,0.6875,1.0,1.0,0.6428571428571429,0.14285714285714285,0.9285714285714286,0.8571428571428571,0.6153846153846154,,0.5833333333333334
Paracoccus zhejiangensis,0.18711656441717792,0.05463182897862233,0.2923076923076923,0.05,0.02702702702702703,0.018018018018018018,0.010416666666666666,0.0945945945945946,0.10606060606060606,0.05,0.057692307692307696,,,,0.1111111111111111,0.29411764705882354,,,0.25,0.25,0.4375,0.1875,0.0625,0.2,,,0.35714285714285715,0.7142857142857143,0.15384615384615385,,
Paraoceanicella profunda,0.04141104294478527,0.0023752969121140144,,0.016666666666666666,,,,,,0.016666666666666666,,,,0.02702702702702703,,,,,,,0.0625,,,0.13333333333333333,,,,,,,
Paraoerskovia marina,,0.0023752969121140144,,,,,,,,,,,,,,,,,,,,,,,,,,,,,
Parascardovia denticolens,,0.0023752969121140144,,,,,,,,,,,,,,,,,,0.0625,,,,,,,,,,,
Parolsenella catena,,,0.005128205128205128,,,,,,,,,,,,,,,,,,,,,,,,,,,,
Parvibaculum lavamentivorans,,0.007125890736342043,0.015384615384615385,,,,,,0.015151515151515152,,,,,,,,,,,,,,,,,,,,,,
Parvimonas micra,,0.007125890736342043,,,,0.04504504504504504,0.020833333333333332,0.013513513513513514,,,,,,,,,,,,,0.0625,,,,,,,,,,
Pasteurella multocida,0.015337423312883436,0.030878859857482184,0.07179487179487179,0.07222222222222222,0.10810810810810811,0.08108108108108109,0.23958333333333334,0.02702702702702703,0.045454545454545456,,0.019230769230769232,,0.23255813953488372,0.5135135135135135,0.3333333333333333,,,,0.1875,0.125,0.3125,0.5625,,,,,,,0.07692307692307693,,
Paucibacter sp. KCTC 42545,0.29754601226993865,,0.046153846153846156,0.3055555555555556,0.05405405405405406,,,0.14864864864864866,0.030303030303030304,0.18333333333333332,0.09615384615384616,,0.023255813953488372,0.10810810810810811,,,,,,,,,0.0625,0.06666666666666667,,0.6428571428571429,,,0.5384615384615384,,0.5833333333333334
Pauljensenia hongkongensis,0.02607361963190184,0.014251781472684086,0.005128205128205128,0.05,0.033783783783783786,0.06306306306306306,,0.06756756756756757,,,0.038461538461538464,,0.046511627906976744,0.02702702702702703,,,,,,0.0625,,,0.25,,,,0.14285714285714285,0.07142857142857142,,,
Pectobacterium brasiliense,,0.0023752969121140144,0.005128205128205128,,,0.009009009009009009,0.010416666666666666,,0.015151515151515152,,,,,0.02702702702702703,,,0.058823529411764705,,,,,,,,,,,,,,
Pectobacterium carotovorum,,,0.005128205128205128,,0.006756756756756757,0.009009009009009009,,,0.015151515151515152,,,,,,,,0.058823529411764705,,,,0.0625,,0.0625,,,,,,,,
Pectobacterium parmentieri,,0.0023752969121140144,0.005128205128205128,,,,,,,,,,,,,,,,,,,,,,,,,,,0.07692307692307693,
Pectobacterium polaris,,,,,,0.009009009009009009,,,,,0.019230769230769232,,,,,,,,,,,,,,,,,,,,
Pectobacterium punjabense,,0.0023752969121140144,,,,,,,,,,,,,,,,,,,,,,,,,,,,,
Pedobacter cryoconitis,,0.0023752969121140144,,,0.006756756756756757,,,,,,,,,,,,,0.0625,,,,,,,,,,,,0.15384615384615385,
Pedobacter ginsengisoli,,,,,,,,,,,,,,,,,,,,,,,,,,,,,,0.07692307692307693,
Pedobacter heparinus,,,,,,,,,,,,,,,,,,,,,,,,,,,,,,0.07692307692307693,
Pedobacter sp. G11,0.006134969325153374,,,,,0.018018018018018018,,,,,,,,,0.05555555555555555,0.11764705882352941,,0.0625,,,,0.0625,,,,,,,,0.07692307692307693,
Pedobacter sp. HDW13,0.003067484662576687,,,,,,,,,,,,,,,,,,,,,,,,,,,,,0.07692307692307693,
Pedobacter sp. KBS0701,0.003067484662576687,,,,,0.009009009009009009,,,,,,,,,,,,,,,,,,,,,,,,0.07692307692307693,
Pedobacter sp. PACM 27299,,,,,0.006756756756756757,,,,,,,,,,,,,,,,,,,,,,,,,0.15384615384615385,
Pedobacter sp. eg,,,,,,,,,,,,,,,,,,,,,,,,,,,,,,0.07692307692307693,
Pedobacter steynii,,,,,,,,,,,,,,,,,,,,,,,,,,,,,,0.15384615384615385,
Pedobacter suwonensis,0.003067484662576687,,,,,0.018018018018018018,,,,,,,,,,,,,,,,,,,,,,,,0.07692307692307693,
Pelagibaca abyssi,0.019938650306748466,0.0023752969121140144,,,,,,0.02702702702702703,,,,,,,,,,,,,,,,,,,,,,,
Pelagibacterium halotolerans,,,,0.005555555555555556,,,,,,,,,,,,,,,,,,,,,,,,,,,
Pelosinus fermentans,,0.0023752969121140144,,,,,,,,,,0.0196078431372549,,,,,,,,,,,,,,,,,,,
Pelosinus sp. UFO1,,,,,,,,,,,,0.0196078431372549,,,,,,,,,,,,,,,,,,,
Peptococcaceae bacterium DCMF,,,,,,,,,,,,,,,,,,,,,,,,,,0.07142857142857142,,,,,
Peptoniphilus harei,0.0015337423312883436,0.0166270783847981,,,0.006756756756756757,0.35135135135135137,0.03125,0.013513513513513514,0.015151515151515152,,,,,0.05405405405405406,0.2777777777777778,,,,,,,,,,0.07142857142857142,,,0.07142857142857142,,,
Peptostreptococcaceae bacterium oral taxon 929,0.0015337423312883436,0.007125890736342043,,,,0.12612612612612611,0.010416666666666666,,,,,,,,0.1111111111111111,,,,,,,,,,,,,,,,
Phaeobacter gallaeciensis,0.003067484662576687,,,,,,,,,,,,,,,,,,,,,,,,,,,,,,
Phaeobacter inhibens,0.0015337423312883436,,,,,,,,,,,,,,,,,,,,,,,,,,,,,,
Phaeodactylum tricornutum,0.0015337423312883436,,,,,0.009009009009009009,,0.013513513513513514,,,0.019230769230769232,,,0.16216216216216217,,,,,,,,,,,,,,,,,
Phascolarctobacterium faecium,0.0015337423312883436,,,,,,,,,,,,,,,,,,,,,,,,,,,,,,
Phascolarctobacterium succinatutens,0.0015337423312883436,,,,,,,,,,,,,,,,,,,,,,,,,,,,,,
Phenylobacterium sp. HYN0004,0.009202453987730062,,0.005128205128205128,,,,,,0.015151515151515152,,,,,,,,,,,,,,,,,,,,,,
Phenylobacterium zucineum,0.12116564417177914,0.0023752969121140144,0.09230769230769231,0.1,,0.018018018018018018,,0.06756756756756757,0.045454545454545456,0.05,0.019230769230769232,,,,0.027777777777777776,,,,,,,,0.0625,0.13333333333333333,0.21428571428571427,0.07142857142857142,0.35714285714285715,,0.15384615384615385,,
Photobacterium damselae,0.009202453987730062,,,,,,,,,,,,,,,,,,,,,,,,,,,,,,
Photobacterium gaetbulicola,0.0015337423312883436,,0.005128205128205128,,,,,,,,,,,,,,,,,,,,,,,,,,,,
Photobacterium profundum,,,0.005128205128205128,,,,,,,,,,,,,,,,,,,,,,,,,,,,
Photorhabdus thracensis,,,,,,,,,,,,,,0.05405405405405406,,,,,,,,,,,,,,,,,
Phreatobacter cathodiphilus,0.019938650306748466,,,0.005555555555555556,,,,,,,,,,0.02702702702702703,,,,,,,,,,,,,,,,,
Phreatobacter stygius,0.003067484662576687,,,,,,,,,,,,,0.02702702702702703,,,,,,,,,,,,,,,,,
Phycicoccus dokdonensis,0.08128834355828221,0.40380047505938244,0.19487179487179487,0.15555555555555556,0.08783783783783784,0.036036036036036036,,0.12162162162162163,0.015151515151515152,0.03333333333333333,0.4423076923076923,,0.4883720930232558,0.05405405405405406,0.4722222222222222,0.29411764705882354,,,,0.5,0.125,0.8125,0.125,0.3333333333333333,0.35714285714285715,0.14285714285714285,0.14285714285714285,0.35714285714285715,0.15384615384615385,,
Phycicoccus sp. HDW14,0.21932515337423314,0.5748218527315915,0.48717948717948717,0.3277777777777778,0.25,0.10810810810810811,0.010416666666666666,0.36486486486486486,0.045454545454545456,0.08333333333333333,0.5576923076923077,,0.627906976744186,0.21621621621621623,0.75,0.6470588235294118,,,0.25,1.0,0.375,0.9375,0.5,0.4666666666666667,0.7142857142857143,0.14285714285714285,0.7857142857142857,0.7857142857142857,0.6923076923076923,,0.08333333333333333
Phycisphaera mikurensis,0.010736196319018405,,,,,,,,,,,,,,,,,,,,,,,,,,,,,,
Pichia kudriavzevii,,,0.005128205128205128,,,0.02702702702702703,,0.04054054054054054,0.015151515151515152,,0.019230769230769232,,,,,,,,,,,,,,,,,0.14285714285714285,,,
Pigmentiphaga sp. H8,0.0015337423312883436,,,,,,,,,,,,,,,,,,,,,,,,,,,,,,
Pimelobacter simplex,0.04141104294478527,0.3515439429928741,0.24615384615384617,0.15,0.013513513513513514,0.02702702702702703,,0.13513513513513514,0.13636363636363635,0.016666666666666666,0.40384615384615385,,0.32558139534883723,0.05405405405405406,0.3055555555555556,0.29411764705882354,,,,0.3125,0.125,0.75,0.125,0.13333333333333333,0.21428571428571427,0.14285714285714285,0.21428571428571427,0.2857142857142857,0.23076923076923078,,
Pirellula sp. SH-Sr6A,,,,,,,,,,,,,,,0.08333333333333333,,,,,,,,,,,,,,,,
Pistricoccus aurantiacus,0.01687116564417178,,0.010256410256410256,,0.013513513513513514,0.009009009009009009,,,,,,,0.046511627906976744,,,,,,,,,,,,,,,,,,
Planctomyces sp. SH-PL14,0.003067484662576687,,,,,,,,0.015151515151515152,,,,,,,,,,,,,,,,,,,,,,
Planctomyces sp. SH-PL62,0.003067484662576687,,0.005128205128205128,0.005555555555555556,,,,,,,,,,,,,,,,,,,,,,0.14285714285714285,,0.07142857142857142,,,
Planctomycetales bacterium,0.010736196319018405,,,0.005555555555555556,,,,,,,,,,,,,,,,,,,,,,,,,,,
Planctomycetes bacterium ETA_A1,0.06748466257668712,0.004750593824228029,0.020512820512820513,0.10555555555555556,,0.04504504504504504,,0.12162162162162163,,0.016666666666666666,,,,,0.05555555555555555,,,,,,,0.375,,,0.21428571428571427,0.07142857142857142,0.2857142857142857,0.14285714285714285,,,
Planctomycetes bacterium ElP,0.03067484662576687,,0.11794871794871795,0.011111111111111112,,,,0.013513513513513514,0.21212121212121213,,0.019230769230769232,,,0.02702702702702703,,,,,,,,0.0625,,,,0.07142857142857142,0.07142857142857142,0.14285714285714285,,,
Planctomycetes bacterium I41,0.0015337423312883436,,,,,,,,,,,,,,,,,,,,,,,,,,,,,,
Planctomycetes bacterium KS4,,,,,,,,,,,,,,0.24324324324324326,,,,,,,,,,,,,,,,,
Planctomycetes bacterium Pan44,0.0015337423312883436,,,,,,,,,,,,,,,,,,,,,,,,,,,,,,
Planctomycetes bacterium Poly30,0.0015337423312883436,,,,,,,,,,,,,,,,,,,,,,,,,,,,,,
Planctomycetes bacterium SRT547,,,,,,,,,,,,,,,,,,,,,,,,0.06666666666666667,,,,,,,
Planktothrix agardhii,,,,,,,,,,,,,,0.13513513513513514,,,,,,,,,,,,,,,,,
Planococcus antarcticus,,0.007125890736342043,,,,,,,,,,,,,,,,,,,,,,,,,,,,,
Planococcus halocryophilus,,0.0023752969121140144,0.005128205128205128,,,,,,,,,,,,,,,,,,,,,,,,,,,,
Planococcus plakortidis,,0.0023752969121140144,0.005128205128205128,,,,,,,,,,,,,,,,,,,,,,,,,0.07142857142857142,,,
Planococcus rifietoensis,,0.0023752969121140144,,,0.006756756756756757,,,,0.015151515151515152,,,,,,,,,,,,,,,,,,,,,,
Planococcus sp. MB-3u-03,,0.011876484560570071,,,0.006756756756756757,0.009009009009009009,,,,,,,,,,,,,,,,,,,,,,0.14285714285714285,,,
Planococcus sp. Y42,,,,,0.013513513513513514,,,,0.015151515151515152,,,,,,,,,,,,,,,,,,,,,,
Planococcus versutus,,0.0023752969121140144,0.005128205128205128,,,,,,,,,,,,,,,,,,,,,,,,,,,,
Plantactinospora sp. BB1,,,,,,,0.020833333333333332,,,,,,,,,,,,,,,,,,,,,,,,
Plantibacter flavus,,0.019002375296912115,,,,,,,,,,,,,,,,,,,,,,,,,,,,,
Plantibacter sp. M259,,0.011876484560570071,,,,,,0.013513513513513514,,,,,,,0.027777777777777776,,,,,0.0625,,,,,,,,,,,
Plantibacter sp. PA-3-X8,,0.035629453681710214,,,,,,0.013513513513513514,,,,,,,0.027777777777777776,,,,,0.0625,,,,,,,,,,,
Plasmodium berghei,,,,,0.006756756756756757,0.0990990990990991,,,,,,,,0.2702702702702703,,,,,,,,,,,,,,,,,
Plasmodium chabaudi,,0.0023752969121140144,,,0.0472972972972973,0.11711711711711711,,,,,,,,0.32432432432432434,,,,,,,,0.0625,,,,,,,,,
Plasmodium coatneyi,0.0015337423312883436,,0.005128205128205128,,0.006756756756756757,0.04504504504504504,0.09375,0.013513513513513514,,,,,0.046511627906976744,0.4594594594594595,,,,,0.0625,,,0.0625,,,,,,,,,
Plasmodium cynomolgi,,,,,,0.05405405405405406,,,,,,,0.023255813953488372,0.2972972972972973,,,,,,,,,,,,,,,,,
Plasmodium falciparum,,,,,,0.009009009009009009,,,,,,,,0.16216216216216217,,,,,,,,,,,,,,,,,
Plasmodium gaboni,,,,,0.006756756756756757,,,,,,,,,0.02702702702702703,,,,,,,,,,,,,,,,,
Plasmodium knowlesi,,,,,,,,,,,,,0.023255813953488372,0.2702702702702703,,,,,,,,,,,,,,,,,
Plasmodium malariae,,0.0023752969121140144,,,0.033783783783783786,0.27927927927927926,,,0.045454545454545456,,,,0.023255813953488372,0.43243243243243246,,0.058823529411764705,,,,,,0.0625,,,,0.07142857142857142,,,,,
Plasmodium reichenowi,,,,,0.006756756756756757,0.009009009009009009,,,,,,,,0.10810810810810811,,,,,,,,,,,,,,,,,
Plasmodium relictum,0.8957055214723927,0.684085510688836,0.7282051282051282,0.9611111111111111,0.2905405405405405,0.9459459459459459,,0.9864864864864865,0.9393939393939394,1.0,0.8461538461538461,0.0196078431372549,1.0,0.972972972972973,0.9166666666666666,0.8235294117647058,,,0.75,0.8125,1.0,0.6875,1.0,0.9333333333333333,1.0,1.0,1.0,0.21428571428571427,1.0,0.07692307692307693,1.0
Plasmodium sp. gorilla clade G2,,,,,,0.018018018018018018,,,,,,,,0.08108108108108109,,,,,,,,,,,,,,,,,
Plasmodium vivax,,,0.005128205128205128,0.005555555555555556,0.013513513513513514,0.04504504504504504,,,,,,,,0.35135135135135137,,0.058823529411764705,,,,,,,,,,,,,,,
Plasmodium yoelii,,0.0023752969121140144,,,,0.0990990990990991,,,,,,,,0.2972972972972973,,0.058823529411764705,,,,,,,,,,,,,,,
Plautia stali symbiont,0.007668711656441718,,0.05128205128205128,0.03888888888888889,0.033783783783783786,0.009009009009009009,,0.013513513513513514,0.015151515151515152,,0.038461538461538464,0.09803921568627451,,,,,0.058823529411764705,0.0625,,,,,,,,,,,,0.15384615384615385,
Pleurocapsa minor,0.013803680981595092,,,,,,,,,,,,,,,,,,,,,,,,,,,,,,
Pluralibacter gergoviae,0.004601226993865031,0.004750593824228029,0.02564102564102564,0.03333333333333333,0.033783783783783786,0.009009009009009009,,0.04054054054054054,0.015151515151515152,,0.07692307692307693,0.058823529411764705,,,,,0.23529411764705882,0.0625,,,,,,,,,,,,,
Pochonia chlamydosporia,0.06441717791411043,,0.13333333333333333,0.12222222222222222,,0.22522522522522523,,0.0945945945945946,0.015151515151515152,,0.09615384615384616,0.0196078431372549,,,,,,0.0625,,,,,,,,0.07142857142857142,,0.14285714285714285,,0.07692307692307693,
Polaribacter reichenbachii,,,,,,,,,,,,,,0.08108108108108109,,,,,,,,,,,,,,,,,
Polaribacter vadi,,,,,,,,,,,,,,0.05405405405405406,,,,,,,,,,,,,,,,,
Polaromonas naphthalenivorans,,,0.010256410256410256,0.011111111111111112,,,,0.02702702702702703,,,,,0.5348837209302325,,0.027777777777777776,,,,,,,,,,,,,,0.15384615384615385,,
Polaromonas sp. JS666,,,0.010256410256410256,,,,,,0.015151515151515152,,,,,,,,,,,,,,,,,,,,,,
Polaromonas vacuolata,,,0.005128205128205128,,,,,,,,,,,,,,,,,,,,,,,,,,,,
Polymorphum gilvum,,0.0023752969121140144,,0.005555555555555556,,,,,,,,,,,,,,,,,,,,,,,,,,,
Polynucleobacter necessarius,,,,,,,0.46875,,,,,,,,,,,,,,,,,,,,,,,,
Pontibacter actiniarum,,,,,,,,,0.030303030303030304,,,,,,,,,,,,,,,,,,,0.14285714285714285,,,
Pontibacter akesuensis,,,,,,,,,0.015151515151515152,,,,,,,,,,,,,,,,,,,,,,
Pontibacter sp. BT214,,,0.005128205128205128,,,,,,0.015151515151515152,,,,,,,,,,,,,,,,,,,0.14285714285714285,,,
Pontibacter sp. BT326,,,,,,0.009009009009009009,,,0.015151515151515152,,,,,,,0.4117647058823529,,,,,,,,,,,,,,,
Porcine type-C oncovirus,,,,,,,,0.013513513513513514,,,,,,,,,,,,,,,,,,,,,,,
Porphyrobacter neustonensis,0.08588957055214724,,0.041025641025641026,0.022222222222222223,,,,0.013513513513513514,,0.016666666666666666,,,,,,,,,0.125,0.0625,,,,,,,,,,,
Porphyrobacter sp. CACIAM 03H1,0.09815950920245399,,0.020512820512820513,0.011111111111111112,,,,0.013513513513513514,,0.016666666666666666,,,,,,,,,,,,,,,,,0.07142857142857142,,,,
Porphyrobacter sp. HT-58-2,0.04754601226993865,,0.035897435897435895,,,,,,,,,,,,,,,,0.125,,,,,,,,,,,,
Porphyrobacter sp. LM 6,0.05061349693251534,,0.015384615384615385,,,,,,,,,0.0196078431372549,,,,,,,,,,,,,,,,,,,
Porphyrobacter sp. YT40,0.11809815950920245,0.0023752969121140144,0.06153846153846154,0.011111111111111112,,,,,0.015151515151515152,0.016666666666666666,,0.0196078431372549,,,,,,,0.125,,,,,,,,0.07142857142857142,,,,
Porphyromonas asaccharolytica,0.0015337423312883436,0.0023752969121140144,,,0.013513513513513514,0.009009009009009009,,,,,,,,,,,,,,,,,,,,,,,,,
Porphyromonas cangingivalis,,,,,,0.009009009009009009,,,,,,,,,,,,,,,,,,,,,,,,,
Porphyromonas gingivalis,0.004601226993865031,0.0023752969121140144,,0.05,0.02027027027027027,0.05405405405405406,0.020833333333333332,0.08108108108108109,0.07575757575757576,,,,0.023255813953488372,,,,,,0.0625,0.0625,,,,,,,0.14285714285714285,,,,
Pradoshia sp. D12,,,0.005128205128205128,,,,,,,,,,,,,,,,,,,,,,,,,,,,
Prevotella dentalis,,,0.005128205128205128,,,,0.010416666666666666,0.013513513513513514,,,,,,,,,,,,,,,,,0.07142857142857142,,,,,,
Prevotella denticola,0.0015337423312883436,0.007125890736342043,0.005128205128205128,0.022222222222222223,0.006756756756756757,0.018018018018018018,0.020833333333333332,0.013513513513513514,,,,,0.046511627906976744,0.02702702702702703,,,,,,0.0625,,,,,,,,,,,
Prevotella enoeca,,0.0023752969121140144,,0.005555555555555556,,,,0.013513513513513514,,,,,,,,,,,,0.0625,,,,,,,,,,,
Prevotella fusca,,0.004750593824228029,0.005128205128205128,0.011111111111111112,,,,0.05405405405405406,,,,,,,,,,,,0.0625,,,,,0.07142857142857142,,,,,,
Prevotella intermedia,0.004601226993865031,0.05463182897862233,0.005128205128205128,0.06666666666666667,0.013513513513513514,0.40540540540540543,0.11458333333333333,0.10810810810810811,0.09090909090909091,,0.038461538461538464,,0.09302325581395349,0.05405405405405406,0.1111111111111111,0.058823529411764705,,,0.25,0.125,0.0625,,0.0625,0.06666666666666667,0.07142857142857142,,,0.07142857142857142,,,
Prevotella jejuni,,0.023752969121140142,,0.044444444444444446,0.013513513513513514,0.14414414414414414,0.09375,0.0945945945945946,,,,,0.13953488372093023,,0.027777777777777776,0.058823529411764705,,,0.125,0.125,,,0.0625,,,,,,,,
Prevotella melaninogenica,0.010736196319018405,0.0997624703087886,0.010256410256410256,0.11666666666666667,0.08108108108108109,0.5765765765765766,0.2916666666666667,0.22972972972972974,0.18181818181818182,0.016666666666666666,0.07692307692307693,,0.20930232558139536,0.10810810810810811,0.25,0.23529411764705882,,,0.625,0.1875,0.25,0.0625,0.1875,0.06666666666666667,0.14285714285714285,,,0.14285714285714285,,0.07692307692307693,
Prevotella oris,0.003067484662576687,0.004750593824228029,0.005128205128205128,0.03333333333333333,,0.009009009009009009,0.020833333333333332,0.04054054054054054,,,0.038461538461538464,,0.046511627906976744,,,,,,,0.0625,,,,,0.07142857142857142,,,0.07142857142857142,,,
Prevotella ruminicola,0.0015337423312883436,,0.005128205128205128,,,,,,,,,,,,,,,,,,,,,,0.07142857142857142,,,,,,
Prevotella scopos,,0.009501187648456057,,0.016666666666666666,0.006756756756756757,0.009009009009009009,0.041666666666666664,0.04054054054054054,,,,,,,,,,,,0.0625,,,,,,,,,,,
Prevotella sp. oral taxon 299,,0.007125890736342043,,0.03333333333333333,,0.036036036036036036,0.020833333333333332,0.04054054054054054,,,,,0.023255813953488372,,0.027777777777777776,,,,,0.0625,,,,,,,,,,,
Prochlorococcus marinus,,,,,,0.02702702702702703,,,,,,,,0.2702702702702703,,,,,,,,,,,,,,,,,
Propionibacterium acidifaciens,0.02147239263803681,0.014251781472684086,0.005128205128205128,0.027777777777777776,0.013513513513513514,0.009009009009009009,,0.013513513513513514,,,,,,,0.027777777777777776,,,,,,,,0.0625,,,,,0.07142857142857142,,,
Propionibacterium freudenreichii,0.046012269938650305,0.052256532066508314,,,0.06756756756756757,,,0.013513513513513514,,,0.019230769230769232,,,,0.027777777777777776,,,,,0.125,,0.0625,,0.06666666666666667,0.07142857142857142,,,0.07142857142857142,,,
Propionibacterium phage PAC1,,0.0023752969121140144,,,,,,,,,,,,,,,,,,,,,,,,,,,,,
Propionibacterium phage QueenBey,,0.0023752969121140144,,,,,,,,,,,,,,,,,,,,,,,,,,,,,
Propionibacterium virus Attacne,,0.0023752969121140144,,,,,,,,,,,,,,,,,,,,,,,,,,,,,
Propionibacterium virus Ouroboros,,0.0023752969121140144,,,,,,,,,,,,,,,,,,,,,,,,,,,,,
Propionibacterium virus P144,,0.0023752969121140144,,,,,,,,,,,,,,,,,,,,,,,,,,,,,
Propionibacterium virus PHL041M10,,0.0023752969121140144,,,,,,,,,,,,,,,,,,,,,,,,,,,,,
Propionibacterium virus PHL070N00,,0.0023752969121140144,,,,,,,,,,,,,,,,,,,,,,,,,,,,,
Propionibacterium virus PHL092M00,,0.0023752969121140144,,,,,,,,,,,,,,,,,,,,,,,,,,,,,
Propionibacterium virus PHL114L00,,0.0023752969121140144,,,,,,,,,,,,,,,,,,,,,,,,,,,,,
Propionibacterium virus Solid,,0.0023752969121140144,,,,,,,,,,,,,,,,,,,,,,,,,,,,,
Propioniciclava sp. HDW11,0.013803680981595092,0.30641330166270786,0.29743589743589743,0.18888888888888888,0.22972972972972974,,0.0625,0.17567567567567569,0.07575757575757576,0.05,0.23076923076923078,,0.11627906976744186,,0.05555555555555555,0.47058823529411764,,,0.3125,0.375,0.1875,0.375,0.0625,0.06666666666666667,0.07142857142857142,,0.35714285714285715,0.8571428571428571,,,
Protaetiibacter intestinalis,0.024539877300613498,0.009501187648456057,0.005128205128205128,,,,,,,,,,,,,,,,,,,,,,,,,,,,
Proteus mirabilis,0.004601226993865031,,0.005128205128205128,,,,,,,,,,,,,,,,,,,,,,,,,0.21428571428571427,,,
Providencia alcalifaciens,,,0.010256410256410256,,0.006756756756756757,0.009009009009009009,,,,,,,,,,,,,,,,,,,,,,,,,
Providencia rettgeri,,,0.010256410256410256,0.005555555555555556,,0.009009009009009009,,,,,,,,,,,,,,,,,,,,,,,,,
Providencia stuartii,,,0.005128205128205128,,,,,,,,,,,,,,,,,,,,,,,,,,,,
Providencia vermicola,,,0.005128205128205128,,,,,,,,,,,,,,,,,,,,,,,,,,,,
Pseudactinotalea sp. HY158,,0.007125890736342043,,,,,,,,,,,,,,,,,,,,,,,,,,,,,
Pseudanabaena sp. PCC 7367,,,,,,,,,,,,,,0.1891891891891892,,,,,,,,,,,,,,,,,
Pseudarthrobacter chlorophenolicus,,0.007125890736342043,,,,,,,,,,,,,,,,,,,,0.0625,,,,,,,,,
Pseudarthrobacter equi,,0.011876484560570071,,0.005555555555555556,,,,,,,,,,,,,,,,,,0.125,0.0625,,,,,,,,
Pseudarthrobacter phenanthrenivorans,0.0015337423312883436,0.035629453681710214,,,,,,0.013513513513513514,,,0.019230769230769232,,,,,0.058823529411764705,,,,,,0.0625,,,,,,,,,
Pseudarthrobacter sp. YJ56,0.003067484662576687,0.0023752969121140144,,,,,,,,,,,,,,,,,,,,0.0625,,,,,,,,,
Pseudenhygromyxa sp. WMMC2535,0.004601226993865031,0.0023752969121140144,,,,,,,0.015151515151515152,,,,,,,,,,,,,,,,,0.07142857142857142,,,,,
Pseudescherichia vulneris,0.0015337423312883436,0.004750593824228029,0.09230769230769231,,0.08108108108108109,0.06306306306306306,,,0.6666666666666666,,,0.2549019607843137,,,0.027777777777777776,0.35294117647058826,0.47058823529411764,0.375,,,0.0625,0.3125,,,,,,,,,
Pseudoalteromonas carrageenovora,0.0015337423312883436,,,,,,,,,,,,,,,,,,,,,,,,,,,,,,
Pseudoalteromonas donghaensis,0.01687116564417178,,,,,,,,,,,,,,,,,,,,,,,,,,,,,,
Pseudoalteromonas espejiana,0.0015337423312883436,,,,,,,,,,,,,,,,,,,,,,,,,,,,,,
Pseudoalteromonas haloplanktis,,,0.005128205128205128,,,,0.010416666666666666,,,,,,,,,,,,,,,,,,,,,,,,
Pseudoalteromonas issachenkonii,0.007668711656441718,,,,,,,,,,,,,,,,,,,,,,,,,,,,,,
Pseudoalteromonas nigrifaciens,,,0.005128205128205128,,,,0.010416666666666666,,,,,,,,,,,,,,,,,,,,,,,,
Pseudoalteromonas phenolica,0.006134969325153374,,,,,,,,,,,,,,,,,,,,,,,,,,,,,,
Pseudoalteromonas piscicida,0.004601226993865031,,0.005128205128205128,,,,,,,,,,,,,,,,,,,,,,,,,,,,
Pseudoalteromonas sp. DL-6,0.007668711656441718,,,,,,0.010416666666666666,,,,,,,,,,,,,,,,,,,,,,,,
Pseudoalteromonas sp. NC201,0.0015337423312883436,,,,,,,,,,,,,,,,,,,,,,,,,,,,,,
Pseudoalteromonas sp. SM9913,0.006134969325153374,,,,,,,,,,,,,,,,,,,,,,,,,,,,,,
Pseudoalteromonas spongiae,0.007668711656441718,0.0023752969121140144,,,,,,,,,,,,,,,,,,,,,,,,,,,,,
Pseudoalteromonas tetraodonis,0.007668711656441718,,,,,,,,,,,,,,,,,,,,,,,,,,,,,,
Pseudoalteromonas translucida,,,0.005128205128205128,,,,0.010416666666666666,,,,,,,,,,,,,,,,,,,,,,,,
Pseudoclostridium thermosuccinogenes,,,,,,,,,,,,,,0.24324324324324326,,,,,,,,,,,,,,,,,
Pseudohalocynthiibacter aestuariivivens,0.0015337423312883436,,,,,,,,,,,,,,,,,,,,,,,,,,,,,,
Pseudolabrys sp. FHR47,0.003067484662576687,,,,,,,,,,,,,,,,,,,,,,,,,0.07142857142857142,,,,,
Pseudolabrys taiwanensis,0.004601226993865031,,,,,,,,,,,,,,,,,,,,,,,,,0.07142857142857142,,0.14285714285714285,,,
Pseudomonadaceae bacterium SI-3,,0.03800475059382423,0.005128205128205128,,0.033783783783783786,0.009009009009009009,,,,,,0.0196078431372549,,,,,0.058823529411764705,,,,,,,,,,,,,,
Pseudomonas aeruginosa,0.3343558282208589,0.5344418052256532,0.4256410256410256,0.15,0.20270270270270271,0.10810810810810811,0.2708333333333333,0.14864864864864866,0.7575757575757576,0.08333333333333333,0.09615384615384616,0.5686274509803921,0.023255813953488372,0.24324324324324326,0.08333333333333333,0.23529411764705882,0.5882352941176471,0.3125,0.1875,0.125,0.1875,,0.25,0.4,0.07142857142857142,0.35714285714285715,1.0,,0.07692307692307693,0.3076923076923077,0.25
Pseudomonas agarici,,,,0.005555555555555556,0.006756756756756757,,,,0.015151515151515152,,,,,,,,,0.1875,,,,,,,,,,,,0.15384615384615385,
Pseudomonas alcaligenes,0.1441717791411043,0.052256532066508314,0.15897435897435896,0.044444444444444446,0.033783783783783786,0.018018018018018018,0.052083333333333336,0.12162162162162163,0.19696969696969696,0.06666666666666667,0.038461538461538464,0.0196078431372549,,,,,,,0.4375,,0.375,,0.125,0.4,0.07142857142857142,,0.7857142857142857,0.42857142857142855,0.23076923076923078,0.07692307692307693,0.25
Pseudomonas alcaliphila,0.006134969325153374,0.014251781472684086,0.03076923076923077,0.016666666666666666,0.02027027027027027,0.018018018018018018,0.020833333333333332,,0.07575757575757576,,0.019230769230769232,0.0784313725490196,,0.05405405405405406,,,,,,,,,0.125,0.06666666666666667,,,,,,,0.08333333333333333
Pseudomonas alkylphenolica,,,,,0.006756756756756757,,,,,,,0.0196078431372549,,0.02702702702702703,,0.058823529411764705,,0.5,,,,,,,,,,,,0.23076923076923078,
Pseudomonas amygdali,0.0015337423312883436,,,,,,,,,,,,,,,,,0.0625,,,,,,,,,,,,,
Pseudomonas antarctica,,0.0023752969121140144,,,,,,,,,,,,0.05405405405405406,,,,0.125,,,,,,,,,,,,0.15384615384615385,
Pseudomonas arsenicoxydans,,,,,0.006756756756756757,,,,,,,,,,,,,0.125,,,,,,,,,,,,0.07692307692307693,
Pseudomonas asturiensis,,,,,,,,,,,,,,,,,,0.25,,,,,,,,,,,,0.23076923076923078,
Pseudomonas azotoformans,,0.0166270783847981,,0.027777777777777776,0.02027027027027027,0.009009009009009009,,0.02702702702702703,,,0.019230769230769232,,0.06976744186046512,0.2702702702702703,,,,0.5625,,,,,,,0.07142857142857142,,,,,0.23076923076923078,
Pseudomonas balearica,0.010736196319018405,0.1543942992874109,0.28717948717948716,,0.07432432432432433,0.02702702702702703,,,0.6818181818181818,,0.019230769230769232,0.5098039215686274,,0.02702702702702703,0.05555555555555555,0.17647058823529413,0.9411764705882353,,,,,,,,,,,,,0.07692307692307693,
Pseudomonas brassicacearum,,,,,,,,,,,,,,,,,,0.1875,,,,,,,,,,,,0.23076923076923078,
Pseudomonas brenneri,,0.0023752969121140144,,,,,,,,,,,0.023255813953488372,,,,,0.0625,,,,,,,,,,,,0.07692307692307693,
Pseudomonas cedrina,,0.0023752969121140144,,,0.006756756756756757,,,,,,,,,0.02702702702702703,,,,0.125,,,,,,,,,,,,0.07692307692307693,
Pseudomonas chlororaphis,0.003067484662576687,0.011876484560570071,,,0.033783783783783786,0.009009009009009009,,,,,,0.09803921568627451,,0.24324324324324326,0.027777777777777776,0.11764705882352941,,0.75,,,,,,0.06666666666666667,0.07142857142857142,,,,0.07692307692307693,0.38461538461538464,0.08333333333333333
Pseudomonas cichorii,,,0.005128205128205128,,,0.009009009009009009,,,,,,0.0196078431372549,,,,,,0.25,,,,,,,,,,,,0.23076923076923078,
Pseudomonas citronellolis,0.004601226993865031,0.004750593824228029,,0.011111111111111112,,,,0.013513513513513514,,,0.019230769230769232,0.0196078431372549,,,,,0.058823529411764705,0.0625,,,,,,,,,,,,0.07692307692307693,
Pseudomonas coronafaciens,,,,,,,,,,,,,,,,,,0.1875,,,,,,,,,,,,0.15384615384615385,
Pseudomonas corrugata,,,,,,,,,,,,,,,,,,0.1875,,,,,,,,,,,,0.23076923076923078,
Pseudomonas cremoricolorata,,,,,0.006756756756756757,,,,,,,,,,,0.058823529411764705,,0.3125,,,,,,,,,,,,0.15384615384615385,
Pseudomonas denitrificans (nomen rejiciendum),0.0015337423312883436,0.0023752969121140144,0.005128205128205128,,0.006756756756756757,,,0.04054054054054054,,,0.019230769230769232,,,,,,,,,,,,,0.06666666666666667,,,0.07142857142857142,,,0.07692307692307693,
Pseudomonas entomophila,0.009202453987730062,0.0023752969121140144,0.010256410256410256,,0.033783783783783786,0.018018018018018018,,,,,,0.058823529411764705,,0.05405405405405406,,0.058823529411764705,,0.5625,,,,,,,0.07142857142857142,,,,,0.15384615384615385,0.08333333333333333
Pseudomonas extremaustralis,0.0015337423312883436,,,,,,,0.013513513513513514,,0.016666666666666666,,,,,,,,0.125,,,0.0625,,,,0.07142857142857142,,,,,0.15384615384615385,
Pseudomonas extremorientalis,,,,,,,,,,,,,,,,,,0.0625,,,,,,,,,,,,0.15384615384615385,
Pseudomonas fluorescens,0.02607361963190184,0.1876484560570071,0.010256410256410256,0.14444444444444443,0.5540540540540541,0.2882882882882883,0.3333333333333333,0.10810810810810811,0.42424242424242425,0.016666666666666666,0.11538461538461539,0.11764705882352941,0.5813953488372093,0.5945945945945946,0.25,0.8823529411764706,,0.8125,0.0625,0.0625,0.0625,0.5,0.25,0.2,0.8571428571428571,0.07142857142857142,,,0.23076923076923078,0.5384615384615384,0.3333333333333333
Pseudomonas fragi,0.009202453987730062,0.009501187648456057,,0.044444444444444446,0.05405405405405406,0.0990990990990991,,0.02702702702702703,0.015151515151515152,0.03333333333333333,,,0.023255813953488372,0.2702702702702703,,0.17647058823529413,,0.0625,,0.0625,,0.0625,0.125,,,,,,0.07692307692307693,0.07692307692307693,0.08333333333333333
Pseudomonas frederiksbergensis,,,,,0.006756756756756757,,,,,,,,,,,,,0.25,,,,,,0.06666666666666667,,,,,,0.23076923076923078,
Pseudomonas fulva,0.01687116564417178,0.028503562945368172,0.13333333333333333,0.011111111111111112,0.02027027027027027,,0.010416666666666666,0.013513513513513514,0.06060606060606061,,0.019230769230769232,0.0196078431372549,0.023255813953488372,0.02702702702702703,,,0.058823529411764705,0.1875,,,,0.0625,,,,,,,,0.23076923076923078,
Pseudomonas furukawaii,0.0015337423312883436,,,,,,,0.013513513513513514,,,0.019230769230769232,0.0196078431372549,,,,,,,,,,,,,,,,,,0.07692307692307693,
Pseudomonas fuscovaginae,,,,,,,,,,,,,,,,,,,,,,,,,,,,,,0.07692307692307693,
Pseudomonas graminis,0.009202453987730062,0.009501187648456057,,,0.13513513513513514,0.04504504504504504,,,,,0.019230769230769232,,0.20930232558139536,0.5405405405405406,0.05555555555555555,0.35294117647058826,,0.6875,,,,0.0625,,,0.14285714285714285,,,,0.07692307692307693,0.3076923076923077,0.08333333333333333
Pseudomonas granadensis,,,,,,,,,,,,,,,,,,0.0625,,,,,,,,,,,,0.07692307692307693,
Pseudomonas guangdongensis,0.004601226993865031,,,,0.013513513513513514,,,,,,,0.0196078431372549,,,,,,,,,,,,,,,,,,0.07692307692307693,
Pseudomonas knackmussii,0.0015337423312883436,,,,,,,0.013513513513513514,,,0.019230769230769232,0.0196078431372549,,,,,,,,,,,,,,,,,,0.07692307692307693,
Pseudomonas koreensis,0.003067484662576687,0.0166270783847981,,0.022222222222222223,0.033783783783783786,0.02702702702702703,,,,,,0.0196078431372549,0.06976744186046512,0.13513513513513514,,0.23529411764705882,,0.5,0.125,,,,0.0625,0.13333333333333333,0.07142857142857142,,,,,0.3076923076923077,
Pseudomonas kribbensis,,0.0023752969121140144,,,,,,,,,,,,,,,,0.125,,,,,,,,,,,,0.07692307692307693,
Pseudomonas lactis,,0.0023752969121140144,,,,,,,,,,,,0.21621621621621623,,,,,,,0.0625,,,,0.07142857142857142,,,,,,
Pseudomonas libanensis,,0.0023752969121140144,,,,,,,,,,,,0.24324324324324326,,,,,,,0.0625,,,,0.07142857142857142,,,,,,
Pseudomonas lini,,,,,0.006756756756756757,,,,,,,,,,,,,0.0625,,,,,0.0625,,,,,,,0.07692307692307693,
Pseudomonas litoralis,0.0015337423312883436,,0.005128205128205128,,0.013513513513513514,,,,,,,,,,,,,,,,,,,,,,,,0.07692307692307693,,
Pseudomonas lundensis,,0.011876484560570071,,0.022222222222222223,0.14189189189189189,0.018018018018018018,0.010416666666666666,0.013513513513513514,0.7121212121212122,,,,,0.5945945945945946,0.027777777777777776,0.17647058823529413,,0.1875,,,,0.125,,,,,,,,0.15384615384615385,
Pseudomonas lurida,,0.0023752969121140144,,0.011111111111111112,0.006756756756756757,0.018018018018018018,,,0.13636363636363635,,,0.0196078431372549,0.023255813953488372,0.3783783783783784,,,,0.0625,,,,,,,,,,,,,
Pseudomonas luteola,0.003067484662576687,0.004750593824228029,0.18974358974358974,0.005555555555555556,0.10810810810810811,0.07207207207207207,,,0.5909090909090909,,,0.0392156862745098,0.023255813953488372,,0.08333333333333333,,0.11764705882352941,,,0.0625,,,,,,,,,,,
Pseudomonas mandelii,,0.007125890736342043,,,0.006756756756756757,,,,,,,,,,,,,0.25,,,,,,,,,,,,0.23076923076923078,
Pseudomonas marincola,,,,0.022222222222222223,,,,,,,,,,,,,,0.0625,,,,,,,,,,,,0.07692307692307693,
Pseudomonas mediterranea,,,,,,,,,,,,,,,,,,0.1875,,,,,,,,,,,,0.23076923076923078,
Pseudomonas mendocina,0.16411042944785276,0.06175771971496437,0.6307692307692307,0.18333333333333332,0.14864864864864866,0.07207207207207207,0.07291666666666667,0.25675675675675674,0.5303030303030303,0.016666666666666666,0.11538461538461539,0.23529411764705882,0.09302325581395349,0.08108108108108109,,0.17647058823529413,0.23529411764705882,0.3125,0.0625,,0.0625,,0.3125,0.3333333333333333,,,0.7142857142857143,,0.15384615384615385,0.3076923076923077,0.16666666666666666
Pseudomonas monteilii,0.010736196319018405,0.004750593824228029,0.046153846153846156,0.044444444444444446,0.08108108108108109,0.02702702702702703,0.010416666666666666,0.02702702702702703,0.045454545454545456,,0.07692307692307693,0.09803921568627451,,0.02702702702702703,,0.058823529411764705,,0.5,,0.0625,,,,,,,,,0.07692307692307693,0.15384615384615385,0.08333333333333333
Pseudomonas moraviensis,0.0015337423312883436,0.014251781472684086,,0.022222222222222223,0.0472972972972973,0.05405405405405406,,0.013513513513513514,0.015151515151515152,,,,0.023255813953488372,0.5135135135135135,,0.35294117647058826,,0.375,0.125,,,0.0625,0.0625,0.06666666666666667,0.07142857142857142,,,,,0.3076923076923077,
Pseudomonas mosselii,0.0015337423312883436,,,,,,,,,,,,,,,,,,,,,,,,,,,,,,
Pseudomonas mucidolens,,,,,,,,,,,,,,,,,,0.1875,,,,,,,,,,,,0.15384615384615385,
Pseudomonas multiresinivorans,0.0015337423312883436,,0.005128205128205128,,0.006756756756756757,,,,,,,,,,0.027777777777777776,,,,,,,,,,,,0.07142857142857142,,,0.07692307692307693,
Pseudomonas nitroreducens,0.01687116564417178,,0.005128205128205128,,0.05405405405405406,,,0.02702702702702703,,,0.038461538461538464,,,0.02702702702702703,0.027777777777777776,,,,,,,,,,,,0.07142857142857142,,,0.07692307692307693,
Pseudomonas oleovorans,0.02607361963190184,0.0831353919239905,0.08717948717948718,0.05555555555555555,0.02027027027027027,0.05405405405405406,0.03125,0.02702702702702703,0.19696969696969696,,0.019230769230769232,0.0392156862745098,0.023255813953488372,0.05405405405405406,,0.058823529411764705,,,,,,,0.1875,0.3333333333333333,,,0.21428571428571427,,,,0.08333333333333333
Pseudomonas orientalis,,0.014251781472684086,,,0.006756756756756757,,,,,,0.019230769230769232,,,0.1891891891891892,,,,0.3125,,,,,,,0.07142857142857142,,,,0.07692307692307693,0.23076923076923078,
Pseudomonas oryzae,0.004601226993865031,,,,0.006756756756756757,,,,,0.016666666666666666,0.019230769230769232,0.0196078431372549,,,,,,,,,,,,,,,,,,0.07692307692307693,
Pseudomonas oryzihabitans,0.37116564417177916,0.09263657957244656,0.6666666666666666,0.37777777777777777,0.3716216216216216,0.32432432432432434,0.010416666666666666,0.3783783783783784,0.8484848484848485,0.1,0.25,0.2549019607843137,,0.4864864864864865,0.3611111111111111,0.35294117647058826,0.29411764705882354,0.1875,0.625,0.0625,0.5,0.0625,0.375,0.2,0.42857142857142855,0.2857142857142857,0.8571428571428571,0.14285714285714285,0.07692307692307693,0.23076923076923078,0.3333333333333333
Pseudomonas otitidis,0.004601226993865031,0.0023752969121140144,0.005128205128205128,,,,,0.013513513513513514,,,0.019230769230769232,0.0196078431372549,,,,,,0.0625,,,,,,,,,0.14285714285714285,,,0.07692307692307693,
Pseudomonas palleroniana,0.0015337423312883436,,,,,,,,,,,,,,,,,0.125,,,,,,,0.07142857142857142,,,,,0.15384615384615385,
Pseudomonas parafulva,,,0.041025641025641026,,0.013513513513513514,,,,,,,0.0392156862745098,,,,0.058823529411764705,0.058823529411764705,0.375,,,,,,,,,,,,0.15384615384615385,0.08333333333333333
Pseudomonas pelagia,0.0015337423312883436,,,,0.013513513513513514,,,,,,,,,,,,,,,,,,,,,,,,0.07692307692307693,,
Pseudomonas phage PS-1,,,,,,,,,,,,0.058823529411764705,,,,,0.058823529411764705,,,,,,,,,,,,,,
Pseudomonas phage phi-2,,,,,,0.009009009009009009,,,,,,,,,,,,,,,,,,,,,,,,,
Pseudomonas plecoglossicida,0.0015337423312883436,,0.015384615384615385,,0.02702702702702703,0.018018018018018018,,,,,,0.058823529411764705,,,,0.058823529411764705,,0.25,,,,,,,,,,,,0.15384615384615385,0.08333333333333333
Pseudomonas poae,0.0015337423312883436,0.0023752969121140144,,,,,0.010416666666666666,,,,,,,,0.05555555555555555,,,0.1875,,,,,,,,,,,,0.23076923076923078,
Pseudomonas pohangensis,,,,,,,,,,,,,,,,,,,,,,,,,,,,,,0.07692307692307693,
Pseudomonas prosekii,,,,,,,,,,,,,0.023255813953488372,,,,,0.1875,,,,,,,,,,,,0.15384615384615385,
Pseudomonas protegens,,0.0023752969121140144,,,0.006756756756756757,,,,,,,,,,,,,0.5,,,,,,,,,,,,0.23076923076923078,
Pseudomonas psychrophila,0.0015337423312883436,0.0023752969121140144,,0.016666666666666666,0.02702702702702703,0.05405405405405406,,,,,,,0.023255813953488372,0.02702702702702703,,0.11764705882352941,,0.125,,,,,0.0625,,,,,,,0.15384615384615385,
Pseudomonas psychrotolerans,0.018404907975460124,0.0023752969121140144,0.13846153846153847,0.022222222222222223,0.013513513513513514,0.018018018018018018,,0.013513513513513514,0.045454545454545456,,,0.13725490196078433,,,,,,0.0625,,,,,,,,,,,,0.15384615384615385,
Pseudomonas putida,0.2883435582822086,0.48693586698337293,0.6307692307692307,0.6555555555555556,0.8783783783783784,0.8648648648648649,0.5104166666666666,0.5675675675675675,0.8636363636363636,0.21666666666666667,0.5,0.49019607843137253,0.7441860465116279,0.8108108108108109,0.6388888888888888,1.0,0.11764705882352941,0.8125,1.0,0.9375,0.9375,1.0,0.875,0.7333333333333333,0.8571428571428571,0.2857142857142857,1.0,0.21428571428571427,0.9230769230769231,0.5384615384615384,0.75
Pseudomonas reinekei,,0.0023752969121140144,,,0.006756756756756757,,,,,,,,,,,,,0.1875,,,,,,,,,,,,0.15384615384615385,
Pseudomonas resinovorans,0.0015337423312883436,,,,,,,0.013513513513513514,,,0.019230769230769232,0.0196078431372549,,,,,,,,,,,,,,,,,,0.07692307692307693,
Pseudomonas rhizosphaerae,,0.030878859857482184,,0.005555555555555556,0.06756756756756757,0.14414414414414414,0.010416666666666666,,,,,,0.023255813953488372,0.4864864864864865,0.1388888888888889,0.6470588235294118,,0.75,,0.0625,0.125,0.3125,,,0.07142857142857142,,,,0.07692307692307693,0.15384615384615385,
Pseudomonas rhodesiae,,0.0166270783847981,,0.005555555555555556,,0.02702702702702703,,,,,,0.0392156862745098,,0.05405405405405406,,,,0.25,,,,,0.0625,,,,,,,0.23076923076923078,
Pseudomonas sabulinigri,0.003067484662576687,,,,0.006756756756756757,,,,,,,,,,,,,,,,,,,,,,,,0.07692307692307693,,
Pseudomonas salegens,,,,,,,,,,,,,,,,,,,,,,,,,,,,,0.07692307692307693,,
Pseudomonas saudiphocaensis,,0.023752969121140142,0.08205128205128205,,0.02702702702702703,0.02702702702702703,,,,,,0.1568627450980392,0.023255813953488372,,,,0.17647058823529413,,,,,,,,,,,,,0.07692307692307693,
Pseudomonas sihuiensis,0.007668711656441718,0.0166270783847981,0.05128205128205128,0.022222222222222223,0.02027027027027027,0.009009009009009009,0.020833333333333332,,0.10606060606060606,,0.019230769230769232,,,0.05405405405405406,,,,,,,,,0.125,0.06666666666666667,,,,,,,0.08333333333333333
Pseudomonas silesiensis,,,,,0.006756756756756757,0.009009009009009009,,,,,,,,,,,,0.1875,,,,,,,,,,,,0.23076923076923078,
Pseudomonas simiae,0.009202453987730062,0.0023752969121140144,,0.03888888888888889,0.013513513513513514,,,0.02702702702702703,0.015151515151515152,,0.019230769230769232,,0.046511627906976744,0.2702702702702703,,,,0.125,,,,,0.0625,,,,,,,0.23076923076923078,0.08333333333333333
Pseudomonas soli,,0.0023752969121140144,,0.016666666666666666,0.006756756756756757,,,,,,,,,0.05405405405405406,,,,,,,,,,,,,,,,,
Pseudomonas sp. 02C 26,,0.0023752969121140144,,0.005555555555555556,0.0472972972972973,0.04504504504504504,,,,,0.019230769230769232,0.0196078431372549,0.023255813953488372,0.02702702702702703,,0.058823529411764705,,0.5,,,,,,,,,,,,0.23076923076923078,0.08333333333333333
Pseudomonas sp. 11K1,,0.0023752969121140144,,,,,,,,,,,,,,,,0.125,,,,,,,,,,,,0.23076923076923078,
Pseudomonas sp. 31-12,,,,,0.006756756756756757,,,,,,,,,,,,,0.1875,,,,,,,,,,,,0.15384615384615385,
Pseudomonas sp. 7SR1,,,,,,,,,,,,,,,,,,0.25,,,,,,,,,,,,0.23076923076923078,
Pseudomonas sp. A214,,0.0023752969121140144,,,,,,,,,,,,,,,,,,,,,0.0625,,,,,,,,
Pseudomonas sp. ACM7,,,,,0.006756756756756757,,,,,,,,,,,,,0.125,,,,,,,,,,,,0.07692307692307693,
Pseudomonas sp. ADAK13,,,,,,,,,,,,,,,,,,0.1875,,,,,,,,,,,,0.23076923076923078,
Pseudomonas sp. ADAK18,,,,,,,,,,,,,,,,,,0.125,,,,,,,,,,,,0.15384615384615385,
Pseudomonas sp. ADAK22,,0.004750593824228029,,,,,,,,,,,,,,,,,,,,,,,,,,,,,
Pseudomonas sp. ATCC 13867,0.0015337423312883436,,,,,,,,,,,0.0196078431372549,,,,,,,,,,,,,,,,,,0.07692307692307693,
Pseudomonas sp. B10,0.0015337423312883436,0.014251781472684086,,0.016666666666666666,0.02027027027027027,0.009009009009009009,,,,,,,0.023255813953488372,0.02702702702702703,,0.058823529411764705,,0.125,0.125,,,,0.0625,,,,,,,0.07692307692307693,
Pseudomonas sp. BIOMIG1BAC,,0.0023752969121140144,,,,,,,,,,,,,,,,,,,,,,,,,,,,,
Pseudomonas sp. BJP69,0.004601226993865031,0.0023752969121140144,,0.027777777777777776,0.033783783783783786,0.009009009009009009,,0.013513513513513514,0.3939393939393939,,,0.058823529411764705,,0.05405405405405406,,,,0.0625,,,,,0.0625,,,,,,,,
Pseudomonas sp. C27(2019),,,,,0.013513513513513514,,,,,,,,0.046511627906976744,,,,,,,,,,,,,,,,,,
Pseudomonas sp. CC6-YY-74,,0.0023752969121140144,,,0.006756756756756757,,0.010416666666666666,,,,,0.0196078431372549,,,,,,0.1875,,,,,,,,,,,0.07692307692307693,0.23076923076923078,
Pseudomonas sp. CCOS 191,,0.0023752969121140144,,,0.006756756756756757,,,,,,,,,,,,,0.125,,,,,,,,,,,,0.07692307692307693,
Pseudomonas sp. CFSAN084952,,0.0023752969121140144,,,0.060810810810810814,,,,0.48484848484848486,,,,,0.5675675675675675,,,,,,,0.0625,0.0625,,,0.07142857142857142,,,,,,
Pseudomonas sp. CMR5c,0.003067484662576687,0.0023752969121140144,,,,,,,,0.016666666666666666,,,,0.02702702702702703,,,,0.25,,,,,,,,,,,,0.15384615384615385,
Pseudomonas sp. DG56-2,,0.007125890736342043,,,,,,,,,,0.0196078431372549,0.023255813953488372,0.02702702702702703,,0.058823529411764705,,0.375,,,0.125,,,,,,,,,0.23076923076923078,
Pseudomonas sp. DR 5-09,0.0015337423312883436,,,,,,,,,,,,,,,,,0.0625,,,,,,,,,,,,0.07692307692307693,
Pseudomonas sp. DTU12.1,,,,,,,,,,,,,,,,,,,,,,,,,,,,,,0.07692307692307693,
Pseudomonas sp. DTU12.3,,0.004750593824228029,,,,,,,,,,,,0.02702702702702703,,,,0.375,,,,,,,,,,,,0.15384615384615385,
Pseudomonas sp. DY-1,,,,,,,,,,,,0.0196078431372549,,,,,,,,,,,,,,,,,,0.07692307692307693,
Pseudomonas sp. FDAARGOS_380,0.0015337423312883436,0.004750593824228029,,,0.013513513513513514,,,,,,,,,0.13513513513513514,,,,,,,0.0625,,,,0.07142857142857142,,,,,,
Pseudomonas sp. FGI182,0.0015337423312883436,,0.015384615384615385,,,,,,,,,,,,,,,0.0625,,,,,,,,,,,,,
Pseudomonas sp. HLS-6,,0.0023752969121140144,,0.005555555555555556,,0.009009009009009009,,,,,,,,0.02702702702702703,,0.058823529411764705,,0.375,,,,,,,,,,,,0.23076923076923078,
Pseudomonas sp. J380,,0.035629453681710214,,0.016666666666666666,,0.018018018018018018,,,,,,,,0.2972972972972973,,,,,,0.0625,0.0625,,,0.06666666666666667,0.07142857142857142,,,,,,
Pseudomonas sp. JY-Q,,0.0023752969121140144,,,,,,,,,,,,,,,0.058823529411764705,,,,,,,,,,,,,,0.08333333333333333
Pseudomonas sp. K-62,,,,,,0.009009009009009009,,,,,0.019230769230769232,,,,,,,,,,,,,,,,,,,,
Pseudomonas sp. K2W31S-8,0.0015337423312883436,,,,0.006756756756756757,,,0.013513513513513514,,,0.019230769230769232,0.058823529411764705,,,,,,0.125,,,,,,,,,,,,0.15384615384615385,
Pseudomonas sp. LAB-08,,0.0023752969121140144,,,0.006756756756756757,,,,,,,,,,,,,0.1875,,,,,,,,,,,,0.15384615384615385,
Pseudomonas sp. LBUM920,,0.004750593824228029,,,,,,,,,,,,,,,,,,,,,,,,,,,,,
Pseudomonas sp. LG1E9,0.0015337423312883436,0.011876484560570071,,0.011111111111111112,0.006756756756756757,,,0.013513513513513514,,0.016666666666666666,,,0.023255813953488372,,,,,,,,,,,,,,,,,0.07692307692307693,
Pseudomonas sp. LPH1,0.007668711656441718,0.0023752969121140144,0.046153846153846156,0.027777777777777776,0.02027027027027027,,0.020833333333333332,,0.07575757575757576,,0.019230769230769232,0.0196078431372549,,0.05405405405405406,,,,,,,,,0.125,0.06666666666666667,,,,,,,0.08333333333333333
Pseudomonas sp. LTGT-11-2Z,,,,,,,,,,,,0.0196078431372549,,,,,,,,,,,,,,,,,,,
Pseudomonas sp. LTJR-52,0.003067484662576687,0.004750593824228029,0.11794871794871795,0.005555555555555556,0.08783783783783784,0.05405405405405406,,,0.3181818181818182,,,0.0392156862745098,0.023255813953488372,,0.05555555555555555,,0.11764705882352941,,,0.0625,,,,,,,,,,,
Pseudomonas sp. Leaf58,,,,,0.013513513513513514,0.009009009009009009,,,,,,0.058823529411764705,,,,,,0.125,,,,,,,,,,,,0.07692307692307693,
Pseudomonas sp. Lz4W,,0.004750593824228029,,,0.006756756756756757,0.02702702702702703,,,,,,,,0.02702702702702703,,,,,,,,,,,,,,,,,
Pseudomonas sp. M30-35,,,,,0.006756756756756757,,,,,,,,,,,,,0.0625,,,,,,,,,,,,0.07692307692307693,
Pseudomonas sp. MPC6,,0.007125890736342043,,,0.006756756756756757,,,,,,,,,,,,,0.1875,,,,,,,,,,,,0.23076923076923078,
Pseudomonas sp. MRSN12121,,,,,,,,,,,,,,,,,,,,,,,,,,,,,,0.07692307692307693,
Pseudomonas sp. MYb193,,0.019002375296912115,,,,,,,,,,,,0.24324324324324326,,,,,,,0.0625,,,,0.07142857142857142,,,,,,
Pseudomonas sp. NC02,,,,,,,,,,,,,,,,,,0.0625,,,,,,,,,,,,,
Pseudomonas sp. NIBRBAC000502773,,0.004750593824228029,,0.005555555555555556,,,,,,,,,,,,,,,,,,,,,,,,,,,
Pseudomonas sp. NS1(2017),,,,0.011111111111111112,0.006756756756756757,,,0.013513513513513514,,,,,0.023255813953488372,0.08108108108108109,,,,0.0625,,,,,,,,,,,,,
Pseudomonas sp. OIL-1,,,,,0.006756756756756757,,,,,,,,0.023255813953488372,,,,,,,,,,,,,,,,0.07692307692307693,,
Pseudomonas sp. Os17,,0.0023752969121140144,,,,,,,,,,,,,,,,,,,,,,,,,,,,,
Pseudomonas sp. PE08,0.0015337423312883436,,,,,,,,,,,0.0196078431372549,,,,,,,,,,,,,,,,,,0.07692307692307693,
Pseudomonas sp. PONIH3,0.0015337423312883436,,,0.022222222222222223,0.02027027027027027,,,,,,,,,,,,,,,,,,,,,,,,,,
Pseudomonas sp. QZS01,,,0.005128205128205128,,,0.009009009009009009,,,,,,,,,,,,,,,,,,,,,,,,,
Pseudomonas sp. R2A2,0.010736196319018405,0.03800475059382423,0.18974358974358974,,0.07432432432432433,0.02702702702702703,,,0.16666666666666666,0.016666666666666666,,0.45098039215686275,,,,0.058823529411764705,0.8235294117647058,,,,,,,,,,,,,,
Pseudomonas sp. R32,,,,,0.006756756756756757,,,,,,,,,0.02702702702702703,,0.058823529411764705,,0.5,,,,,0.0625,,,,,,,0.23076923076923078,
Pseudomonas sp. R5-89-07,,,,,,,,,,,,,,,,,,0.125,,,,,,,,,,,,0.07692307692307693,
Pseudomonas sp. R76,,0.0023752969121140144,,,,,,,,,,,,,,,,0.0625,,,,,,,,,,,,0.15384615384615385,
Pseudomonas sp. R84,,0.0023752969121140144,,0.005555555555555556,,,,,,,,,,0.02702702702702703,,,,0.3125,,,,,,,,,,,,0.15384615384615385,
Pseudomonas sp. RU47,,,,,,,,,,,,,,,,,,0.1875,,,,,,,,,,,,0.07692307692307693,
Pseudomonas sp. S-6-2,0.004601226993865031,,0.005128205128205128,,0.013513513513513514,,,,,,,,,,,,,,,,,,,,,,,,0.07692307692307693,,
Pseudomonas sp. S09G 359,,0.004750593824228029,,,,,,,,,,,,,,,,0.1875,,,,,,,,,,,,0.23076923076923078,
Pseudomonas sp. S150,0.0015337423312883436,,,,,,,,,,,,,,,0.058823529411764705,,0.25,,,,,,,,,,,,0.07692307692307693,
Pseudomonas sp. S34,,0.007125890736342043,,,0.006756756756756757,,,,,,,,,,,,,0.1875,,,,,0.0625,,,,,,,0.15384615384615385,
Pseudomonas sp. S35,,0.007125890736342043,,,,,,,,,,,,,,,,0.1875,,,,,,,,,,,,0.23076923076923078,
Pseudomonas sp. S49,,,,,,,,,,,,,,,,,,0.125,,,,,,,,,,,,0.07692307692307693,
Pseudomonas sp. SCB32,0.0015337423312883436,,,,,,,,,,,0.0196078431372549,,,,,,,,,,,,,,,,,,0.07692307692307693,
Pseudomonas sp. SGAir0191,,,0.020512820512820513,,,,,,,,,,,,,,0.058823529411764705,,,,,,,,,,,,,,
Pseudomonas sp. SK,0.0015337423312883436,,0.005128205128205128,,0.02027027027027027,0.018018018018018018,,,,,,0.0784313725490196,,,,0.058823529411764705,,0.1875,,,,,,,,,,,,0.07692307692307693,
Pseudomonas sp. SNU WT1,,,,,0.013513513513513514,,,,,,,0.0196078431372549,,0.02702702702702703,,0.058823529411764705,,0.5,,,,,,,,,,,,0.23076923076923078,
Pseudomonas sp. SWI36,,,,,,,,,,,,0.0196078431372549,,,,,,,,,,,,,,,,,,,
Pseudomonas sp. SWI44,,,,,0.013513513513513514,,,,,,,0.0196078431372549,,,,,,,,,,,,,,,,,,,
Pseudomonas sp. SWI7,,0.004750593824228029,,,0.006756756756756757,,,,,,,,,,,,,,,,,,,,,,,,,,
Pseudomonas sp. SXM-1,,,,,,,,,,,,,,,,,,0.0625,,,,,,,,,,,,,
Pseudomonas sp. St29,,0.0023752969121140144,,,,,,,,,,,,,,,,,,,,,,,,,,,,,
Pseudomonas sp. StFLB209,,0.0023752969121140144,0.005128205128205128,,0.013513513513513514,,,,,,,,,,,,,0.375,,,,,,,,,,,,0.3076923076923077,
Pseudomonas sp. TCU-HL1,,,,,,,,,,,,0.0196078431372549,,,,,,0.125,,,,,,,,,,,,0.07692307692307693,
Pseudomonas sp. THAF7b,0.012269938650306749,0.035629453681710214,0.18461538461538463,,0.07432432432432433,0.02702702702702703,,,0.19696969696969696,0.016666666666666666,,0.4117647058823529,,,,0.058823529411764705,0.7647058823529411,,,,,,,,,,,,,,
Pseudomonas sp. TMW 2.1634,,,,,,0.018018018018018018,,,,,,,,,,,,,,,,,,,,,,,,0.15384615384615385,
Pseudomonas sp. URMO17WK12:I11,,0.007125890736342043,,,0.013513513513513514,,,,,,,,,,,,,0.1875,,,,,,,,,,,,0.15384615384615385,
Pseudomonas sp. UW4,,0.007125890736342043,,,0.006756756756756757,,,,,,,,,,,,,0.1875,,,,,,,,,,,,0.15384615384615385,
Pseudomonas sp. VLB120,0.0015337423312883436,,,,0.006756756756756757,0.009009009009009009,,,,,,0.0196078431372549,,,,0.058823529411764705,,,,,,,,,,,,,,,0.08333333333333333
Pseudomonas sp. XWY-1,,,,0.011111111111111112,0.006756756756756757,0.009009009009009009,,,,,,0.0392156862745098,,,,,,,,,,,,,,,,,,,
Pseudomonas sp. Z003-0.4C(8344-21),,,,,,,,,,,,,,,,,,0.125,,,,,,,,,,,,0.07692307692307693,
Pseudomonas sp. gcc21,,,,,0.013513513513513514,,,,0.06060606060606061,,,,0.023255813953488372,,,,,,0.0625,,,,,,,,,,0.07692307692307693,,
Pseudomonas sp. phDV1,0.012269938650306749,0.06413301662707839,0.07179487179487179,0.044444444444444446,0.02027027027027027,0.04504504504504504,0.03125,0.02702702702702703,0.21212121212121213,,0.019230769230769232,,0.023255813953488372,,,,,,,,,,0.1875,0.3333333333333333,,,0.21428571428571427,,,,0.08333333333333333
Pseudomonas sp. s211(2017),,0.0023752969121140144,,,,,,,,,,,,,,,,,,,,,0.0625,,,,,,,,
Pseudomonas stutzeri,0.3205521472392638,0.8551068883610451,0.9897435897435898,0.7722222222222223,0.8581081081081081,0.7927927927927928,0.3229166666666667,0.7837837837837838,0.9696969696969697,0.16666666666666666,0.5769230769230769,0.9019607843137255,0.5348837209302325,0.8378378378378378,0.8888888888888888,1.0,0.9411764705882353,0.6875,1.0,0.875,0.9375,1.0,0.875,0.6,0.5714285714285714,0.21428571428571427,1.0,0.7142857142857143,1.0,0.6153846153846154,0.6666666666666666
Pseudomonas synxantha,,0.0166270783847981,,,0.02027027027027027,,,,,,,,,0.2972972972972973,,,,0.375,,,0.0625,,,,0.07142857142857142,,,,,0.23076923076923078,
Pseudomonas syringae,0.0015337423312883436,0.004750593824228029,,0.005555555555555556,,0.036036036036036036,,,,,0.019230769230769232,0.0392156862745098,0.023255813953488372,0.24324324324324326,0.05555555555555555,0.058823529411764705,,0.625,,,0.0625,,,,,,,,,0.38461538461538464,
Pseudomonas syringae group genomosp. 3,,,,,,,,,,,0.019230769230769232,,,,,,,0.25,0.0625,,,,,,,,,,,0.15384615384615385,
Pseudomonas taetrolens,,,,0.011111111111111112,,0.02702702702702703,,,,0.016666666666666666,,,,0.02702702702702703,,,,0.125,,,,,,,,,,,,0.07692307692307693,
Pseudomonas thivervalensis,,,,,,,,,,,,,,,,,,,,,,,,,,,,,,0.07692307692307693,
Pseudomonas tolaasii,0.07515337423312883,,0.09230769230769231,0.05,,,,0.16216216216216217,,0.2,0.09615384615384616,,0.5813953488372093,0.2702702702702703,,,,0.125,,0.0625,0.0625,,,0.06666666666666667,0.07142857142857142,0.14285714285714285,0.14285714285714285,,0.15384615384615385,0.15384615384615385,0.3333333333333333
Pseudomonas trivialis,,0.009501187648456057,,,,,,,,,,,,0.02702702702702703,,,,0.1875,,,,,,,,,,,,0.23076923076923078,
Pseudomonas umsongensis,,0.009501187648456057,,,0.006756756756756757,,,,,,,,,,,0.058823529411764705,,0.3125,,,,0.0625,0.0625,,,,,,,0.23076923076923078,
Pseudomonas vancouverensis,,0.0023752969121140144,,,0.006756756756756757,,,,,,,,,,,,,0.1875,,,,,,,,,,,,0.15384615384615385,
Pseudomonas veronii,0.0015337423312883436,0.0023752969121140144,,,0.006756756756756757,,,,,,,0.0196078431372549,0.023255813953488372,,,,,,,,,,,,,,,,,,0.08333333333333333
Pseudomonas versuta,0.0015337423312883436,,,,0.006756756756756757,0.036036036036036036,,,,,,,,0.02702702702702703,,,,0.1875,,,,0.125,,,,,,,,0.15384615384615385,0.08333333333333333
Pseudomonas viridiflava,0.0015337423312883436,,,0.005555555555555556,0.006756756756756757,0.009009009009009009,,0.013513513513513514,,,0.019230769230769232,,,,,,,0.25,,,,,,,,,,,,0.23076923076923078,0.08333333333333333
Pseudomonas virus EL,0.003067484662576687,,,,,,,,,,,,,,,,,,,,,,,,,,,,,,
Pseudomonas virus SM1,,,,,,0.009009009009009009,,,,,,,,,,,,,,,,,,,,,,,,,
Pseudomonas xanthomarina,0.0015337423312883436,0.05463182897862233,0.05128205128205128,,0.12162162162162163,0.018018018018018018,,,,,,0.19607843137254902,0.06976744186046512,,0.027777777777777776,0.5882352941176471,,,0.0625,,,,,,,,,,,,
Pseudomonas xinjiangensis,,,,,0.006756756756756757,,,,,,,,,,,,,,,,,,,,,,,,0.07692307692307693,,
Pseudomonas yamanorum,,,,,,,,,,,,,,,,,,0.125,,,,,,,,,,,,0.15384615384615385,
Pseudonocardia autotrophica,0.032208588957055216,0.08788598574821853,0.020512820512820513,0.05,,0.009009009009009009,,0.06756756756756757,0.015151515151515152,0.016666666666666666,0.17307692307692307,,0.13953488372093023,,,,,,,,0.0625,0.25,0.0625,,0.6428571428571429,0.07142857142857142,0.07142857142857142,0.07142857142857142,,,
Pseudonocardia dioxanivorans,0.06134969325153374,0.2494061757719715,0.05641025641025641,0.18888888888888888,,0.036036036036036036,,0.24324324324324326,0.07575757575757576,0.016666666666666666,0.40384615384615385,,0.06976744186046512,0.05405405405405406,0.25,0.058823529411764705,,,,0.25,0.1875,0.75,0.0625,,0.35714285714285715,0.14285714285714285,0.35714285714285715,0.2857142857142857,0.3076923076923077,,
Pseudonocardia sp. AL041005-10,0.03834355828220859,0.0498812351543943,0.06153846153846154,0.044444444444444446,,0.009009009009009009,,0.06756756756756757,0.015151515151515152,,0.1346153846153846,,0.046511627906976744,,,,,,,,0.0625,0.125,,0.06666666666666667,0.6428571428571429,0.07142857142857142,0.14285714285714285,,,,
Pseudonocardia sp. Gen01,0.15030674846625766,0.46318289786223277,0.2358974358974359,0.37777777777777777,0.11486486486486487,0.21621621621621623,0.010416666666666666,0.40540540540540543,0.30303030303030304,0.11666666666666667,0.5769230769230769,,0.3953488372093023,0.24324324324324326,0.5,0.35294117647058826,,,0.25,0.8125,0.625,1.0,0.1875,0.4,0.7142857142857143,0.21428571428571427,0.7142857142857143,0.35714285714285715,0.6153846153846154,,0.08333333333333333
Pseudonocardia sp. HH130629-09,0.007668711656441718,0.007125890736342043,0.010256410256410256,0.022222222222222223,,0.009009009009009009,,,,,0.038461538461538464,,0.023255813953488372,,,,,,,,,,,,0.5,,,,,,
Pseudonocardia sp. HH130630-07,0.027607361963190184,0.07838479809976247,0.020512820512820513,0.03888888888888889,,0.009009009009009009,,0.013513513513513514,0.015151515151515152,,0.09615384615384616,,0.06976744186046512,,0.027777777777777776,,,,,,,0.3125,0.0625,,0.6428571428571429,0.07142857142857142,0.07142857142857142,0.07142857142857142,,,
Pseudopropionibacterium propionicum,0.027607361963190184,0.0166270783847981,0.03076923076923077,0.06666666666666667,0.08108108108108109,0.11711711711711711,,0.08108108108108109,,,0.019230769230769232,,0.023255813953488372,,,,,,,,,0.0625,0.0625,,,,0.14285714285714285,0.14285714285714285,,,
Pseudorhodoplanes sinuspersici,0.004601226993865031,,,0.005555555555555556,,,,,,,,,,,,,,,,,,,,,,0.07142857142857142,,,,,
Pseudoxanthomonas spadix,0.03374233128834356,0.0023752969121140144,0.046153846153846156,,0.013513513513513514,,,0.013513513513513514,0.015151515151515152,,0.019230769230769232,0.058823529411764705,,,,,,,,,,,,0.2,,,,0.14285714285714285,,0.07692307692307693,
Pseudoxanthomonas suwonensis,0.2254601226993865,0.0855106888361045,0.47692307692307695,0.15,0.07432432432432433,0.009009009009009009,,0.21621621621621623,0.21212121212121213,0.08333333333333333,0.15384615384615385,0.058823529411764705,0.06976744186046512,,0.19444444444444445,0.35294117647058826,,,0.4375,0.125,0.1875,0.0625,0.25,0.13333333333333333,0.07142857142857142,,0.8571428571428571,0.7142857142857143,0.15384615384615385,0.23076923076923078,
Psychrobacillus glaciei,,0.0023752969121140144,0.010256410256410256,,,,,,,,,,,,,,,,,,,,,,,,,,,,
Psychrobacillus sp. AK 1817,,,0.005128205128205128,,,,,,,,,,,,,,,,,,,,,,,,,,,,
Psychrobacter alimentarius,,0.007125890736342043,,,,,,,,,,,,,,,,,,,,,,,,,,,,,
Psychrobacter arcticus,0.003067484662576687,0.1496437054631829,,,0.033783783783783786,0.018018018018018018,,,0.030303030303030304,,,,0.023255813953488372,,0.027777777777777776,0.23529411764705882,,,,,,,,,0.07142857142857142,,,,,0.07692307692307693,
Psychrobacter cryohalolentis,0.003067484662576687,0.11163895486935867,,,0.02027027027027027,0.009009009009009009,,,0.030303030303030304,,,,0.023255813953488372,,,0.11764705882352941,,,,,,,,,0.07142857142857142,,,,,0.07692307692307693,
Psychrobacter maritimus,,,,,,0.009009009009009009,,,,,,,,,,,,,,,,,,,,,,,,,
Psychrobacter phage Psymv2,,0.0023752969121140144,,,,,,,,,,,,,,,,,,,,,,,,,,,,,
Psychrobacter sp. AntiMn-1,0.007668711656441718,0.14251781472684086,,,0.033783783783783786,0.02702702702702703,,,0.030303030303030304,,,0.0196078431372549,0.023255813953488372,,,0.7058823529411765,,,,0.0625,,,,,0.07142857142857142,,,,,0.07692307692307693,
Psychrobacter sp. DAB_AL43B,0.009202453987730062,0.2042755344418052,0.005128205128205128,0.005555555555555556,0.04054054054054054,0.018018018018018018,,,0.06060606060606061,0.016666666666666666,,,0.023255813953488372,,0.027777777777777776,0.7647058823529411,,,,,0.0625,,,,0.07142857142857142,,,,,0.07692307692307693,
Psychrobacter sp. DAB_AL62B,,0.0023752969121140144,,,,,,,,,,,,,,,,,,,,,,,,,,,,,
Psychrobacter sp. G,0.003067484662576687,0.13064133016627077,,,0.02027027027027027,0.009009009009009009,,,0.030303030303030304,,,,0.023255813953488372,,,0.11764705882352941,,,,,,,,,0.07142857142857142,,,,,0.07692307692307693,
Psychrobacter sp. P11F6,0.010736196319018405,0.2684085510688836,0.010256410256410256,0.05,0.060810810810810814,0.10810810810810811,0.041666666666666664,0.02702702702702703,0.06060606060606061,0.016666666666666666,0.038461538461538464,0.0196078431372549,0.023255813953488372,,0.027777777777777776,0.9411764705882353,,,0.0625,0.125,0.125,,0.0625,0.13333333333333333,0.07142857142857142,,,,,0.15384615384615385,
Psychrobacter sp. P11G3,0.009202453987730062,0.14251781472684086,,,0.02702702702702703,0.02702702702702703,,,0.030303030303030304,,,0.0196078431372549,0.023255813953488372,,,0.29411764705882354,,,,0.0625,0.0625,,,,0.07142857142857142,,,,,0.07692307692307693,
Psychrobacter sp. P11G5,0.0015337423312883436,0.11163895486935867,,,0.02027027027027027,0.018018018018018018,,,0.030303030303030304,,,,0.023255813953488372,,,0.058823529411764705,,,,,,,,,0.07142857142857142,,,,,0.07692307692307693,
Psychrobacter sp. P2G3,,0.07363420427553444,,,0.013513513513513514,0.009009009009009009,,,0.030303030303030304,,,,0.023255813953488372,,,0.058823529411764705,,,,,,,,,0.07142857142857142,,,,,0.07692307692307693,
Psychrobacter sp. PRwf-1,,0.021377672209026127,,0.011111111111111112,0.006756756756756757,0.009009009009009009,0.010416666666666666,,0.015151515151515152,,,0.0196078431372549,,,,,,,,,,,,,0.07142857142857142,,,,,,
Psychrobacter sp. YP14,,0.019002375296912115,,0.005555555555555556,0.006756756756756757,0.009009009009009009,,,0.015151515151515152,,,0.0392156862745098,,,,,,,,,,,,,,,,,,,
Psychrobacter urativorans,,0.10451306413301663,,,0.02027027027027027,0.009009009009009009,,,0.030303030303030304,,,0.0196078431372549,0.023255813953488372,,,0.11764705882352941,,,,,,,,,0.07142857142857142,,,,,0.07692307692307693,
Pulveribacter suum,,,0.010256410256410256,,0.006756756756756757,,,,0.015151515151515152,,,,,,,,,,,,,,,,,,0.07142857142857142,,,,
Pyricularia grisea,0.03067484662576687,,0.12307692307692308,0.08333333333333333,,0.17117117117117117,,0.05405405405405406,0.015151515151515152,,0.057692307692307696,0.0196078431372549,,0.13513513513513514,,,,,,,,,,,,0.07142857142857142,,,,0.07692307692307693,
Pyricularia oryzae,0.0352760736196319,,0.13333333333333333,0.09444444444444444,,0.15315315315315314,,0.0945945945945946,0.015151515151515152,,0.057692307692307696,0.0196078431372549,,0.02702702702702703,,,,,,,,,,,,0.07142857142857142,,0.14285714285714285,,0.07692307692307693,
Pyricularia pennisetigena,0.03067484662576687,,0.13333333333333333,0.07777777777777778,,0.1891891891891892,,0.06756756756756757,,,0.057692307692307696,0.0196078431372549,,0.21621621621621623,,,,,,,,,,,,0.07142857142857142,,,,0.07692307692307693,
Qipengyuania sediminis,0.12423312883435583,0.0023752969121140144,0.015384615384615385,0.10555555555555556,,,,0.10810810810810811,0.015151515151515152,0.03333333333333333,0.057692307692307696,,,,,,,,,0.375,0.0625,,,0.06666666666666667,,,0.21428571428571427,,,,
RD114 retrovirus,,,,,,0.009009009009009009,,,,,,,,,,,,,,,,,,,,,,,,,
Rahnella aquatilis,0.004601226993865031,,,0.005555555555555556,0.006756756756756757,0.018018018018018018,,,,,0.019230769230769232,0.0196078431372549,,0.13513513513513514,,0.058823529411764705,,0.0625,,,,,0.0625,,,,,,,0.07692307692307693,
Rahnella sp. ERMR1:05,,,,,0.006756756756756757,0.009009009009009009,,,,,0.019230769230769232,0.0196078431372549,,,,,,0.0625,,,,,,,,,,,,,
Raineyella sp. CBA3103,,,,,0.006756756756756757,,,,,,,,,,,,,,,,,,,,,,,,,,
Ralstonia insidiosa,0.007668711656441718,,,0.3388888888888889,0.22297297297297297,,0.010416666666666666,0.05405405405405406,,,0.07692307692307693,,0.27906976744186046,,,,,,,,,,,,,,,,0.3076923076923077,,
Ralstonia mannitolilytica,0.013803680981595092,,,0.005555555555555556,,,0.020833333333333332,,,,,,,,,,0.058823529411764705,,,,,,,,0.14285714285714285,,,,,,
Ralstonia pickettii,0.5306748466257669,0.0023752969121140144,0.15897435897435896,0.37777777777777777,0.04054054054054054,,0.03125,0.3783783783783784,0.10606060606060606,0.65,0.25,,0.18604651162790697,0.21621621621621623,,,,,,0.125,0.4375,,0.3125,0.13333333333333333,0.21428571428571427,1.0,0.7857142857142857,0.14285714285714285,0.5384615384615384,,0.8333333333333334
Ralstonia solanacearum,0.0015337423312883436,,0.010256410256410256,,,,0.09375,,,,,,,,,0.058823529411764705,,,,,,,,,,,,,,,
Ramlibacter tataouinensis,0.37576687116564417,0.09263657957244656,0.38974358974358975,0.49444444444444446,0.22297297297297297,0.12612612612612611,,0.4594594594594595,0.09090909090909091,0.21666666666666667,0.5384615384615384,,0.5813953488372093,0.2702702702702703,0.4722222222222222,0.23529411764705882,,,0.25,0.6875,0.375,0.9375,0.3125,0.26666666666666666,0.7142857142857143,0.8571428571428571,0.7857142857142857,0.2857142857142857,0.9230769230769231,,0.6666666666666666
Raoultella electrica,,,0.005128205128205128,,0.006756756756756757,,,,,,,,,,,,,,,,,,,,,,,,,,
Raoultella ornithinolytica,0.0015337423312883436,0.0023752969121140144,0.005128205128205128,0.005555555555555556,0.013513513513513514,,0.010416666666666666,,,,,,,,,,,,,,,,,,,,,,,,
Raoultella planticola,,,0.010256410256410256,,0.013513513513513514,0.009009009009009009,,,0.015151515151515152,0.016666666666666666,0.019230769230769232,,,,,,,,,,,,,0.06666666666666667,,,,,,,
Raoultella sp. NCTC 9189,0.0015337423312883436,,,,,,,,,,,,,,,,,,,,,,,,,,,,,,
Raoultella terrigena,0.0015337423312883436,,0.005128205128205128,0.005555555555555556,,,0.010416666666666666,,,,,,,,,,,,,,,,0.0625,,,,,,,,
Raphidiopsis curvata,,,,,,,,,,,,,,0.16216216216216217,,,,,,,,,,,,,,,,,
Rathayibacter festucae,0.004601226993865031,0.3824228028503563,,0.05,0.060810810810810814,0.02702702702702703,,0.06756756756756757,,,0.38461538461538464,,0.06976744186046512,0.02702702702702703,0.1111111111111111,,,,0.0625,0.4375,0.1875,0.875,,0.26666666666666666,,,,,0.15384615384615385,,
Rathayibacter iranicus,,0.007125890736342043,,,,,,,,,,,,,,,,,,,,,,,,,,,,,
Rathayibacter rathayi,,0.004750593824228029,,,,,,,,,,,,,,,,,,,,,,,,,,,,,
Rathayibacter sp. VKM Ac-2759,0.015337423312883436,0.4489311163895487,,0.13333333333333333,0.35135135135135137,0.009009009009009009,,0.10810810810810811,,,0.46153846153846156,,0.13953488372093023,,0.1388888888888889,,,,0.125,0.8125,0.125,0.625,,0.13333333333333333,,0.07142857142857142,,,0.23076923076923078,,
Rathayibacter sp. VKM Ac-2760,0.004601226993865031,0.2517814726840855,,0.005555555555555556,0.08108108108108109,,,0.013513513513513514,,,0.23076923076923078,,,,0.027777777777777776,,,,,0.125,0.0625,0.4375,,,,,,,,,
Rathayibacter sp. VKM Ac-2762,,0.004750593824228029,,,,,,,,,,,,,,,,,,,,,,,,,,,,,
Rathayibacter sp. VKM Ac-2801,,0.03800475059382423,,,,,,,,,,,,,,,,,,,,,,,,,,,,,
Rathayibacter sp. VKM Ac-2804,,0.14014251781472684,,,,,,0.013513513513513514,,,0.09615384615384616,,,,,,,,,,,0.3125,,,,,,,,,
Rathayibacter sp. VKM Ac-2805,,0.0023752969121140144,,,,,,,,,,,,,,,,,,,,,,,,,,,,,
Rathayibacter tanaceti,,0.0665083135391924,,,,,,,,,0.019230769230769232,,,,,,,,,,,,,,,,,,,,
Rathayibacter tritici,,0.007125890736342043,,,,,,,,,,,,,,,,,,,,,,,,,,,,,
Rheinheimera sp. D18,0.006134969325153374,,0.02564102564102564,,,,,,,,,,,,,,,,,,,,,,,,,,,,
Rheinheimera sp. LHK132,0.029141104294478526,0.11163895486935867,0.05128205128205128,0.03333333333333333,0.02027027027027027,0.018018018018018018,0.07291666666666667,,0.045454545454545456,0.05,0.038461538461538464,,0.023255813953488372,0.02702702702702703,0.08333333333333333,0.7058823529411765,,,0.1875,,0.375,,,0.06666666666666667,0.07142857142857142,,,,,,0.08333333333333333
Rhizobacter gummiphilus,0.2607361963190184,0.014251781472684086,0.046153846153846156,0.3055555555555556,0.060810810810810814,0.05405405405405406,,0.17567567567567569,0.045454545454545456,0.08333333333333333,0.17307692307692307,,0.5348837209302325,0.16216216216216217,0.08333333333333333,,,,0.125,0.125,,0.25,0.0625,0.06666666666666667,0.21428571428571427,0.7857142857142857,0.2857142857142857,0.14285714285714285,0.8461538461538461,,0.5
Rhizobium daejeonense,0.0015337423312883436,0.0023752969121140144,,,,,,,,,,0.0196078431372549,,,,,,,0.0625,,,,,,,,,,,0.15384615384615385,
Rhizobium etli,0.0015337423312883436,0.0023752969121140144,,,,,,,,,,0.0196078431372549,,,,,,,,,,,,,,,,,,0.15384615384615385,
Rhizobium favelukesii,,,,,,,,,,,,0.0196078431372549,,,,,,,,,,,,,,,,,,0.15384615384615385,
Rhizobium flavum,0.007668711656441718,0.04275534441805225,0.041025641025641026,,0.006756756756756757,,,,,,,,,,,,0.11764705882352941,,,,,,,,,,,,,0.07692307692307693,
Rhizobium gallicum,,,,,,,,,,,,,,,,,,,,,,,,,,,,,,0.07692307692307693,
Rhizobium grahamii,0.0015337423312883436,,,,,,,,,,,0.0196078431372549,,,,,,,,,,,,,,,,,,0.15384615384615385,
Rhizobium jaguaris,,,0.005128205128205128,,,,,,,,,0.0196078431372549,,,,,,,,,,,,,,,,,,0.15384615384615385,
Rhizobium leguminosarum,0.10276073619631902,0.0665083135391924,0.05128205128205128,0.15,0.006756756756756757,0.09009009009009009,,0.10810810810810811,0.015151515151515152,0.05,0.11538461538461539,0.0196078431372549,0.13953488372093023,0.02702702702702703,0.05555555555555555,,0.058823529411764705,0.0625,,0.0625,0.25,0.3125,,0.06666666666666667,0.21428571428571427,0.14285714285714285,0.14285714285714285,0.21428571428571427,0.07692307692307693,0.15384615384615385,
Rhizobium oryzihabitans,0.003067484662576687,0.0023752969121140144,,,,,,0.02702702702702703,,,,,,,,,,,,,,,,,,,,,,,
Rhizobium phaseoli,,,,,,,,,,,,0.0196078431372549,,,,,,,,,,,,,,,,,,0.07692307692307693,
Rhizobium pseudoryzae,0.0015337423312883436,0.009501187648456057,,,,,,,,,,0.0196078431372549,,,,,0.058823529411764705,,,,,,,,,,,,,0.15384615384615385,
Rhizobium pusense,0.003067484662576687,0.0023752969121140144,0.010256410256410256,,,,,0.02702702702702703,,,,,,,,,,,,,,,,,,,,,,,
Rhizobium rhizoryzae,0.004601226993865031,0.0023752969121140144,0.010256410256410256,,,0.009009009009009009,,,,,,0.0196078431372549,,,,,,,,,,,,,,,,,,0.15384615384615385,
Rhizobium selenitireducens,,,,,,,,,,,,,,,,,0.058823529411764705,,,,,,,,,,,,,,
Rhizobium sp. 11515TR,,,0.005128205128205128,,,,,,,,,0.0196078431372549,,,,,,,,,,,,,,,,,,0.15384615384615385,
Rhizobium sp. ACO-34A,0.0015337423312883436,,,,,,,,,,,0.0196078431372549,,,,,,,0.0625,,,,,0.06666666666666667,,,,,,0.15384615384615385,
Rhizobium sp. CIAT894,,,,,,,,,,,,0.0196078431372549,,,,,,,,,,,,,,,,,,0.07692307692307693,
Rhizobium sp. IRBG74,0.006134969325153374,0.0023752969121140144,0.015384615384615385,,0.006756756756756757,,,0.02702702702702703,,,,,,,,,,,,,,,0.0625,,,,,,,,
Rhizobium sp. Khangiran2,0.0015337423312883436,0.0166270783847981,0.015384615384615385,,0.006756756756756757,,,,,,,,,,,,0.11764705882352941,,,,,,,,,,,,,0.07692307692307693,
Rhizobium sp. NXC14,,,,,,,,,,,,,,,,,,,,,,,,,,,,,,0.07692307692307693,
Rhizobium sp. NXC24,,,,,,,,,,,,0.0196078431372549,,,,,,,,,,,,,,,,,,0.15384615384615385,
Rhizobium sp. S41,0.006134969325153374,0.0023752969121140144,0.015384615384615385,0.005555555555555556,,,0.041666666666666664,0.02702702702702703,,,,,,,,,0.058823529411764705,,,,,,0.0625,,,,,,,,
Rhizobium sp. TCK,,0.007125890736342043,0.005128205128205128,,,,,,,,,,,,,,0.11764705882352941,,,,,,,,,,,,,,
Rhizobium sp. WL3,0.003067484662576687,0.004750593824228029,0.020512820512820513,,,0.009009009009009009,,,,,,0.0196078431372549,,,,,,,,,,,,,,,,,0.07692307692307693,0.15384615384615385,
Rhizobium sp. Y9,0.004601226993865031,0.026128266033254157,0.010256410256410256,,,,,0.02702702702702703,,,,,,,,,,,,,,,,,,,,,,,
Rhizobium tropici,,0.0023752969121140144,,,,,,,,,,0.0196078431372549,,,,,,,,,,,,,,,,,,0.07692307692307693,
Rhizorhabdus dicambivorans,0.06288343558282208,,0.005128205128205128,0.03333333333333333,,,,0.013513513513513514,0.015151515151515152,0.03333333333333333,0.038461538461538464,0.0392156862745098,,,,,,,,0.0625,,,,,,,,,,,
Rhodanobacter denitrificans,,,,,,,,,,,,,0.023255813953488372,,,,,,,,,,,,,,,,,,
Rhodobacter blasticus,0.013803680981595092,0.0023752969121140144,0.05641025641025641,0.011111111111111112,0.013513513513513514,,,0.02702702702702703,,0.016666666666666666,,,,,,,,,,,,,,,,,,,,,
Rhodobacter capsulatus,0.015337423312883436,0.0023752969121140144,0.015384615384615385,0.005555555555555556,0.013513513513513514,,,0.04054054054054054,,0.016666666666666666,0.019230769230769232,,,,,,,,,,,,,,,,,,,,
Rhodobacter sp. CZR27,0.03987730061349693,0.0023752969121140144,0.020512820512820513,0.011111111111111112,0.013513513513513514,,,0.02702702702702703,,0.03333333333333333,,,,,,,,,,,,,,0.06666666666666667,,,,,,,
Rhodobacter sp. LPB0142,0.029141104294478526,0.0023752969121140144,0.06666666666666667,0.011111111111111112,0.013513513513513514,,,0.05405405405405406,0.015151515151515152,0.03333333333333333,0.038461538461538464,,,,,,,,,,0.0625,,,,,,,0.14285714285714285,,,
Rhodobacter sphaeroides,0.25153374233128833,0.23990498812351543,0.31794871794871793,0.25,0.02027027027027027,0.06306306306306306,,0.32432432432432434,0.13636363636363635,0.08333333333333333,0.3269230769230769,,0.023255813953488372,0.02702702702702703,0.08333333333333333,0.058823529411764705,,,0.375,0.5625,0.5625,0.25,0.0625,0.2,0.42857142857142855,0.07142857142857142,0.7142857142857143,0.7142857142857143,0.3076923076923077,,
Rhodobacteraceae bacterium,0.027607361963190184,0.0023752969121140144,0.010256410256410256,,0.006756756756756757,,,0.02702702702702703,,,,,,,,,,,,,,,,,,,,,,,
Rhodobacteraceae bacterium 9Alg 56,0.010736196319018405,,,,,,,,,,,,,,,,,,,,,,,,,,,,,,
Rhodobacteraceae bacterium QY30,0.01687116564417178,0.0023752969121140144,0.02564102564102564,0.005555555555555556,0.013513513513513514,,,0.02702702702702703,,0.016666666666666666,,,,,,,,,,,,,,,,,,,,,
Rhodobacteraceae bacterium SH-1,0.018404907975460124,0.0023752969121140144,,,0.006756756756756757,,,,,,,,,,,,,,,,,,,,,,,,,,
Rhodococcus coprophilus,0.003067484662576687,0.004750593824228029,,,,,,,,,,,,,,,,,,,,,,,,,,,,,
Rhodococcus erythropolis,0.006134969325153374,0.15676959619952494,,,,,,,,,,,,,,,,,,,,,,,,,,,,,
Rhodococcus fascians,0.04754601226993865,0.4513064133016627,0.005128205128205128,0.13333333333333333,0.41216216216216217,0.07207207207207207,,0.13513513513513514,,0.03333333333333333,0.4423076923076923,,0.5348837209302325,0.05405405405405406,0.1388888888888889,0.058823529411764705,,,0.125,0.9375,0.25,0.3125,0.0625,0.4666666666666667,0.07142857142857142,,,,0.38461538461538464,,0.08333333333333333
Rhodococcus hoagii,0.02607361963190184,0.019002375296912115,0.005128205128205128,0.005555555555555556,,,,,,,,,,,,,,,,,,,,,,,,,,,
Rhodococcus jostii,,0.004750593824228029,,,,,,,,,,,,,,,,,,,,,,,,,,,,,
Rhodococcus opacus,0.04294478527607362,0.03800475059382423,0.005128205128205128,,,0.009009009009009009,,,,,,,,,,,,,,,,0.125,,,,,,0.14285714285714285,,,
Rhodococcus pyridinivorans,0.003067484662576687,,,0.005555555555555556,,,,,,,,,,,,,,,,,,,,,,,,,,,
Rhodococcus qingshengii,0.0015337423312883436,0.06175771971496437,,,,,,,,,,,,,,,,,,,,,0.0625,,,,,,,,
Rhodococcus rhodochrous,0.003067484662576687,0.007125890736342043,0.06153846153846154,0.005555555555555556,,,,,,,,,,,,,,,,,,,,,,,,,,,
Rhodococcus ruber,0.023006134969325152,0.019002375296912115,0.14358974358974358,0.016666666666666666,0.006756756756756757,,,0.013513513513513514,0.015151515151515152,,,,,,,,,,,,,,,,,,,,,,
Rhodococcus sp. 008,0.0015337423312883436,0.052256532066508314,,,,,,,,,,,,,,,,,,,,,,,,,,,,,
Rhodococcus sp. 2G,,,,0.005555555555555556,,,,,,,,,,,,,,,,,,,,,,,,,,,
Rhodococcus sp. ABRD24,0.013803680981595092,0.004750593824228029,,,,,,,,,,,,,,,,,,,,,,,,,,,,,
Rhodococcus sp. AQ5-07,,0.047505938242280284,,,,,,,,,,,,,,,,,,,,,,,,,,,,,
Rhodococcus sp. B7740,0.006134969325153374,0.035629453681710214,,,0.006756756756756757,,,,,,,,0.13953488372093023,,0.027777777777777776,,,,,,,,,,,,,,0.07692307692307693,,
Rhodococcus sp. BH4,,0.04513064133016627,,,,,,,,,,,,,,,,,,,,,,,,,,,,,
Rhodococcus sp. H-CA8f,,0.04275534441805225,,,,,,,,,,,,,,,,,,,,,,,,,,,,,
Rhodococcus sp. MTM3W5.2,0.029141104294478526,0.007125890736342043,0.005128205128205128,,,,,,,,,,,,,,,,,,,,,,,,,,,,
Rhodococcus sp. NJ-530,0.0015337423312883436,0.06413301662707839,,,,,,,,,,,,,,,,,,,,,,,,,,,,,
Rhodococcus sp. P1Y,0.013803680981595092,0.007125890736342043,,,,0.009009009009009009,,,,,,,,,,,,,,0.0625,,0.0625,,,,,,,,,
Rhodococcus sp. PBTS 1,0.3328220858895706,0.13539192399049882,0.16923076923076924,0.25555555555555554,0.06756756756756757,,,0.32432432432432434,0.045454545454545456,0.05,0.11538461538461539,,,,,,,,,0.375,,0.0625,,,,0.07142857142857142,0.8571428571428571,0.2857142857142857,,,
Rhodococcus sp. PBTS 2,0.012269938650306749,0.11163895486935867,,0.016666666666666666,0.12837837837837837,0.02702702702702703,,0.013513513513513514,,0.03333333333333333,0.057692307692307696,,0.16279069767441862,,0.05555555555555555,,,,0.0625,0.3125,0.125,,,,,,,,0.07692307692307693,,0.08333333333333333
Rhodococcus sp. S2-17,,0.004750593824228029,,,,,,,,,,,,,,,,,,,,,,,,,,,,,
Rhodococcus sp. SGAir0479,0.018404907975460124,0.007125890736342043,0.005128205128205128,,,,,,,,,,,,,,,,,,,,,,,,,,,,
Rhodococcus sp. WAY2,,0.004750593824228029,,,,,,,,,,,,,,,,,,,,,,,,,,,,,
Rhodococcus sp. WB9,,0.0023752969121140144,,,,,,,,,,,,,,,,,,,,,,,,,,,,,
Rhodococcus sp. WMMA185,0.003067484662576687,0.004750593824228029,,,,,,,,,,,,,,,,,,,,,,,,,,,,,
Rhodococcus sp. X156,,0.0688836104513064,0.010256410256410256,,,0.009009009009009009,,,,,0.057692307692307696,,,,,,,,,,,,,,,,,,,,
Rhodococcus sp. YL-1,0.0015337423312883436,0.057007125890736345,,,,,,,,,,,,,,,,,,,,,,,,,,,,,
Rhodococcus sp. p52,,,,0.005555555555555556,,,,,,,,,,,,,,,,,,,,,,,,,,,
Rhodocytophaga sp. 172606-1,0.010736196319018405,,,0.005555555555555556,,0.06306306306306306,,,,,,,,,,,,,,,,,,,,,,,,,
Rhodoferax antarcticus,,,0.005128205128205128,,,,,,,,,,,,,,,,,,,,,,,,,,,,
Rhodoferax ferrireducens,,,0.005128205128205128,,,,,,,,,,,,,,,,,,,,,,,,,,,,
Rhodoferax koreense,0.018404907975460124,0.007125890736342043,0.020512820512820513,0.044444444444444446,0.013513513513513514,,,0.02702702702702703,0.015151515151515152,,0.15384615384615385,,0.2558139534883721,0.02702702702702703,0.05555555555555555,0.058823529411764705,,,,0.1875,,0.25,,,,0.35714285714285715,,,0.23076923076923078,,
Rhodoferax saidenbachensis,,,0.010256410256410256,,,,,,,,,,,,,,,,,,,,,,,,,,,,
Rhodoferax sediminis,,,0.005128205128205128,,,,,,0.015151515151515152,,,,,,,,,,,,,,,,,,,,,,
Rhodoferax sp. Gr-4,,,0.005128205128205128,,,,,,,,,,,,,,,,,,,,,,,,,,,,
Rhodoplanes sp. Z2-YC6860,0.024539877300613498,0.0023752969121140144,,0.027777777777777776,,,,0.013513513513513514,,,,,,,0.027777777777777776,,,,,,,,,,,0.07142857142857142,,0.14285714285714285,0.07692307692307693,,
Rhodopseudomonas palustris,0.6656441717791411,0.32304038004750596,0.4461538461538462,0.8277777777777777,0.46621621621621623,0.23423423423423423,,0.8108108108108109,0.13636363636363635,0.6333333333333333,0.8076923076923077,0.0196078431372549,0.9069767441860465,0.35135135135135137,0.4444444444444444,,,,0.4375,0.8125,0.8125,0.9375,0.5,0.6,0.8571428571428571,1.0,1.0,0.6428571428571429,1.0,,0.9166666666666666
Rhodospirillaceae bacterium B3,0.004601226993865031,,,0.011111111111111112,,,,,,,,,,0.02702702702702703,,,,,,,,,,,,,,,,,
Rhodospirillum centenum,0.010736196319018405,,,,,,,,,,,,,0.02702702702702703,,,,,,,,,,,,,,,,,
Rhodothermaceae bacterium,0.010736196319018405,,,,,,,,,,,,,,,,,,,,,,,,,,,,,,
Rhodothermaceae bacterium RA,0.007668711656441718,,,,,,,,,,,,,,,,,,,,,,,,,,,,,,
Rhodothermus marinus,0.015337423312883436,,,,,,,,,,,,,,,,,,,,,,,,,,,,,,
Rhodovulum sp. MB263,0.015337423312883436,,,,,,,,,,,,,,,,,,,,,,,,,,,,,,
Rhodovulum sp. P5,0.018404907975460124,,,,,,,,,,,,,,,,,,,,,,,,,,,,,,
Rhodovulum sulfidophilum,0.019938650306748466,0.0023752969121140144,0.010256410256410256,,0.006756756756756757,,,0.02702702702702703,,,,,,,,,,,,,,,,,,,,,,,
Rickettsia bellii,,,0.005128205128205128,,,0.036036036036036036,,,,,,,,,,,,,,,,,,,,,,,,,
Rickettsia endosymbiont of Bemisia tabaci,,,,,,0.009009009009009009,,,,,,,,,,,,,,,,,,,,,,,,,
Rickettsia felis,,,0.015384615384615385,,,0.018018018018018018,,,,,,,,,,,,,,,,,,,,,,0.14285714285714285,,,
Rickettsiales bacterium Ac37b,,,,,,,,,,,,,,0.1891891891891892,,,,,,,,,,,,,,,,,
Riemerella anatipestifer,,,,,,,,,0.015151515151515152,,,0.0392156862745098,,,,,,,,,,,,,,,,,,,
Rippkaea orientalis,0.006134969325153374,,,0.005555555555555556,,,,,,,,,,,,,,,,,,,,,,,,,,,
Rivularia sp. PCC 7116,0.019938650306748466,,,,,0.018018018018018018,,,,,,,,,,,,,,,,,,,,,,,,,
Romboutsia hominis,,,,,,0.018018018018018018,,,,,,,,,,,0.058823529411764705,,,,,,,,,,,,,,
Romboutsia sp. CE17,,,,0.005555555555555556,,0.018018018018018018,,,,,,,,,,,0.11764705882352941,,,,,,,,,,,,,,
Roseateles depolymerans,0.3282208588957055,,0.05128205128205128,0.34444444444444444,0.05405405405405406,,,0.16216216216216217,0.030303030303030304,0.16666666666666666,0.11538461538461539,,0.046511627906976744,0.10810810810810811,,,,,,,,,0.0625,0.06666666666666667,,0.7142857142857143,0.07142857142857142,,0.46153846153846156,,0.5833333333333334
Roseburia hominis,0.0015337423312883436,,0.005128205128205128,,,,,,0.015151515151515152,,,,,,,,,,,,,,,,,,,,,,
Roseburia intestinalis,0.009202453987730062,0.007125890736342043,0.005128205128205128,,,0.009009009009009009,,,0.015151515151515152,,,,,,,,,,,,,0.0625,,,0.07142857142857142,,,,,,
Roseibacterium elongatum,0.018404907975460124,,,,0.006756756756756757,,,,,,,,,,,,,,,,,,,,,,,,,,
Roseimicrobium sp. ORNL1,0.003067484662576687,,,,,,,,0.015151515151515152,,,,,,,,,,,,,,,,,,,,,,
Roseitalea porphyridii,0.007668711656441718,,,,,,,,,,,,,,,,,,,,,,,,,,,,,,
Roseivivax sp. THAF30,0.02607361963190184,,,,,,,,,,,,,,,,,,,,,,,,,,,,,,
Roseomonas gilardii,0.24079754601226994,0.1876484560570071,0.15384615384615385,0.43333333333333335,0.12162162162162163,0.1891891891891892,0.010416666666666666,0.581081081081081,0.13636363636363635,0.05,0.6538461538461539,,0.046511627906976744,0.10810810810810811,,,,,0.5,0.4375,0.375,0.8125,0.1875,0.13333333333333333,0.9285714285714286,0.21428571428571427,1.0,0.42857142857142855,0.3076923076923077,,
Roseomonas mucosa,0.18404907975460122,0.06175771971496437,0.010256410256410256,0.1,0.033783783783783786,0.13513513513513514,0.010416666666666666,0.22972972972972974,0.12121212121212122,0.03333333333333333,0.09615384615384616,0.0392156862745098,,0.05405405405405406,0.16666666666666666,,,,0.375,0.0625,0.125,,,0.2,0.9285714285714286,,0.7142857142857143,,,,
Roseomonas sp. FDAARGOS_362,0.09049079754601227,0.028503562945368172,0.015384615384615385,0.12777777777777777,0.02027027027027027,0.05405405405405406,,0.10810810810810811,0.06060606060606061,,0.057692307692307696,,,0.05405405405405406,0.027777777777777776,,,,,,0.0625,,,,0.5714285714285714,,0.35714285714285715,,,,
Roseovarius indicus,0.019938650306748466,,,,,,,,,,,,,,,,,,,,,,,,,,,,,,
Roseovarius sp. MME-070,0.010736196319018405,,,,,,,,,,,,,,,,,,,,,,,,,,,,,,
Roseovarius sp. THAF27,0.0015337423312883436,,,,,,,,,,,,,,,,,,,,,,,,,,,,,,
Roseovarius sp. THAF8,0.0015337423312883436,,,,,,,,,,,,,,,,,,,,,,,,,,,,,,
Roseovarius sp. THAF9,0.012269938650306749,,,,,,,,,,,,,,,,,,,,,,,,,,,,,,
Rothia aeria,0.0950920245398773,0.040380047505938245,0.03076923076923077,0.06111111111111111,0.11486486486486487,0.13513513513513514,0.010416666666666666,0.16216216216216217,0.07575757575757576,0.03333333333333333,0.038461538461538464,,0.11627906976744186,0.05405405405405406,,,,,0.1875,0.0625,0.25,,,0.13333333333333333,0.07142857142857142,,,0.07142857142857142,0.07692307692307693,,
Rothia dentocariosa,0.2929447852760736,0.342042755344418,0.015384615384615385,0.3388888888888889,0.47297297297297297,0.6126126126126126,0.20833333333333334,0.33783783783783783,0.19696969696969696,0.08333333333333333,0.17307692307692307,,0.4186046511627907,0.2702702702702703,0.5,0.17647058823529413,,,0.8125,0.4375,0.5,0.0625,0.75,0.5333333333333333,0.5714285714285714,0.14285714285714285,,,0.23076923076923078,,0.4166666666666667
Rothia mucilaginosa,0.23773006134969324,0.5201900237529691,0.2,0.55,0.7094594594594594,0.6666666666666666,0.3020833333333333,0.5945945945945946,0.45454545454545453,0.15,0.46153846153846156,0.0196078431372549,0.7441860465116279,0.6486486486486487,0.7222222222222222,0.4117647058823529,,,0.9375,0.75,0.75,0.125,0.875,0.8,0.8571428571428571,0.35714285714285715,0.42857142857142855,0.14285714285714285,0.6153846153846154,0.07692307692307693,0.8333333333333334
Rouxiella badensis,,,,0.005555555555555556,,0.009009009009009009,,0.013513513513513514,0.015151515151515152,,,,,,,0.058823529411764705,,0.1875,,,,,,,,,,,,,
Ruania sp. HY168,,0.0023752969121140144,,,,0.018018018018018018,,,,,0.019230769230769232,,,,,,,,,,,,,,,,,,,,
Rubrivivax gelatinosus,0.3726993865030675,,0.08717948717948718,0.4,0.07432432432432433,0.018018018018018018,,0.24324324324324326,0.06060606060606061,0.25,0.15384615384615385,,0.2558139534883721,0.13513513513513514,0.05555555555555555,,,,,0.0625,0.0625,0.25,0.0625,0.13333333333333333,0.2857142857142857,0.7857142857142857,0.5714285714285714,0.14285714285714285,0.9230769230769231,,0.75
Rubrobacter indicoceani,0.06288343558282208,,0.005128205128205128,0.03333333333333333,,0.009009009009009009,,,,,,,,,,,,,,,,,,,,,0.07142857142857142,,0.07692307692307693,,
Rubrobacter radiotolerans,0.05828220858895705,,0.010256410256410256,0.07222222222222222,,,,0.013513513513513514,0.015151515151515152,,,,,,,,,,,,,,,,,,0.07142857142857142,,,,
Rubrobacter sp. SCSIO 52909,0.16257668711656442,0.06175771971496437,0.11282051282051282,0.3055555555555556,,0.04504504504504504,,0.3108108108108108,0.30303030303030304,,0.09615384615384616,,,0.02702702702702703,,,,,,,0.0625,0.0625,,,0.5,0.14285714285714285,0.5,0.35714285714285715,,,
Rubrobacter sp. SCSIO 52915,0.10736196319018405,0.009501187648456057,0.07179487179487179,0.2111111111111111,,0.009009009009009009,,0.20270270270270271,0.25757575757575757,,0.057692307692307696,,,,,,,,,,,0.125,,,0.14285714285714285,0.14285714285714285,0.2857142857142857,,,,0.08333333333333333
Rubrobacter xylanophilus,0.0736196319018405,0.0023752969121140144,0.041025641025641026,0.12222222222222222,,,0.20833333333333334,0.013513513513513514,0.18181818181818182,,,,0.023255813953488372,,,,,,,,,,,,,,0.07142857142857142,,,,
Ruegeria pomeroyi,0.012269938650306749,,,,0.006756756756756757,,,0.02702702702702703,,,,,,,,,,,,,,,,,,,,,,,
Rufibacter sp. DG15C,,,,,,,,,,,,,,,,0.058823529411764705,,,,,,,,,,,,,,,
Rufibacter sp. DG31D,,,,,,,,,,,,,,,,0.11764705882352941,,,,,,,,,,,,0.14285714285714285,,,
Rufibacter tibetensis,,,,,,,,,,,,,,,,0.17647058823529413,,,,,,,,,,,,0.14285714285714285,,,
Ruminococcaceae bacterium CPB6,,,,,,,0.010416666666666666,,,,,,,,,,,,,,,,,,,,,,,,
Ruminococcus bicirculans,0.0015337423312883436,,,0.005555555555555556,,0.009009009009009009,0.010416666666666666,,,,,,,,,,,,,,,,,,,,,0.07142857142857142,,,0.08333333333333333
Ruminococcus champanellensis,,,,,,,0.010416666666666666,,,,,,,,,,,,,,,,,,,,,,,,
Ruminococcus sp. JE7A12,,0.0023752969121140144,0.005128205128205128,,,,,,,,,,,,,,,,,,,,,,,,,,,,
Rummeliibacillus stabekisii,,0.004750593824228029,0.03076923076923077,,,,,,,,,,,,,,,0.0625,,,,,,,,,,,,,
Runella sp. SP2,,,0.005128205128205128,,,,,,,,,,,,,,,,,,,,,,,,,,,,
Ruthenibacterium lactatiformans,0.003067484662576687,,0.005128205128205128,0.005555555555555556,,,0.010416666666666666,,,,,,,,,,,,,,,,,,,,,,,,
Saccharibacillus brassicae,,,,,0.006756756756756757,,,,,,,,,,,,,,,,,,,,,,,,,,
Saccharomonospora azurea,,0.0023752969121140144,0.005128205128205128,,,,,,,,,,,,,,,,,,,,,,,,,,,,
Saccharomonospora cyanea,,0.0023752969121140144,,,,,,,,,,,,,,,,,,,,,,,,,,,,,
Saccharomonospora glauca,,0.007125890736342043,,,,,,0.013513513513513514,,,,,,,,,,,,,,0.0625,,,,,,,,,
Saccharomonospora marina,,,0.005128205128205128,0.011111111111111112,,,,,,,,,,,,,,,,,,,,,,,,,,,
Saccharomonospora viridis,,0.004750593824228029,,,,,,0.013513513513513514,0.030303030303030304,,,,,,,,,,,,,,,,,,,,,,
Saccharomyces cerevisiae,,0.10451306413301663,0.020512820512820513,0.005555555555555556,,0.036036036036036036,0.041666666666666664,,0.045454545454545456,,,,,0.02702702702702703,,,,,,,,,,,,,,,,,0.08333333333333333
Saccharomyces eubayanus,,,,,,0.009009009009009009,,,,,,,,,,,,,,,,,,,,,,,,,
Saccharomyces paradoxus,,,,,,0.009009009009009009,,,,,,,,,,,,,,,,,,,,,,,,,
Saccharopolyspora erythraea,0.009202453987730062,0.014251781472684086,0.020512820512820513,0.016666666666666666,,0.009009009009009009,,,,,,,,,,,,,,,,0.0625,,,,,,,,,
Saccharopolyspora sp. ASAGF58,0.003067484662576687,0.0023752969121140144,0.015384615384615385,,,,,,,,,,,,,,,,,,,0.0625,,,,,,,,,
Saccharopolyspora sp. E2A,0.003067484662576687,,0.010256410256410256,,,,,,,,,,,,,,,,,,,,,,,,,,,,
Saccharothrix espanaensis,0.007668711656441718,0.009501187648456057,0.005128205128205128,0.016666666666666666,,,,0.013513513513513514,,,0.038461538461538464,,,,,,,,,,,0.125,,,,,,,,,
Saccharothrix syringae,0.03987730061349693,0.10688836104513064,0.020512820512820513,0.06666666666666667,,0.02702702702702703,,0.10810810810810811,0.09090909090909091,0.016666666666666666,0.2692307692307692,,,0.02702702702702703,,,,,,,,0.5625,,,0.21428571428571427,0.14285714285714285,0.2857142857142857,0.14285714285714285,0.07692307692307693,,
Sagittula sp. P11,0.03374233128834356,0.004750593824228029,,,0.006756756756756757,,,0.02702702702702703,,,,,,,,,,,,,,,,,,,,,,,
Salegentibacter sp. T436,,0.0023752969121140144,,,,,,,,,,,,,,,,,,,,,,,,,,,,,
Salicibibacter halophilus,0.0015337423312883436,,0.010256410256410256,,,,,0.013513513513513514,,,,,,,,,,,,,,,,,,,,,,,
Salinibacter ruber,0.013803680981595092,,,,,,,,,,,,,,,,,,,,,,,,,,,,,,
Salinibacterium sp. CGMCC 1.16371,,0.0023752969121140144,,,,,,,,,,,,,,,,,,,,,,,,,,,,,
Salinibacterium sp. dk2585,,0.0023752969121140144,,,0.006756756756756757,,,,,,,,,,,,,,,,,,,,,,,,,,
Salinicoccus halodurans,,0.021377672209026127,0.020512820512820513,,,,,,0.015151515151515152,,,,,,,,,,,,,,,,,,,,,,
Salinicola tamaricis,,,,0.022222222222222223,0.006756756756756757,,,0.02702702702702703,,,0.038461538461538464,,,,,,,,,,,,,,,,,,,,
Salinimonas sediminis,0.0015337423312883436,,,,,,,,,,,,,,,,,,,,,,,,,,,,,,
Salinimonas sp. KX18D6,0.004601226993865031,,,,,,,,,,,,,,,,,,,,,,,,,,,,,,
Salinisphaera sp. LB1,0.003067484662576687,,,,,,,,,,,,,,,,,,,,,,,,,,,,,,
Salipiger profundus,0.03680981595092025,0.0023752969121140144,,,0.006756756756756757,,,0.013513513513513514,,,,,,,,,,,,,,,,,,,,,,,
Salmonella bongori,,,0.005128205128205128,,,,,,,,,,,,,,,,,,,,,,,,,,,,
Salmonella enterica,,0.4180522565320665,0.06666666666666667,0.03333333333333333,0.0472972972972973,0.02702702702702703,0.65625,0.02702702702702703,0.015151515151515152,0.03333333333333333,0.07692307692307693,0.21568627450980393,,0.02702702702702703,,0.11764705882352941,0.47058823529411764,0.5,,,,,,0.06666666666666667,,0.07142857142857142,0.14285714285714285,,,0.07692307692307693,
Sandaracinus amylolyticus,0.02607361963190184,0.0023752969121140144,,0.011111111111111112,,,,0.02702702702702703,,0.016666666666666666,0.019230769230769232,,,,,,,,,,,,,,,0.07142857142857142,0.07142857142857142,0.14285714285714285,,,
Sanguibacter keddieii,0.003067484662576687,0.16152019002375298,,0.03888888888888889,0.02027027027027027,0.05405405405405406,0.010416666666666666,0.04054054054054054,,,0.019230769230769232,,0.11627906976744186,0.05405405405405406,0.05555555555555555,0.4117647058823529,,0.125,,0.125,,0.75,0.1875,0.06666666666666667,,,,,0.15384615384615385,0.07692307692307693,
Sanguibacter sp. HDW7,,0.021377672209026127,0.010256410256410256,,0.006756756756756757,0.018018018018018018,,,,,,,,,,0.058823529411764705,0.058823529411764705,,,,,,0.0625,,,,,,,,
Schaalia cardiffensis,,,,0.011111111111111112,,,,,,,,,0.023255813953488372,,,,,,,,,,,,,,,,,,
Schaalia meyeri,0.0015337423312883436,0.007125890736342043,,0.03333333333333333,0.013513513513513514,0.009009009009009009,0.020833333333333332,0.06756756756756757,,,,,0.06976744186046512,,,,,,,0.0625,,,0.0625,,,,0.07142857142857142,,,,
Schaalia odontolytica,0.11042944785276074,0.29453681710213775,0.1282051282051282,0.4222222222222222,0.6148648648648649,0.5765765765765766,0.14583333333333334,0.4189189189189189,0.2878787878787879,0.08333333333333333,0.3076923076923077,,0.5581395348837209,0.32432432432432434,0.5,0.23529411764705882,,,0.875,0.5625,0.5,0.0625,0.8125,0.6,0.42857142857142855,0.21428571428571427,0.42857142857142855,0.14285714285714285,0.46153846153846156,0.07692307692307693,0.75
Scheffersomyces stipitis,,0.0023752969121140144,,0.016666666666666666,,0.018018018018018018,,0.013513513513513514,,,,,,,0.027777777777777776,,,,,,,,,,,,,,,,
Schizosaccharomyces pombe,0.003067484662576687,,,,0.006756756756756757,0.09009009009009009,,0.02702702702702703,,,0.019230769230769232,0.0196078431372549,,0.2702702702702703,,,,,,,,,,,,,,,,,
Scytonema sp. HK-05,0.049079754601226995,,0.010256410256410256,0.08888888888888889,,0.10810810810810811,,0.02702702702702703,0.015151515151515152,,,,,0.21621621621621623,,,,,,,,,,,,,,,,,
Scytonema sp. NIES-4073,0.05214723926380368,,0.010256410256410256,0.08333333333333333,,0.10810810810810811,,0.013513513513513514,0.015151515151515152,,,,,,,,,,,,,,,,0.07142857142857142,,,,,,
Sebaldella termitidis,,,0.005128205128205128,,,,,,,,,,,,,,,,,,,,,,,,,,,,
Selenomonas sp. oral taxon 126,0.0015337423312883436,,,0.005555555555555556,,,,,,,,,0.023255813953488372,,,,,,,,,,,,,,,,,,
Selenomonas sp. oral taxon 136,,,,0.005555555555555556,,,,,,,,,,,,,,,,,,,,,,,,,,,
Selenomonas sp. oral taxon 478,,,,0.005555555555555556,,,,,,,,,,,,,,,,,,,,,,,,,,,
Selenomonas sp. oral taxon 920,0.0015337423312883436,,,0.005555555555555556,,,,,,,,,0.023255813953488372,,,,,,,,,,,,,,,,,,
Selenomonas sputigena,0.0015337423312883436,0.0023752969121140144,,0.011111111111111112,,,0.010416666666666666,0.013513513513513514,,,0.019230769230769232,,,,,,,,,,,,,,,,,,,,
Serinicoccus chungangensis,0.1196319018404908,0.1543942992874109,0.48717948717948717,0.05555555555555555,0.006756756756756757,0.018018018018018018,0.020833333333333332,0.04054054054054054,0.09090909090909091,,0.057692307692307696,,0.09302325581395349,0.05405405405405406,,0.4117647058823529,,,,0.125,0.0625,0.0625,0.125,0.13333333333333333,,,0.07142857142857142,0.5,,,
Serinicoccus marinus,0.11196319018404909,0.03800475059382423,0.38461538461538464,0.027777777777777776,,,,0.02702702702702703,0.030303030303030304,,0.019230769230769232,,0.023255813953488372,0.02702702702702703,,0.23529411764705882,,,,0.0625,,,,0.13333333333333333,,,,0.42857142857142855,,,
Serinicoccus profundi,0.22085889570552147,0.48693586698337293,0.4461538461538462,0.17222222222222222,0.12162162162162163,0.018018018018018018,0.15625,0.1891891891891892,0.12121212121212122,0.05,0.21153846153846154,,0.3953488372093023,0.05405405405405406,0.1388888888888889,0.7647058823529411,,,0.5625,0.6875,0.75,0.0625,0.1875,0.26666666666666666,0.07142857142857142,,0.2857142857142857,0.8571428571428571,,,
Serinicoccus sp. JLT9,0.09662576687116564,0.0831353919239905,0.3435897435897436,0.03333333333333333,0.006756756756756757,0.018018018018018018,0.010416666666666666,0.02702702702702703,0.06060606060606061,,0.038461538461538464,,0.06976744186046512,0.05405405405405406,,0.29411764705882354,,,,0.125,,0.0625,,0.13333333333333333,,,0.07142857142857142,0.5714285714285714,,,
Serinicoccus sp. W204,0.03680981595092025,0.12114014251781473,0.36923076923076925,0.07777777777777778,,,,0.0945945945945946,0.06060606060606061,,0.09615384615384616,,0.18604651162790697,0.13513513513513514,,0.29411764705882354,,,0.0625,0.0625,,0.0625,0.125,0.06666666666666667,,,,0.35714285714285715,,,
Serpentinomonas mccroryi,0.003067484662576687,,,0.005555555555555556,,,,,0.015151515151515152,,0.019230769230769232,,,,,,,,,,,,,0.06666666666666667,,,0.07142857142857142,,,,
Serratia fonticola,,0.007125890736342043,0.010256410256410256,,0.006756756756756757,0.009009009009009009,,,,,,,,,,,,,,,,,,,,,,,,,
Serratia liquefaciens,,0.0023752969121140144,0.005128205128205128,0.005555555555555556,0.006756756756756757,0.018018018018018018,,,,,,,,,,,,,0.0625,,,,,,,,,,,,
Serratia marcescens,0.018404907975460124,0.023752969121140142,0.035897435897435895,0.011111111111111112,0.06756756756756757,0.02702702702702703,,0.013513513513513514,0.030303030303030304,,0.057692307692307696,0.058823529411764705,,,0.027777777777777776,,0.058823529411764705,0.125,0.0625,,,0.0625,,,,,,,,0.07692307692307693,
Serratia odorifera,0.0015337423312883436,,,,0.013513513513513514,0.018018018018018018,,,,,,0.0196078431372549,,,,,,,,,,,,,0.07142857142857142,,,,,,
Serratia plymuthica,0.003067484662576687,0.004750593824228029,0.010256410256410256,0.011111111111111112,0.006756756756756757,0.009009009009009009,,,,0.016666666666666666,,0.0392156862745098,,,,,,0.0625,0.0625,,,,0.0625,,,,,,,0.07692307692307693,
Serratia proteamaculans,,0.007125890736342043,,0.005555555555555556,,,,,,,,,,,,,,,0.0625,,,,,,,,,,,,
Serratia quinivorans,,,,,,,,,,,,,,,,,,,0.0625,,,,,,,,,,,,
Serratia rubidaea,,,,,0.006756756756756757,,,,,,,0.0196078431372549,,0.02702702702702703,,,,,,0.0625,,,,,,,,,,,
Serratia sp. 3ACOL1,,,,,,,0.19791666666666666,,,,,,,,,,,,,,,,,,,,,,,,
Serratia sp. FGI94,,,,,0.006756756756756757,,,,,,,,,,,,,,,,,,,,,,,,,,
Serratia sp. KUDC3025,,,,,0.006756756756756757,,,,,,,,,,,,,,,,,,,,,,,,,,
Serratia sp. P2ACOL2,,0.0023752969121140144,,0.005555555555555556,,,,,,,,,,,,,,,,,,,,,,,,,,,
Serratia symbiotica,,0.011876484560570071,,,,0.018018018018018018,0.010416666666666666,,,,,,,,,,,,0.0625,,0.0625,,,,,,,,,,
Shewanella algae,0.010736196319018405,,,,,,,,,,,,,,,,,,,,,,,,,,,,,,
Shewanella baltica,0.006134969325153374,,,,0.07432432432432433,0.009009009009009009,0.010416666666666666,,0.5909090909090909,,,,,0.5945945945945946,,,,,,,,0.0625,,,,,,,,,
Shewanella benthica,,,,,,,,,,,,,,0.10810810810810811,,,,,,,,,,,,,,,,,
Shewanella bicestrii,0.007668711656441718,,0.015384615384615385,,,,0.010416666666666666,,,,,,,,,,,,,,,,,,,,,,,,
Shewanella chilikensis,0.006134969325153374,,,,,,,,,,,,,,,,,,,,,,,,,,,,,,
Shewanella decolorationis,,,0.005128205128205128,,0.006756756756756757,,0.010416666666666666,,,,,,,,,,,,,,0.0625,,,0.06666666666666667,,,,,,,
Shewanella marisflavi,0.0015337423312883436,,,,,,,,,,,,,,,,,,,,,,,,,,,,,,
Shewanella oneidensis,,,0.005128205128205128,,0.006756756756756757,,,,,,,,,,,,,,,,0.0625,,,0.06666666666666667,,,,,,,
Shewanella putrefaciens,0.007668711656441718,,0.010256410256410256,,0.013513513513513514,0.009009009009009009,0.010416666666666666,,0.015151515151515152,,,,,0.2702702702702703,,0.058823529411764705,,,,,0.0625,,,,,,,,,,
Shewanella sp. ANA-3,0.004601226993865031,,0.010256410256410256,,0.006756756756756757,,0.010416666666666666,,,,,,,,,,,,,,0.0625,,,0.06666666666666667,,,,,,,
Shewanella sp. FDAARGOS_354,,0.007125890736342043,0.010256410256410256,0.011111111111111112,0.013513513513513514,0.07207207207207207,0.07291666666666667,,0.015151515151515152,,,,0.046511627906976744,0.02702702702702703,,0.058823529411764705,,,,,0.125,,,0.06666666666666667,,,,,,,
Shewanella sp. MR-4,0.007668711656441718,,0.005128205128205128,,,,,,,,,,,,,,,,,,,,,,,,,,,,
Shewanella sp. MR-7,0.007668711656441718,,0.005128205128205128,,,,,,,,,,,,,,,,,,,,,,,,,,,,
Shewanella sp. Pdp11,,,,,,,,,,,,,,0.24324324324324326,,,,,,,,,,,,,,,,,
Shewanella sp. W3-18-1,,,,,0.006756756756756757,,,,,,,,,,,,,,,,,,,,,,,,,,
Shewanella sp. WE21,,,,0.005555555555555556,0.060810810810810814,0.009009009009009009,,,0.5151515151515151,,,,,0.5675675675675675,,,,,,,0.0625,0.0625,,,,0.07142857142857142,,,,,
Shigella dysenteriae,,,,0.005555555555555556,,,,,,,,,,,,,,,,,,,,,,,,,,,
Shimwellia blattae,,,0.010256410256410256,,,,,,,,,,,,,,0.11764705882352941,,,,,,,,,,,,,,
Shinella sp. HZN7,0.010736196319018405,0.021377672209026127,0.010256410256410256,0.011111111111111112,0.006756756756756757,,,0.04054054054054054,0.06060606060606061,,,0.0392156862745098,,,,,,,,,,,0.125,0.06666666666666667,,,,,,0.07692307692307693,
Silicimonas algicola,0.03374233128834356,0.0023752969121140144,,,0.006756756756756757,,,,,,,,,,,,,,,,,,,,,,,,,,
Simkania negevensis,,,0.005128205128205128,,,,,,,,,,,,,,,,,,,,,,,,,,,,
Simonsiella muelleri,,,,0.005555555555555556,,,,,,,,,,,,,,,,,,,,,,,,,,,
Simplicispira suum,,,0.010256410256410256,,0.013513513513513514,,,,,,,,,,,,,,,,,,,,,,,,,,
Singulisphaera acidiphila,0.0015337423312883436,,,,,,,,,,,,,,,,,,,,,,,,,0.07142857142857142,,,,,
Sinomonas atrocyanea,,0.17577197149643706,,0.03888888888888889,0.013513513513513514,0.036036036036036036,,0.05405405405405406,,,0.21153846153846154,,,,,0.058823529411764705,,,,,,0.3125,,,,,,0.21428571428571427,,,
Sinorhizobium americanum,,,,,,,,,,,,,,,,,,,,,,,,,,,,,,0.07692307692307693,
Sinorhizobium fredii,0.018404907975460124,,,0.011111111111111112,,,,,,,,0.0196078431372549,,,,,,,,,,,,0.06666666666666667,,0.07142857142857142,,0.14285714285714285,,0.15384615384615385,
Sinorhizobium meliloti,0.0015337423312883436,0.0023752969121140144,,,,,,,,,,,,,,,,,,,,,,,,,,,,0.15384615384615385,
Sinorhizobium sp. M14,,0.0023752969121140144,,,,,,,,,,,,,,,,,,,,,,,,,,,,,
Sinorhizobium sp. RAC02,0.004601226993865031,,,,0.006756756756756757,,0.041666666666666664,,0.015151515151515152,,,0.0196078431372549,,,,,,,,,,,,,,,,,,0.07692307692307693,
Skermanella pratensis,0.21319018404907975,0.34441805225653205,0.11794871794871795,0.19444444444444445,0.16216216216216217,0.10810810810810811,0.052083333333333336,0.21621621621621623,0.5151515151515151,0.11666666666666667,0.28846153846153844,,0.09302325581395349,0.08108108108108109,,0.17647058823529413,,,0.625,0.375,0.5625,1.0,0.0625,0.13333333333333333,0.42857142857142855,,0.6428571428571429,0.35714285714285715,0.3076923076923077,,0.08333333333333333
Sneathia amnii,,0.0023752969121140144,,,,0.009009009009009009,0.010416666666666666,,,,,,,,0.027777777777777776,,,,,,,,0.0625,,,,,,,,
Snodgrassella alvi,,,,,,,,,,,,,,,0.027777777777777776,,,,,,,,,,,,,,,,
Solibacillus silvestris,,0.0166270783847981,0.041025641025641026,,0.006756756756756757,0.009009009009009009,,,0.09090909090909091,,,0.058823529411764705,,,,,0.11764705882352941,,,,,0.0625,,,,,,,,0.07692307692307693,
Solibacillus sp. R5-41,,,0.010256410256410256,,,,,,,,,,,,,,,,,,,,,,,,,,,0.07692307692307693,
Solimonas sp. K1W22B-7,0.027607361963190184,,0.015384615384615385,,,,,,,0.016666666666666666,,,,,,,,,0.0625,,,,,,,,0.07142857142857142,,,,
Sorangium cellulosum,0.34049079754601225,0.38954869358669836,0.5538461538461539,0.48333333333333334,0.17567567567567569,0.34234234234234234,,0.581081081081081,0.42424242424242425,0.16666666666666666,0.6538461538461539,,0.5116279069767442,0.2702702702702703,0.5,0.35294117647058826,,,0.5,0.8125,0.5625,1.0,0.25,0.3333333333333333,0.7857142857142857,0.35714285714285715,0.8571428571428571,0.5,0.6923076923076923,,0.4166666666666667
Sphaerospermopsis kisseleviana,0.010736196319018405,,,,,,,,,,,,,,,,,,,,,,,0.06666666666666667,,,,,,,
Sphaerotilus natans,0.2392638036809816,0.0023752969121140144,0.03076923076923077,0.2388888888888889,0.02702702702702703,,,0.13513513513513514,0.07575757575757576,0.03333333333333333,0.07692307692307693,,0.023255813953488372,0.05405405405405406,,,,,,0.0625,,,,0.06666666666666667,,0.6428571428571429,0.21428571428571427,0.14285714285714285,0.5384615384615384,,0.4166666666666667
Sphingobacteriaceae bacterium GW460-11-11-14-LB5,0.003067484662576687,,,,,,,,,,,,,,,,,,,,,,,,,,,,,0.07692307692307693,
Sphingobacterium daejeonense,,0.19239904988123516,0.02564102564102564,0.005555555555555556,0.006756756756756757,0.009009009009009009,0.010416666666666666,,0.015151515151515152,,0.019230769230769232,0.058823529411764705,,0.35135135135135137,0.2777777777777778,,,,,,,,,,,,,,,,
Sphingobacterium hotanense,0.0015337423312883436,0.009501187648456057,0.041025641025641026,,,,,,0.015151515151515152,,,0.0196078431372549,,,,,0.058823529411764705,,,,,,,,,,,,,,
Sphingobacterium lactis,,0.007125890736342043,,,,,0.010416666666666666,,,,,,,,0.027777777777777776,,,,,,,,,,,,,,,,
Sphingobacterium mizutaii,,0.021377672209026127,0.02564102564102564,0.005555555555555556,0.006756756756756757,,0.010416666666666666,0.013513513513513514,,,,,,,0.027777777777777776,,0.058823529411764705,,,,,,,,,,,,,,
Sphingobacterium psychroaquaticum,,0.0023752969121140144,,,,,,,,,,,,,,,,,,,,,,,,,,,,,
Sphingobacterium sp. 21,,,0.010256410256410256,,,,,,,,,,,0.02702702702702703,,,,,,,,,,,,,,,,,
Sphingobacterium sp. B29,,0.004750593824228029,0.03076923076923077,,0.006756756756756757,,,,,,,0.0392156862745098,,,,,0.11764705882352941,,,,,,,,,,,,,,
Sphingobacterium sp. CZ-2,0.04447852760736196,0.004750593824228029,0.005128205128205128,,0.006756756756756757,,,,0.015151515151515152,,,,,,,,,,,,,,,,,,,,,,
Sphingobacterium sp. DR205,,0.004750593824228029,0.010256410256410256,,,,0.010416666666666666,,,,,0.0196078431372549,,,,,0.17647058823529413,,,,,,,,,,,,,,
Sphingobacterium sp. G1-14,,0.011876484560570071,0.035897435897435895,,0.006756756756756757,0.018018018018018018,0.010416666666666666,,,,,0.058823529411764705,,,0.027777777777777776,,0.11764705882352941,,,,,,,,,,,,,,
Sphingobacterium sp. ML3W,,0.030878859857482184,,,,0.009009009009009009,,,,,,,,,,0.058823529411764705,,,,,,,,,,,,,,,
Sphingobacterium sp. dk4302,,0.0023752969121140144,0.010256410256410256,,,,,,,,,,,,,,,,,,,,,,,,,,,,
Sphingobacterium thalpophilum,,0.004750593824228029,0.046153846153846156,0.005555555555555556,,,,0.013513513513513514,,,,,,,,,,,,,,,,,,,,,,,
Sphingobium amiense,0.06134969325153374,,0.010256410256410256,0.016666666666666666,,,,0.02702702702702703,,,0.038461538461538464,0.0392156862745098,,,,,,,,,,,,,,,,,,,
Sphingobium baderi,0.006134969325153374,,,0.005555555555555556,,,,,,,,0.0392156862745098,,,,,,,,,,,,,,,,,,,
Sphingobium chlorophenolicum,,,,,,,,,,,,0.0392156862745098,,,,,,,,,,,,,,,,,,,
Sphingobium cloacae,0.10276073619631902,,0.05128205128205128,0.15555555555555556,,0.018018018018018018,0.010416666666666666,0.05405405405405406,,0.016666666666666666,0.057692307692307696,0.058823529411764705,,,,,,,,,0.125,,,0.06666666666666667,,,0.14285714285714285,0.14285714285714285,,,
Sphingobium herbicidovorans,,,,,,,,,,,,0.0196078431372549,,,,,,,,,,,0.0625,,,,,,,,
Sphingobium hydrophobicum,0.024539877300613498,,0.010256410256410256,0.005555555555555556,,,,0.013513513513513514,,,0.038461538461538464,0.0392156862745098,,,0.027777777777777776,,,,,,,,,,,,,,,,
Sphingobium sp. CAP-1,0.029141104294478526,,,0.005555555555555556,,,,0.013513513513513514,,,0.038461538461538464,0.0392156862745098,,,,,,,,,,,,,,,,,,,0.08333333333333333
Sphingobium sp. EP60837,,,,,,,,,,,,0.0392156862745098,,,,,,,,,,,0.0625,,,,,,,,
Sphingobium sp. LF-16,0.0015337423312883436,,,,,,,,,,,0.0196078431372549,,,,,,,,,,,,,,,,,,,
Sphingobium sp. MI1205,,,,,,,,,,,,0.0392156862745098,,,,,,,,,,,0.0625,,,,,,,,
Sphingobium sp. PAMC28499,0.03067484662576687,0.019002375296912115,0.005128205128205128,0.016666666666666666,,,0.010416666666666666,0.05405405405405406,0.030303030303030304,,,0.058823529411764705,,,0.027777777777777776,,,,,,,,,0.06666666666666667,,,,,,,
Sphingobium sp. RAC03,0.032208588957055216,,,0.011111111111111112,,,,0.02702702702702703,,,0.057692307692307696,0.0392156862745098,,,0.05555555555555555,,,,,,,,0.125,0.06666666666666667,,,,,0.23076923076923078,0.07692307692307693,
Sphingobium sp. RSMS,,,,,,,,,,,,0.0196078431372549,,,,,,,,,,,,,,,,,,,
Sphingobium sp. SCG-1,0.009202453987730062,,,0.005555555555555556,,,,,,,0.019230769230769232,0.0196078431372549,,,,,,,,,,,,,,,,,,,
Sphingobium sp. SYK-6,0.05368098159509203,,,0.027777777777777776,,,,0.013513513513513514,,,0.019230769230769232,0.0196078431372549,,,,,,,,,,,,,,,,,,,
Sphingobium sp. TKS,0.012269938650306749,,,0.005555555555555556,,,,,,,,0.0392156862745098,,,,,,,,,,,,,,,,,,,
Sphingobium sp. YBL2,,,,,,,,,,,,0.0392156862745098,,,,,,,,,,,,,,,,,,,
Sphingobium sp. YG1,0.0736196319018405,0.0023752969121140144,0.02564102564102564,0.016666666666666666,0.006756756756756757,0.036036036036036036,,0.013513513513513514,,,0.07692307692307693,0.058823529411764705,,,0.027777777777777776,,,,,,,,,0.06666666666666667,0.07142857142857142,,,,,0.07692307692307693,0.08333333333333333
Sphingobium yanoikuyae,0.29754601226993865,0.0997624703087886,0.14871794871794872,0.28888888888888886,0.20270270270270271,0.08108108108108109,0.07291666666666667,0.3108108108108108,0.19696969696969696,0.16666666666666666,0.3269230769230769,0.0784313725490196,0.046511627906976744,0.10810810810810811,0.1111111111111111,0.058823529411764705,0.17647058823529413,,0.6875,0.5,0.4375,,0.1875,0.2,0.35714285714285715,0.21428571428571427,0.7142857142857143,0.14285714285714285,0.15384615384615385,0.15384615384615385,0.16666666666666666
Sphingomonas ginsengisoli An et al. 2013,0.17638036809815952,0.3681710213776722,0.3435897435897436,0.4222222222222222,0.12837837837837837,0.15315315315315314,0.010416666666666666,0.40540540540540543,0.030303030303030304,0.2,0.5192307692307693,0.0196078431372549,0.5813953488372093,0.10810810810810811,0.4166666666666667,0.17647058823529413,,,0.5625,0.9375,0.5,1.0,0.25,0.13333333333333333,0.7857142857142857,0.14285714285714285,0.6428571428571429,0.6428571428571429,0.5384615384615384,0.07692307692307693,
Sphingomonas hengshuiensis,0.2361963190184049,0.17339667458432304,0.08205128205128205,0.3,0.04054054054054054,0.2072072072072072,,0.24324324324324326,,0.1,0.5192307692307693,0.0196078431372549,0.3023255813953488,,0.1111111111111111,0.058823529411764705,0.058823529411764705,,0.25,0.5625,0.25,0.375,,0.06666666666666667,0.42857142857142855,0.14285714285714285,0.35714285714285715,0.14285714285714285,0.3076923076923077,0.07692307692307693,
Sphingomonas indica,0.1303680981595092,0.04275534441805225,0.07179487179487179,0.21666666666666667,,0.06306306306306306,,0.20270270270270271,0.015151515151515152,0.05,0.38461538461538464,0.0196078431372549,0.09302325581395349,,0.027777777777777776,,,,0.0625,0.375,0.25,,,0.06666666666666667,0.14285714285714285,0.07142857142857142,0.35714285714285715,0.14285714285714285,0.07692307692307693,0.07692307692307693,
Sphingomonas insulae,0.3236196319018405,0.342042755344418,0.13333333333333333,0.37222222222222223,0.3581081081081081,0.3333333333333333,0.010416666666666666,0.3783783783783784,,0.15,0.5769230769230769,0.0392156862745098,0.5116279069767442,,0.2222222222222222,0.058823529411764705,0.058823529411764705,0.125,0.5625,0.875,0.4375,0.9375,,0.13333333333333333,0.7857142857142857,0.21428571428571427,0.42857142857142855,0.14285714285714285,0.5384615384615384,0.07692307692307693,
Sphingomonas koreensis,0.24233128834355827,0.06175771971496437,0.06153846153846154,0.2833333333333333,0.02702702702702703,0.16216216216216217,0.125,0.24324324324324326,0.015151515151515152,0.1,0.4423076923076923,0.0196078431372549,0.09302325581395349,,,,0.058823529411764705,,0.125,0.5,0.1875,0.125,,,0.14285714285714285,0.14285714285714285,0.35714285714285715,0.14285714285714285,0.07692307692307693,0.07692307692307693,
Sphingomonas melonis,0.4493865030674847,0.10926365795724466,0.10256410256410256,0.4,0.18243243243243243,0.17117117117117117,0.020833333333333332,0.3783783783783784,0.015151515151515152,0.15,0.5769230769230769,0.0392156862745098,0.09302325581395349,,,0.058823529411764705,,0.0625,0.1875,0.5625,0.25,0.1875,,0.06666666666666667,0.7857142857142857,0.21428571428571427,0.35714285714285715,0.14285714285714285,0.07692307692307693,0.07692307692307693,0.08333333333333333
Sphingomonas panacis,0.2684049079754601,0.20665083135391923,0.07692307692307693,0.31666666666666665,0.060810810810810814,0.25225225225225223,,0.32432432432432434,,0.1,0.5576923076923077,0.0196078431372549,0.32558139534883723,,0.1111111111111111,,0.058823529411764705,,0.375,0.75,0.25,0.4375,,0.06666666666666667,0.5714285714285714,0.21428571428571427,0.35714285714285715,0.14285714285714285,0.46153846153846156,0.07692307692307693,0.08333333333333333
Sphingomonas paucimobilis,0.23159509202453987,0.0997624703087886,0.13333333333333333,0.3111111111111111,0.06756756756756757,0.1891891891891892,,0.33783783783783783,,0.1,0.5384615384615384,0.0392156862745098,0.046511627906976744,,,,0.11764705882352941,,0.1875,0.5,0.25,0.25,,0.06666666666666667,0.14285714285714285,0.21428571428571427,0.35714285714285715,0.14285714285714285,0.07692307692307693,0.07692307692307693,
Sphingomonas sanxanigenens,0.20245398773006135,0.10688836104513064,0.05128205128205128,0.2833333333333333,0.02702702702702703,0.16216216216216217,,0.2702702702702703,0.015151515151515152,0.08333333333333333,0.4807692307692308,0.0392156862745098,0.18604651162790697,,0.05555555555555555,,,,0.125,0.5625,0.25,0.1875,,0.06666666666666667,0.35714285714285715,0.14285714285714285,0.42857142857142855,0.14285714285714285,0.15384615384615385,0.07692307692307693,
Sphingomonas sp. AAP5,0.5858895705521472,0.44418052256532065,0.16923076923076924,0.6055555555555555,0.3918918918918919,0.36036036036036034,0.010416666666666666,0.6081081081081081,0.030303030303030304,0.35,0.6730769230769231,0.0392156862745098,0.7441860465116279,0.16216216216216217,0.4444444444444444,0.11764705882352941,0.058823529411764705,0.0625,0.75,1.0,0.5625,0.9375,0.1875,0.4,0.7857142857142857,0.7857142857142857,0.6428571428571429,0.14285714285714285,0.8461538461538461,0.07692307692307693,0.6666666666666666
Sphingomonas sp. AE3,0.03680981595092025,0.007125890736342043,0.035897435897435895,0.06111111111111111,,,,0.05405405405405406,,0.03333333333333333,0.019230769230769232,0.0196078431372549,0.11627906976744186,,0.027777777777777776,,,,,0.1875,,,0.0625,,0.07142857142857142,,0.07142857142857142,0.14285714285714285,,,
Sphingomonas sp. AP4-R1,0.16411042944785276,0.0332541567695962,0.05641025641025641,0.25555555555555554,0.006756756756756757,0.11711711711711711,,0.21621621621621623,0.015151515151515152,0.08333333333333333,0.46153846153846156,0.0196078431372549,0.06976744186046512,,,,,,0.0625,0.4375,0.1875,0.1875,,,0.14285714285714285,0.14285714285714285,0.2857142857142857,0.2857142857142857,0.07692307692307693,0.07692307692307693,
Sphingomonas sp. C33,0.14877300613496933,0.0332541567695962,0.046153846153846156,0.21666666666666667,0.006756756756756757,0.10810810810810811,,0.1891891891891892,0.015151515151515152,0.05,0.40384615384615385,0.0196078431372549,0.023255813953488372,,,,,,0.0625,0.375,0.1875,0.0625,,,0.07142857142857142,0.07142857142857142,0.35714285714285715,0.14285714285714285,0.07692307692307693,0.07692307692307693,
Sphingomonas sp. C8-2,0.07515337423312883,0.0023752969121140144,0.005128205128205128,0.05555555555555555,,,,0.013513513513513514,0.015151515151515152,0.03333333333333333,0.057692307692307696,0.0196078431372549,,,,,,,,0.125,,,,,,,0.07142857142857142,,,,
Sphingomonas sp. CSW-10,,,,,,,,,,,,0.0196078431372549,,,,,,,,,,,,,,,,,,,
Sphingomonas sp. Cra20,0.18558282208588958,0.0831353919239905,0.035897435897435895,0.26666666666666666,0.02702702702702703,0.14414414414414414,,0.1891891891891892,,0.08333333333333333,0.4230769230769231,0.0196078431372549,0.23255813953488372,,0.1111111111111111,,,,0.1875,0.5,0.1875,0.375,,0.06666666666666667,0.14285714285714285,0.14285714285714285,0.2857142857142857,0.14285714285714285,0.3076923076923077,0.07692307692307693,
Sphingomonas sp. FARSPH,0.4785276073619632,0.35629453681710216,0.19487179487179487,0.4777777777777778,0.28378378378378377,0.32432432432432434,0.020833333333333332,0.527027027027027,,0.16666666666666666,0.5961538461538461,0.0392156862745098,0.46511627906976744,,0.2777777777777778,0.058823529411764705,0.058823529411764705,0.0625,0.6875,0.875,0.5,0.9375,,0.13333333333333333,0.7857142857142857,0.2857142857142857,0.6428571428571429,0.14285714285714285,0.5384615384615384,0.07692307692307693,
Sphingomonas sp. HDW15A,0.03834355828220859,0.0023752969121140144,0.041025641025641026,0.06111111111111111,,,,0.05405405405405406,,0.03333333333333333,0.019230769230769232,0.0196078431372549,0.06976744186046512,,,,,,,0.1875,,,,,,,0.07142857142857142,0.07142857142857142,,,
Sphingomonas sp. HDW15B,0.06441717791411043,0.0166270783847981,0.10256410256410256,0.12777777777777777,,0.009009009009009009,,0.13513513513513514,,0.05,0.09615384615384616,0.0196078431372549,0.11627906976744186,0.02702702702702703,,,,,0.0625,0.125,0.1875,,0.125,,0.21428571428571427,,0.21428571428571427,0.14285714285714285,0.07692307692307693,,
Sphingomonas sp. HDW15C,0.06288343558282208,0.021377672209026127,0.10256410256410256,0.1388888888888889,,0.018018018018018018,,0.12162162162162163,,0.05,0.21153846153846154,0.0196078431372549,0.16279069767441862,0.02702702702702703,0.1111111111111111,,,,0.0625,0.375,0.25,,0.0625,,0.21428571428571427,,0.21428571428571427,0.07142857142857142,0.15384615384615385,,
Sphingomonas sp. HKS19,0.2285276073619632,0.21140142517814728,0.05128205128205128,0.3111111111111111,0.033783783783783786,0.2072072072072072,,0.28378378378378377,,0.1,0.5384615384615384,0.0196078431372549,0.3488372093023256,,0.1111111111111111,,,,0.1875,0.5625,0.25,0.25,,0.06666666666666667,0.42857142857142855,0.21428571428571427,0.42857142857142855,0.14285714285714285,0.3076923076923077,0.07692307692307693,
Sphingomonas sp. IC081,0.11196319018404909,0.004750593824228029,0.03076923076923077,0.06111111111111111,0.013513513513513514,0.04504504504504504,,0.12162162162162163,0.030303030303030304,0.05,0.09615384615384616,0.09803921568627451,,,,,0.11764705882352941,,,,,,,0.06666666666666667,,,,,0.07692307692307693,,
Sphingomonas sp. KC8,0.05368098159509203,,0.005128205128205128,0.027777777777777776,,,,0.013513513513513514,,0.03333333333333333,0.038461538461538464,0.0196078431372549,,,,,,,,0.0625,,,,,,,,,,0.07692307692307693,
Sphingomonas sp. LK11,0.3374233128834356,0.25653206650831356,0.17435897435897435,0.39444444444444443,0.1891891891891892,0.26126126126126126,0.010416666666666666,0.40540540540540543,,0.11666666666666667,0.6153846153846154,0.0392156862745098,0.20930232558139536,,0.1111111111111111,0.058823529411764705,0.11764705882352941,,0.4375,0.8125,0.3125,0.625,,0.06666666666666667,0.8571428571428571,0.21428571428571427,0.5,0.14285714285714285,0.38461538461538464,0.15384615384615385,
Sphingomonas sp. LM7,0.200920245398773,0.1163895486935867,0.05128205128205128,0.29444444444444445,0.02702702702702703,0.17117117117117117,,0.22972972972972974,,0.11666666666666667,0.46153846153846156,0.0196078431372549,0.27906976744186046,,0.08333333333333333,,0.058823529411764705,,0.25,0.5,0.3125,0.4375,,0.06666666666666667,0.14285714285714285,0.14285714285714285,0.2857142857142857,0.14285714285714285,0.3076923076923077,0.07692307692307693,
Sphingomonas sp. LMO-1,0.2607361963190184,0.2684085510688836,0.12307692307692308,0.3888888888888889,0.04054054054054054,0.23423423423423423,0.010416666666666666,0.3918918918918919,0.015151515151515152,0.11666666666666667,0.5769230769230769,0.0196078431372549,0.3488372093023256,,0.1111111111111111,,,,0.375,0.75,0.375,0.6875,,0.06666666666666667,0.5714285714285714,0.21428571428571427,0.5,0.14285714285714285,0.46153846153846156,0.07692307692307693,
Sphingomonas sp. MK52,0.06901840490797546,0.0023752969121140144,0.005128205128205128,0.05,,,,0.013513513513513514,0.015151515151515152,0.03333333333333333,0.038461538461538464,0.0196078431372549,,,,,,,,0.125,,,,,,,,,,0.07692307692307693,
Sphingomonas sp. MM-1,0.1579754601226994,0.021377672209026127,0.06666666666666667,0.22777777777777777,,0.06306306306306306,,0.22972972972972974,0.015151515151515152,0.05,0.38461538461538464,0.0392156862745098,0.023255813953488372,,,,,,0.0625,0.375,0.1875,0.0625,,,,0.14285714285714285,0.35714285714285715,0.14285714285714285,0.07692307692307693,0.07692307692307693,
Sphingomonas sp. NIC1,0.2607361963190184,0.06175771971496437,0.08205128205128205,0.32222222222222224,0.060810810810810814,0.14414414414414414,,0.25675675675675674,,0.1,0.5,0.0392156862745098,0.023255813953488372,,,,,,0.0625,0.5,0.1875,0.1875,,,0.35714285714285715,0.21428571428571427,0.2857142857142857,0.14285714285714285,0.07692307692307693,0.07692307692307693,
Sphingomonas sp. PAMC26645,0.3282208588957055,0.5938242280285035,0.11282051282051282,0.5944444444444444,0.5878378378378378,0.4594594594594595,0.010416666666666666,0.5405405405405406,0.015151515151515152,0.13333333333333333,0.6730769230769231,0.0196078431372549,0.8604651162790697,0.2972972972972973,0.6944444444444444,0.29411764705882354,0.058823529411764705,0.0625,0.8125,1.0,0.5625,1.0,0.1875,0.5333333333333333,0.7857142857142857,0.21428571428571427,0.42857142857142855,0.14285714285714285,0.6923076923076923,0.07692307692307693,0.25
Sphingomonas sp. XS-10,0.22085889570552147,0.057007125890736345,0.041025641025641026,0.2611111111111111,0.013513513513513514,0.13513513513513514,,0.20270270270270271,0.015151515151515152,0.08333333333333333,0.4230769230769231,0.0196078431372549,0.06976744186046512,,0.027777777777777776,,0.058823529411764705,,0.125,0.4375,0.1875,0.125,,,,0.14285714285714285,0.2857142857142857,0.14285714285714285,0.07692307692307693,0.07692307692307693,
Sphingomonas sp. YZ-8,,,,,,,,,,,0.019230769230769232,0.0196078431372549,,,,,,,,,,,,,,,,,,,
Sphingomonas taxi,0.4171779141104294,0.4180522565320665,0.18461538461538463,0.4388888888888889,0.39864864864864863,0.4144144144144144,0.020833333333333332,0.4864864864864865,,0.16666666666666666,0.5961538461538461,0.0392156862745098,0.627906976744186,0.10810810810810811,0.3888888888888889,0.058823529411764705,0.058823529411764705,0.125,0.75,0.9375,0.5,1.0,0.0625,0.2,0.9285714285714286,0.2857142857142857,0.5714285714285714,0.14285714285714285,0.6153846153846154,0.07692307692307693,0.4166666666666667
Sphingomonas wittichii,0.09355828220858896,0.0023752969121140144,0.005128205128205128,0.09444444444444444,,0.02702702702702703,,0.04054054054054054,0.015151515151515152,0.03333333333333333,0.23076923076923078,0.0196078431372549,,,,,,,,0.125,0.0625,,,,,,0.14285714285714285,0.07142857142857142,,,
Sphingopyxis alaskensis,0.01687116564417178,,0.010256410256410256,0.011111111111111112,,,,,0.015151515151515152,,,0.0196078431372549,,,,,,,,,,,,0.06666666666666667,,,,,,,
Sphingopyxis fribergensis,0.04294478527607362,,0.046153846153846156,0.005555555555555556,0.006756756756756757,0.009009009009009009,0.010416666666666666,0.013513513513513514,0.045454545454545456,,,0.0196078431372549,,,0.05555555555555555,,,,,,,,0.0625,0.13333333333333333,,,,,,,
Sphingopyxis granuli,0.003067484662576687,,,,,,,,,,,0.0196078431372549,,,,,,,,,,,,,,,,,,,
Sphingopyxis lindanitolerans,0.027607361963190184,,,0.011111111111111112,,,,,0.015151515151515152,,0.019230769230769232,0.0196078431372549,,,,,,,,,,,,0.06666666666666667,,,,,,,
Sphingopyxis macrogoltabida,0.1687116564417178,0.0023752969121140144,0.08205128205128205,0.14444444444444443,0.013513513513513514,0.036036036036036036,0.03125,0.05405405405405406,0.07575757575757576,0.05,0.2692307692307692,0.0392156862745098,0.06976744186046512,,0.08333333333333333,0.058823529411764705,,,0.0625,0.125,0.1875,,0.0625,0.13333333333333333,0.07142857142857142,,0.14285714285714285,,0.07692307692307693,,
Sphingopyxis sp. 113P3,0.0352760736196319,,,0.016666666666666666,,,,,0.030303030303030304,,,0.0196078431372549,,,,,,,,,,,,,,,,,,,
Sphingopyxis sp. EG6,0.03067484662576687,,0.05128205128205128,0.005555555555555556,,0.009009009009009009,,,0.030303030303030304,0.016666666666666666,,0.0196078431372549,,,0.027777777777777776,,,,,,,,,0.13333333333333333,0.07142857142857142,,,,,,
Sphingopyxis sp. FD7,0.02607361963190184,,0.03076923076923077,0.005555555555555556,,,,,0.015151515151515152,,0.019230769230769232,0.0196078431372549,,,,,,,,,,,,0.06666666666666667,,,,,,,
Sphingopyxis sp. LPB0140,,,,,0.006756756756756757,,,,,,,,,,,,,,,,,,,,,,,,,,
Sphingopyxis sp. PAMC25046,0.0352760736196319,,0.041025641025641026,0.011111111111111112,,,,,0.045454545454545456,,,0.0196078431372549,,,0.05555555555555555,,,,,,,,0.0625,0.06666666666666667,,,,,,,
Sphingopyxis sp. QXT-31,0.07208588957055215,0.0023752969121140144,0.015384615384615385,0.03333333333333333,,,,0.013513513513513514,0.015151515151515152,0.016666666666666666,0.019230769230769232,0.0196078431372549,,,,,,,,0.0625,,,0.0625,0.06666666666666667,,,,,,,
Sphingorhabdus sp. IMCC1753,0.003067484662576687,,0.005128205128205128,,,,,,,,,,,,,,,,,,,,,,,,,,,,
Sphingosinicella microcystinivorans,0.007668711656441718,,,0.005555555555555556,,,,0.013513513513513514,0.015151515151515152,,,0.0196078431372549,,,,,,,,,,,,,,,,,,,
Sphingosinicella sp. BN140058,0.11196319018404909,0.0332541567695962,0.07692307692307693,0.21666666666666667,0.006756756756756757,0.06306306306306306,,0.17567567567567569,0.030303030303030304,0.06666666666666667,0.38461538461538464,0.0196078431372549,0.11627906976744186,0.02702702702702703,0.027777777777777776,,,,0.125,0.375,0.25,0.375,,,0.07142857142857142,0.07142857142857142,0.2857142857142857,0.14285714285714285,0.23076923076923078,0.07692307692307693,
Sphingosinithalassobacter sp. zrk23,0.09355828220858896,,0.005128205128205128,0.044444444444444446,,0.009009009009009009,,0.013513513513513514,,0.03333333333333333,0.057692307692307696,0.0196078431372549,,,,,,,,0.0625,,,,,,,,,,0.07692307692307693,
Spirosoma aerolatum,0.0015337423312883436,,,,,,,,,,,,0.023255813953488372,,,,,,,,,,,,,,,,,,
Spirosoma montaniterrae,0.018404907975460124,,,0.011111111111111112,,0.009009009009009009,,0.02702702702702703,,,,,0.023255813953488372,,,,,,,,,,,,,,0.07142857142857142,,,,
Spirosoma pollinicola,0.004601226993865031,0.011876484560570071,,,,0.036036036036036036,,,,0.016666666666666666,0.019230769230769232,,0.4883720930232558,,,,,,,,0.125,,,,,,0.07142857142857142,,,,
Spirosoma radiotolerans,0.004601226993865031,0.0023752969121140144,,,,0.009009009009009009,,,,,0.019230769230769232,,0.023255813953488372,,,,,,,,,,,,,,0.07142857142857142,,,,
Spirosoma rigui,0.012269938650306749,0.004750593824228029,,0.011111111111111112,0.006756756756756757,0.07207207207207207,,,,,0.07692307692307693,,0.046511627906976744,,,,,,,0.1875,0.1875,0.0625,,,,,0.07142857142857142,,,,0.08333333333333333
Spirosoma sp. CJU-R4,0.03834355828220859,0.0023752969121140144,0.020512820512820513,0.027777777777777776,0.006756756756756757,0.018018018018018018,,0.02702702702702703,,0.016666666666666666,0.019230769230769232,,0.023255813953488372,,,,,,,,0.0625,,,,,,0.07142857142857142,,,,
Spirosoma sp. I-24,,,,,,,0.010416666666666666,,,,,,0.023255813953488372,,,,,,,,,,,,,,,,,,
Spirosoma sp. KCTC 42546,0.0015337423312883436,,,,,0.009009009009009009,,,,0.016666666666666666,,,0.023255813953488372,,,,,,,,,,,,,,0.07142857142857142,,,,
Spirosoma sp. TS118,0.013803680981595092,,,0.011111111111111112,,,,0.02702702702702703,,,0.019230769230769232,,0.023255813953488372,,,,,,,,,,,,,,0.07142857142857142,,,,
Spodoptera littoralis nucleopolyhedrovirus,,,0.005128205128205128,,,,,,,,,,,,,,,,,,,,,,,,,,,,
Sporisorium graminicola,0.023006134969325152,0.047505938242280284,0.2,0.12222222222222222,0.013513513513513514,0.17117117117117117,,0.0945945945945946,0.09090909090909091,,0.09615384615384616,0.0196078431372549,,0.35135135135135137,,,,0.0625,,,,0.5,,,,0.07142857142857142,,,,0.07692307692307693,
Sporomusa termitida,,,,,,,,,,,,0.0196078431372549,,,,,,,,,,,,,,,,,,,
Sporosarcina pasteurii,,,0.005128205128205128,,,,,,,,,,,,,,,,,,,,,,,,,,,,
Sporosarcina psychrophila,,,0.005128205128205128,,,,,,,,,,,,,,,,,,,,,,,,,,,,
Sporosarcina sp. PTS2304,,,0.005128205128205128,,,,,,,,,,,,,,,,,,,,,,,,,,,,
Sporosarcina ureae,,0.0023752969121140144,0.005128205128205128,,,0.009009009009009009,,,,,,,,,,,,,,,,,,,,,,,,,
Sporosarcina ureilytica,,,0.005128205128205128,,,,,,,,,,,,,,,,,,,,,,,,,,,,
Stanieria cyanosphaera,0.03067484662576687,,,,,,,,,,,,,0.13513513513513514,,,,,,,,,,,,,,,,,
Stanieria sp. NIES-3757,0.023006134969325152,,,,,,,,,,,,,,,,,,,,,,,,,,,,,,
Staphylococcus agnetis,,0.0023752969121140144,,,,,,,,,,,,,,,,,,,,,,,,,,,,,
Staphylococcus arlettae,,0.0023752969121140144,0.11282051282051282,,,,,0.013513513513513514,0.030303030303030304,,0.019230769230769232,,,,,,,,,,,,,,,,,0.5,,,
Staphylococcus aureus,0.03834355828220859,0.6603325415676959,0.06153846153846154,0.07777777777777778,0.10135135135135136,0.8288288288288288,0.9895833333333334,0.12162162162162163,0.3181818181818182,0.03333333333333333,0.019230769230769232,,0.23255813953488372,0.4864864864864865,0.4722222222222222,0.47058823529411764,,,0.0625,,0.1875,0.125,,,0.42857142857142855,0.21428571428571427,0.07142857142857142,0.07142857142857142,,0.07692307692307693,
Staphylococcus auricularis,0.0015337423312883436,0.026128266033254157,0.005128205128205128,,0.013513513513513514,0.08108108108108109,0.010416666666666666,,0.015151515151515152,,,,,0.02702702702702703,,,,,,,,,,,,,,,,,
Staphylococcus capitis,0.0736196319018405,0.48693586698337293,0.010256410256410256,0.05555555555555555,0.25675675675675674,0.7927927927927928,0.5416666666666666,0.06756756756756757,0.3181818181818182,0.016666666666666666,0.057692307692307696,,0.06976744186046512,0.5945945945945946,0.8611111111111112,0.29411764705882354,,,0.3125,,0.5625,0.125,0.1875,,0.42857142857142855,0.14285714285714285,,0.07142857142857142,,,0.4166666666666667
Staphylococcus caprae,0.0015337423312883436,0.007125890736342043,,,,0.009009009009009009,,,0.015151515151515152,,,,,0.05405405405405406,,,,,,,,,,,,,,,,,
Staphylococcus cohnii,0.19171779141104295,0.42280285035629456,0.24615384615384617,0.16666666666666666,0.08783783783783784,0.7927927927927928,0.5,0.35135135135135137,0.48484848484848486,0.6666666666666666,0.11538461538461539,0.0196078431372549,0.7441860465116279,0.5135135135135135,0.5555555555555556,0.5294117647058824,,,0.25,0.0625,0.375,0.0625,,0.13333333333333333,0.35714285714285715,0.5,0.07142857142857142,0.35714285714285715,0.15384615384615385,,0.16666666666666666
Staphylococcus condimenti,0.0015337423312883436,0.0023752969121140144,,,,,,,,,,,,,,,,,,,,,,,,,,,,,
Staphylococcus epidermidis,0.08742331288343558,0.7529691211401425,0.09230769230769231,0.26666666666666666,0.27702702702702703,0.9009009009009009,0.8541666666666666,0.24324324324324326,0.7272727272727273,0.03333333333333333,0.15384615384615385,0.13725490196078433,0.5348837209302325,0.8108108108108109,1.0,0.6470588235294118,,,0.6875,0.4375,0.75,0.1875,0.5,0.26666666666666666,0.7857142857142857,0.21428571428571427,,0.21428571428571427,,,0.9166666666666666
Staphylococcus equorum,,0.009501187648456057,0.005128205128205128,,0.006756756756756757,0.24324324324324326,0.020833333333333332,,,,,,,,0.027777777777777776,,,,,,0.0625,,,,,,,,,,
Staphylococcus fleurettii,,,,,,,,,,,,,,,0.027777777777777776,,,,,,,,,,,,,,,,
Staphylococcus haemolyticus,0.0015337423312883436,0.46318289786223277,0.020512820512820513,,0.20945945945945946,0.6576576576576577,0.3645833333333333,0.04054054054054054,0.3181818181818182,,0.057692307692307696,0.0392156862745098,0.046511627906976744,0.5945945945945946,0.7222222222222222,0.17647058823529413,,,0.1875,,0.25,0.125,,,0.07142857142857142,0.07142857142857142,,0.21428571428571427,,,
Staphylococcus hominis,0.03067484662576687,0.6745843230403801,0.07692307692307693,0.21666666666666667,0.2635135135135135,0.8288288288288288,0.7291666666666666,0.17567567567567569,0.8181818181818182,0.016666666666666666,0.19230769230769232,0.13725490196078433,0.5813953488372093,0.5135135135135135,1.0,0.35294117647058826,,,0.9375,0.375,0.875,0.25,0.4375,0.13333333333333333,0.7142857142857143,0.14285714285714285,,0.21428571428571427,,,0.8333333333333334
Staphylococcus kloosii,,,0.005128205128205128,0.005555555555555556,,0.009009009009009009,,,,,,,,,,,,,,,,,,,,,,,,,
Staphylococcus lugdunensis,0.007668711656441718,0.007125890736342043,,,,0.009009009009009009,,,0.015151515151515152,0.016666666666666666,,,,0.3783783783783784,,,,,,,,,,,,,,,,,
Staphylococcus nepalensis,,0.004750593824228029,0.03076923076923077,,,0.018018018018018018,,,0.045454545454545456,,,,,,,,,,,,,,,,0.07142857142857142,,,,,,
Staphylococcus pasteuri,0.0015337423312883436,0.026128266033254157,,0.005555555555555556,0.006756756756756757,0.14414414414414414,,0.013513513513513514,,,,,0.023255813953488372,0.02702702702702703,,,,,,,,,,,,,,,,,
Staphylococcus pettenkoferi,0.004601226993865031,0.019002375296912115,,,0.013513513513513514,0.06306306306306306,0.0625,,,,,,0.023255813953488372,,,,,,,,0.125,,,0.06666666666666667,,,,,,,0.08333333333333333
Staphylococcus phage St 134,,0.0023752969121140144,,,,,,,,,,,,,,,,,,,,,,,,,,,,,
Staphylococcus pseudintermedius,,,,,,0.009009009009009009,0.010416666666666666,,,,,,,,,,,,,,,,,,,,,,,,
Staphylococcus saprophyticus,,0.21852731591448932,0.07179487179487179,0.011111111111111112,0.02702702702702703,0.6216216216216216,0.10416666666666667,0.02702702702702703,0.030303030303030304,,,0.0392156862745098,0.046511627906976744,0.40540540540540543,0.2222222222222222,0.058823529411764705,,,0.0625,,0.0625,,,,0.42857142857142855,0.07142857142857142,,0.21428571428571427,,,0.08333333333333333
Staphylococcus sciuri,,0.0023752969121140144,0.010256410256410256,,,0.018018018018018018,,,0.045454545454545456,,,0.0196078431372549,,,,,,,,,,,,,,,,,,0.07692307692307693,
Staphylococcus simulans,0.009202453987730062,0.12826603325415678,0.03076923076923077,0.005555555555555556,0.013513513513513514,0.18018018018018017,,0.013513513513513514,0.19696969696969696,0.45,,,0.16279069767441862,0.10810810810810811,0.08333333333333333,0.17647058823529413,,,,,,,,,,0.07142857142857142,,,,,
Staphylococcus sp. AntiMn-1,,,0.005128205128205128,,,,,,,,,,,,,,,,,,,,,,,,,,,,
Staphylococcus sp. CDC3,,,,,,,,,,,,0.0196078431372549,,,,,,,,,,,,,,,,,,,
Staphylococcus sp. M0911,0.0015337423312883436,0.040380047505938245,,,,0.018018018018018018,0.020833333333333332,,0.030303030303030304,,,,,0.05405405405405406,0.05555555555555555,,,,0.0625,,,,,,,,,0.07142857142857142,,,
Staphylococcus succinus,,0.004750593824228029,,0.005555555555555556,,0.05405405405405406,,,,,,0.0196078431372549,,,,,,,,,0.0625,,,,,,,,,,
Staphylococcus virus Andhra,,0.0023752969121140144,,,,,,,,,,,,,,,,,,,,,,,,,,,,,
Staphylococcus vitulinus,,0.0023752969121140144,,,,,,,,,,,,,,,,,,,0.0625,,,,,,,,,,
Staphylococcus warneri,0.0015337423312883436,0.0665083135391924,,0.005555555555555556,0.013513513513513514,0.24324324324324326,0.020833333333333332,,0.045454545454545456,,,,,0.13513513513513514,0.08333333333333333,,,,,,,,,,,,,,,,
Staphylococcus xylosus,0.010736196319018405,0.0023752969121140144,0.020512820512820513,,,0.08108108108108109,0.010416666666666666,0.02702702702702703,0.015151515151515152,0.03333333333333333,,0.0196078431372549,,,,,,,,,0.0625,,,,,,,,,0.07692307692307693,
Stappia indica,0.003067484662576687,0.009501187648456057,,,,,,,,,,,,,,,,,,,,,,,,,,,,,
Starkeya novella,0.010736196319018405,0.0023752969121140144,0.005128205128205128,,,0.009009009009009009,,,0.015151515151515152,,,,,,,,,,,,,,,,,,,,,,
Starkeya sp. ORNL1,0.003067484662576687,,,0.005555555555555556,,,,,,,,,,,,,,,,,,,,,,,,,,,
Stella humosa,0.03680981595092025,0.0023752969121140144,,0.05,,0.009009009009009009,,0.04054054054054054,,,0.019230769230769232,,,0.02702702702702703,,,,,,,,,,,,0.07142857142857142,0.14285714285714285,,,,
Stenotrophomonas acidaminiphila,0.08282208588957055,0.04275534441805225,0.19487179487179487,0.022222222222222223,0.060810810810810814,0.05405405405405406,0.09375,0.06756756756756757,0.07575757575757576,,0.038461538461538464,0.11764705882352941,0.023255813953488372,0.02702702702702703,0.1111111111111111,0.11764705882352941,0.058823529411764705,0.4375,0.0625,,,,0.0625,0.2,0.07142857142857142,,0.5714285714285714,0.14285714285714285,0.07692307692307693,0.3076923076923077,
Stenotrophomonas maltophilia,0.6058282208588958,0.7957244655581948,0.7435897435897436,0.7333333333333333,0.8378378378378378,0.6846846846846847,0.375,0.7837837837837838,0.9393939393939394,0.4166666666666667,0.8076923076923077,0.5098039215686274,0.6976744186046512,0.8378378378378378,0.9722222222222222,0.9411764705882353,0.5882352941176471,0.75,1.0,1.0,0.9375,1.0,0.9375,0.8666666666666667,1.0,0.42857142857142855,1.0,0.7857142857142857,1.0,0.46153846153846156,0.8333333333333334
Stenotrophomonas rhizophila,0.049079754601226995,0.30641330166270786,0.1076923076923077,0.05555555555555555,0.24324324324324326,0.32432432432432434,0.09375,0.10810810810810811,0.4090909090909091,,0.09615384615384616,0.43137254901960786,0.32558139534883723,0.08108108108108109,0.9444444444444444,0.9411764705882353,0.17647058823529413,0.8125,0.375,0.0625,,1.0,0.4375,0.4,0.21428571428571427,,0.2857142857142857,,0.23076923076923078,0.38461538461538464,
Stenotrophomonas sp. 364,,0.14014251781472684,0.010256410256410256,,0.05405405405405406,0.018018018018018018,,,,,,0.21568627450980393,0.023255813953488372,,0.2777777777777778,0.29411764705882354,0.058823529411764705,0.75,,,,0.0625,,0.06666666666666667,0.07142857142857142,,,,,0.23076923076923078,
Stenotrophomonas sp. ASS1,0.003067484662576687,0.0023752969121140144,0.005128205128205128,0.016666666666666666,0.006756756756756757,0.009009009009009009,,0.013513513513513514,0.030303030303030304,,0.038461538461538464,0.0392156862745098,,0.08108108108108109,,,,,0.0625,,,,0.0625,,,,,,,0.07692307692307693,
Stenotrophomonas sp. DAIF1,,0.07125890736342043,,,0.013513513513513514,0.009009009009009009,,,,,,,,,,,,0.125,,,,,,,,,,,,,
Stenotrophomonas sp. ESTM1D_MKCIP4_1,0.0015337423312883436,0.026128266033254157,0.05128205128205128,,0.02702702702702703,,,,,,0.019230769230769232,0.11764705882352941,,0.02702702702702703,,,,0.5,,,,,,,,,,,,0.3076923076923077,
Stenotrophomonas sp. G4,,0.052256532066508314,0.005128205128205128,,0.033783783783783786,0.018018018018018018,,,,,0.019230769230769232,0.0392156862745098,,,,0.11764705882352941,,0.25,,,,0.0625,0.0625,,,,,,,0.15384615384615385,
Stenotrophomonas sp. LM091,0.004601226993865031,0.32066508313539194,0.02564102564102564,0.005555555555555556,0.14864864864864866,0.22522522522522523,0.03125,,0.12121212121212122,,0.038461538461538464,0.2549019607843137,0.046511627906976744,0.4594594594594595,0.75,0.7058823529411765,0.11764705882352941,0.8125,,0.125,0.0625,0.625,0.0625,0.2,,,,,0.15384615384615385,0.38461538461538464,
Stenotrophomonas sp. MYb57,,0.0665083135391924,,,0.013513513513513514,0.009009009009009009,,,,,,,,,0.027777777777777776,,,0.125,,,,,,,,,,,,0.07692307692307693,
Stenotrophomonas sp. Pemsol,,,0.041025641025641026,,,,,,,,,0.0196078431372549,,,,,0.17647058823529413,,,,,,,,,,,,,,
Stenotrophomonas sp. SAU14A_NAIMI4_5,,0.028503562945368172,0.1282051282051282,0.005555555555555556,0.033783783783783786,,,,0.015151515151515152,,,0.09803921568627451,,0.02702702702702703,,,0.11764705882352941,0.5,,,,,,,,,,,,0.23076923076923078,
Stenotrophomonas sp. SAU14A_NAIMI4_8,,,0.005128205128205128,,,,,,,,,,,,,,,,,,,,,,,,,,,0.07692307692307693,
Stenotrophomonas sp. WZN-1,,0.004750593824228029,0.015384615384615385,,0.02027027027027027,,,,,,,0.11764705882352941,,,,,,,,,,,,,,,,,,0.15384615384615385,
Stenotrophomonas sp. YAU14A_MKIMI4_1,,,0.005128205128205128,,,,,,,,,,,,,,,,,,,,,,,,,,,,
Stenotrophomonas sp. YAU14D1_LEIMI4_1,0.0015337423312883436,0.0023752969121140144,0.03076923076923077,,0.02027027027027027,,,,,,,0.0196078431372549,,,,,,0.125,,,,,,,,,,,,0.15384615384615385,
Stenotrophomonas sp. ZAC14A_NAIMI4_1,,0.004750593824228029,0.015384615384615385,,0.013513513513513514,,,,,,,0.0392156862745098,,,,,,0.1875,,,,,,,,,,,,0.15384615384615385,
Stenotrophomonas sp. ZAC14D2_NAIMI4_6,,0.004750593824228029,0.02564102564102564,,0.013513513513513514,,,,,,,0.058823529411764705,,,,,,0.125,,,,,,,,,,,,0.15384615384615385,
Stenotrophomonas sp. ZAC14D2_NAIMI4_7,,0.004750593824228029,0.035897435897435895,,0.02027027027027027,,,,,,,0.0784313725490196,,0.02702702702702703,,,,0.25,,,,,,,,,,,,0.23076923076923078,
Stenotrophomonas sp. pho,,0.0023752969121140144,0.035897435897435895,,,,,,,,,0.0196078431372549,,,,,0.17647058823529413,,,,,,,,,,,,,,
Stigmatella aurantiaca,0.009202453987730062,0.004750593824228029,0.1641025641025641,0.03333333333333333,0.006756756756756757,,,,0.015151515151515152,0.016666666666666666,0.057692307692307696,,0.023255813953488372,,0.027777777777777776,,,,,,,0.0625,,,,,,0.07142857142857142,,,
Streptococcus anginosus,,0.004750593824228029,,0.005555555555555556,,0.009009009009009009,0.010416666666666666,0.013513513513513514,,,,,,,,,,,,,0.0625,,,,,,,,,,
Streptococcus australis,0.010736196319018405,0.028503562945368172,0.010256410256410256,0.027777777777777776,0.013513513513513514,0.2882882882882883,0.10416666666666667,0.06756756756756757,0.015151515151515152,0.016666666666666666,,0.0196078431372549,0.13953488372093023,,0.027777777777777776,,,,0.0625,0.0625,0.0625,,,,,,,,,,
Streptococcus cristatus,0.010736196319018405,0.03800475059382423,0.010256410256410256,0.03333333333333333,0.013513513513513514,0.35135135135135137,0.0625,0.05405405405405406,0.045454545454545456,,0.019230769230769232,,0.09302325581395349,0.02702702702702703,0.08333333333333333,,,,,0.0625,0.0625,,0.0625,,,,,0.14285714285714285,,,
Streptococcus equinus,,0.009501187648456057,,,,0.009009009009009009,0.010416666666666666,0.013513513513513514,,,,,,,,,,,0.0625,,,,,,,,,,,,
Streptococcus gordonii,0.029141104294478526,0.21852731591448932,,0.10555555555555556,0.06756756756756757,0.6306306306306306,0.22916666666666666,0.12162162162162163,0.12121212121212122,0.016666666666666666,0.09615384615384616,,0.2558139534883721,0.13513513513513514,0.4722222222222222,0.23529411764705882,,,0.5625,0.0625,0.25,0.0625,0.3125,0.06666666666666667,0.14285714285714285,0.07142857142857142,,0.14285714285714285,0.07692307692307693,,0.08333333333333333
Streptococcus gwangjuense,0.018404907975460124,0.07600950118764846,,0.027777777777777776,0.02027027027027027,0.44144144144144143,0.10416666666666667,0.0945945945945946,0.12121212121212122,0.016666666666666666,0.019230769230769232,,0.13953488372093023,0.08108108108108109,0.2222222222222222,,,,0.125,0.0625,0.0625,0.0625,,,,,,,,,0.08333333333333333
Streptococcus infantarius,,,0.015384615384615385,,,,,,,,,,,,,,,,,,,,,,,,,0.14285714285714285,,,
Streptococcus intermedius,,,,,,0.018018018018018018,,,,,,,,0.16216216216216217,,,,,,,,,,,,,,0.07142857142857142,,,
Streptococcus koreensis,,0.0023752969121140144,,0.016666666666666666,,,,0.04054054054054054,,0.016666666666666666,,,0.046511627906976744,,,,,,,,,,,,,,0.07142857142857142,,,,
Streptococcus mitis,0.19785276073619631,0.47980997624703087,0.11794871794871795,0.35,0.2702702702702703,0.8198198198198198,0.7083333333333334,0.3783783783783784,0.5454545454545454,0.06666666666666667,0.25,0.0196078431372549,0.6046511627906976,0.5675675675675675,0.8611111111111112,0.5294117647058824,,,0.9375,0.5625,0.6875,0.125,0.75,0.6666666666666666,0.7142857142857143,0.21428571428571427,0.07142857142857142,0.14285714285714285,,,0.5833333333333334
Streptococcus mutans,,0.011876484560570071,,,,0.04504504504504504,,,,,,,,0.02702702702702703,0.05555555555555555,,,,,,,,,,,,,,,,
Streptococcus oralis,0.09662576687116564,0.33016627078384797,0.035897435897435895,0.2833333333333333,0.18243243243243243,0.7657657657657657,0.4583333333333333,0.3108108108108108,0.30303030303030304,0.016666666666666666,0.21153846153846154,0.0392156862745098,0.32558139534883723,0.2972972972972973,0.7222222222222222,0.29411764705882354,,,0.8125,0.3125,0.625,0.0625,0.625,0.3333333333333333,0.5714285714285714,0.07142857142857142,0.07142857142857142,0.14285714285714285,0.07692307692307693,,0.3333333333333333
Streptococcus parasanguinis,0.004601226993865031,0.052256532066508314,0.010256410256410256,0.027777777777777776,0.02027027027027027,0.15315315315315314,0.08333333333333333,0.0945945945945946,0.015151515151515152,0.016666666666666666,,,0.18604651162790697,0.02702702702702703,0.027777777777777776,0.058823529411764705,,,0.25,0.0625,,0.0625,0.0625,0.06666666666666667,,,,,0.07692307692307693,,0.08333333333333333
Streptococcus parauberis,,0.0023752969121140144,,,,,,,,,,,,,,,,,,,,,,,,,,,,,
Streptococcus pneumoniae,0.04447852760736196,0.2660332541567696,0.02564102564102564,0.08888888888888889,0.0945945945945946,0.6756756756756757,0.46875,0.1891891891891892,0.25757575757575757,0.016666666666666666,0.07692307692307693,0.0196078431372549,0.2558139534883721,0.1891891891891892,0.5555555555555556,0.23529411764705882,,,0.625,0.3125,0.1875,0.0625,0.3125,0.26666666666666666,0.21428571428571427,0.07142857142857142,,,,,0.25
Streptococcus pseudopneumoniae,0.004601226993865031,0.023752969121140142,,0.011111111111111112,0.006756756756756757,0.21621621621621623,0.07291666666666667,0.013513513513513514,0.015151515151515152,0.016666666666666666,0.019230769230769232,,0.06976744186046512,,,,,,,,,,,,,,,,,,
Streptococcus salivarius,0.007668711656441718,0.1330166270783848,0.02564102564102564,0.07222222222222222,0.05405405405405406,0.42342342342342343,0.125,0.16216216216216217,0.030303030303030304,0.03333333333333333,,0.0392156862745098,0.20930232558139536,0.13513513513513514,0.19444444444444445,0.17647058823529413,,,0.375,0.0625,0.125,,,0.06666666666666667,0.14285714285714285,,,,,,
Streptococcus sanguinis,0.0950920245398773,0.27315914489311166,0.03076923076923077,0.17222222222222222,0.11486486486486487,0.6216216216216216,0.2708333333333333,0.21621621621621623,0.19696969696969696,0.05,0.11538461538461539,,0.32558139534883723,0.13513513513513514,0.5277777777777778,0.17647058823529413,,,0.625,0.125,0.375,,0.25,0.26666666666666666,0.42857142857142855,0.07142857142857142,0.07142857142857142,0.14285714285714285,,,0.08333333333333333
Streptococcus sobrinus,0.0015337423312883436,0.007125890736342043,,,,0.009009009009009009,,,,,,,,,,,,,,,,,,,,,,,,,
Streptococcus sp. 116-D4,0.004601226993865031,0.035629453681710214,0.005128205128205128,0.027777777777777776,0.006756756756756757,0.40540540540540543,0.09375,0.02702702702702703,0.045454545454545456,0.016666666666666666,0.019230769230769232,,0.11627906976744186,0.02702702702702703,0.16666666666666666,0.058823529411764705,,,0.125,0.125,,,,,,,,,,,0.08333333333333333
Streptococcus sp. 1643,0.004601226993865031,0.007125890736342043,0.005128205128205128,0.005555555555555556,0.006756756756756757,0.0990990990990991,,0.013513513513513514,0.015151515151515152,,,0.0196078431372549,0.023255813953488372,,0.027777777777777776,,,,,,0.0625,,0.0625,,,,,,,,
Streptococcus sp. A12,0.0015337423312883436,0.021377672209026127,0.010256410256410256,0.016666666666666666,0.006756756756756757,0.018018018018018018,0.020833333333333332,0.06756756756756757,,0.03333333333333333,,,0.06976744186046512,,0.027777777777777776,,,,0.0625,0.0625,0.0625,,,,,,,,,,
Streptococcus sp. FDAARGOS_192,,0.011876484560570071,0.005128205128205128,,,,0.010416666666666666,0.013513513513513514,,,,,,,,,,,0.0625,0.0625,,,,,,,,,,,
Streptococcus sp. HSISM1,0.0015337423312883436,0.047505938242280284,0.005128205128205128,0.027777777777777776,0.013513513513513514,0.11711711711711711,0.0625,0.06756756756756757,,0.016666666666666666,,,0.13953488372093023,0.02702702702702703,0.027777777777777776,,,,0.1875,0.0625,,0.0625,,0.06666666666666667,,,,,0.07692307692307693,,0.08333333333333333
Streptococcus sp. HSISS2,,0.004750593824228029,,,,,,,,,,,,,,,,,,0.0625,,,,,,,,,,,
Streptococcus sp. HSISS3,,0.004750593824228029,,,,,0.010416666666666666,0.013513513513513514,,,,,0.023255813953488372,,,,,,,0.0625,,,,,,,,,,,
Streptococcus sp. I-G2,,0.0023752969121140144,,0.016666666666666666,,,,0.04054054054054054,,0.016666666666666666,,,0.023255813953488372,,,,,,,,,,,,,,,,,,
Streptococcus sp. I-P16,,0.0023752969121140144,,0.016666666666666666,,,,0.02702702702702703,,0.016666666666666666,,,0.023255813953488372,,,,,,,,,,,,,,,,,,
Streptococcus sp. LPB0220,0.003067484662576687,0.047505938242280284,0.005128205128205128,0.027777777777777776,0.013513513513513514,0.11711711711711711,0.08333333333333333,0.06756756756756757,,0.016666666666666666,,,0.13953488372093023,0.05405405405405406,0.027777777777777776,,,,0.1875,0.0625,,0.0625,,0.06666666666666667,,,,,0.07692307692307693,,0.08333333333333333
Streptococcus sp. NPS 308,0.012269938650306749,0.0166270783847981,0.005128205128205128,0.016666666666666666,,0.2072072072072072,0.041666666666666664,0.04054054054054054,0.030303030303030304,0.016666666666666666,,0.0196078431372549,0.06976744186046512,,0.05555555555555555,,,,,0.0625,0.0625,,,,,,,,,,
Streptococcus sp. oral taxon 064,0.006134969325153374,0.014251781472684086,,,,0.08108108108108109,0.010416666666666666,0.013513513513513514,,,,,0.023255813953488372,,0.027777777777777776,,,,,,0.0625,,0.125,,,,,,,,
Streptococcus sp. oral taxon 431,0.02147239263803681,0.12351543942992874,0.015384615384615385,0.07777777777777778,0.05405405405405406,0.5855855855855856,0.17708333333333334,0.12162162162162163,0.15151515151515152,0.03333333333333333,0.019230769230769232,,0.16279069767441862,0.10810810810810811,0.2222222222222222,0.058823529411764705,,,0.5,0.125,,0.0625,0.0625,,,,0.07142857142857142,,,,0.08333333333333333
Streptococcus suis,0.0015337423312883436,0.0023752969121140144,0.020512820512820513,,,,,,,,,,,,,,,,,,,,,,,,,,,,
Streptococcus thermophilus,0.015337423312883436,0.24703087885985747,,0.06666666666666667,0.11486486486486487,0.6396396396396397,0.28125,0.08108108108108109,0.25757575757575757,0.016666666666666666,0.057692307692307696,,0.2558139534883721,0.16216216216216217,0.4166666666666667,0.35294117647058826,,,0.3125,0.1875,0.375,0.125,0.4375,0.2,0.07142857142857142,,,,,,
Streptococcus vestibularis,,0.009501187648456057,,,,,0.010416666666666666,0.013513513513513514,,,,,,0.02702702702702703,,,,,0.0625,,,,0.125,,,,,,,,
Streptococcus viridans,0.0015337423312883436,0.014251781472684086,,0.016666666666666666,,0.009009009009009009,,0.05405405405405406,,0.016666666666666666,,,0.06976744186046512,,,,,,,,,,,,,,,,,,
Streptomyces albidoflavus,,,,,,,,,0.030303030303030304,,,0.0196078431372549,,,,,,,,,,,,,,,,,,,
Streptomyces alboflavus,0.0015337423312883436,,,,,,,,,,,,,,,,,,,,,,,,,,,,,,
Streptomyces albulus,,,,0.005555555555555556,,,,,,,,,,,,,,,,,,,,,,,,,,,
Streptomyces albus,0.007668711656441718,0.05938242280285035,0.010256410256410256,0.005555555555555556,,0.02702702702702703,,0.04054054054054054,0.030303030303030304,,0.11538461538461539,,,,,,,,,,,0.5,,,,0.07142857142857142,0.07142857142857142,0.07142857142857142,,,
Streptomyces ambofaciens,,,,,,,,,0.015151515151515152,,,,,,,,,,,,,,,,,,,,,,
Streptomyces anulatus,,0.0023752969121140144,,,,,,,,,,,,,,,,,,,,,,,,,,,,,
Streptomyces asterosporus,,,,,,,,,,,,,,,,,,,,,,,,0.06666666666666667,,,,,,,
Streptomyces cavourensis,0.0015337423312883436,,,,,,,,,,,,,,,,,,,,,,,,,,,,,,
Streptomyces fungicidicus,,,,,,,,,0.015151515151515152,,,,,,,,,,,,,,,,,,,,,,
Streptomyces globisporus,,0.0023752969121140144,,,,,,,,,,,,,,,,,,,,,,,,,,,,,
Streptomyces griseorubiginosus,,0.004750593824228029,0.005128205128205128,0.005555555555555556,,,,0.013513513513513514,,,0.019230769230769232,,,,,,,,,,,,,,,,,,,,
Streptomyces hundungensis,,,,,,,,,,0.016666666666666666,,,,,,,,,,,,,,,,,,,,,
Streptomyces lunaelactis,,,,,,,,,,0.016666666666666666,,,,,,,,,,,,,,,,,,,,,
Streptomyces lydicus,0.0015337423312883436,0.004750593824228029,,,,0.009009009009009009,,,,0.016666666666666666,,,,,,,,,,,,,,,,0.07142857142857142,,,,,
Streptomyces niveus,,0.0023752969121140144,,,,,,,,,,,,,,,,,,,,,,,,,,,,,
Streptomyces olivaceus,,,0.005128205128205128,,,,,,,,,,,,,,,,,,,,,,,,,,,,
Streptomyces pactum,,,,,,,,,0.015151515151515152,,,,,,,,,,,,,,,,,,,,,,
Streptomyces parvulus,0.007668711656441718,,,,,,,0.02702702702702703,0.015151515151515152,,,,,,,,,,,,,,,,,,,,,,
Streptomyces scabiei,,0.0023752969121140144,,,,,,,,,,,,,,,,,,,,,,,,,,,,,
Streptomyces sp. 769,0.0015337423312883436,,,,,,,,,,,,,,,,,,,,,,,,,,,,,,
Streptomyces sp. CLI2509,,,,,,,,,,,,,,,,,,,,,,,,,,,,,,0.07692307692307693,
Streptomyces sp. CdTB01,,,,,,,,,,,,,,,,,,,,,,,,,,0.07142857142857142,,,,,
Streptomyces sp. GSSD-12,,0.0023752969121140144,,,,,,,,,,,,,,,,,,,,,,,,,,,,,
Streptomyces sp. ICC1,,0.0023752969121140144,,,,,0.14583333333333334,,,,,,,,,,,,,,,,,,,,,,,,
Streptomyces sp. ICC4,,,,,,,0.07291666666666667,,,,,,,,,,,,,,,,,,,,,,,,
Streptomyces sp. KPB2,0.0015337423312883436,,0.005128205128205128,,,,,,,,,,,,,,,,,,,,,,,,,,,,
Streptomyces sp. M2,,,,,,,,,,,,,,,,,,,,,,,,,,0.07142857142857142,,,,,
Streptomyces sp. NHF165,,,,,,,,,,,,,,0.02702702702702703,,,,,,,,,,,,,,,,,
Streptomyces sp. P3,,0.0023752969121140144,,,,,,,,,,,,,,,,,,,,,,,,,,,,,
Streptomyces sp. QMT-12,,0.0023752969121140144,,,,,,,,,,,,,,,,,,,,,,,,,,,,,
Streptomyces sp. SCSIO 03032,,0.0023752969121140144,0.010256410256410256,,,,,,,,,,,,,,,,,,,,,,,,,,,,
Streptomyces sp. TLI_053,,0.011876484560570071,,0.005555555555555556,,0.009009009009009009,,,,,,,,,,,,,,,,0.0625,,,,0.07142857142857142,,,,,
Streptomyces sp. Tu6071,,,,,,,,,,,,,,,,,,,,,,,,,,,,,,0.07692307692307693,
Streptomyces sp. VN1,,,0.005128205128205128,,,,,,,,,,,,,,,,,,,,,,,,,,,,
Streptomyces sp. WAC 01438,,,,,,,,,0.015151515151515152,,,,,,,,,,,,,,,,,,,,,,
Streptomyces sp. Z423-1,,,,,,0.036036036036036036,,,0.030303030303030304,,,,,0.24324324324324326,,0.17647058823529413,,,,,,,,,,,,,,,
Streptomyces spectabilis,,,,,,,,,,0.016666666666666666,,,,,,,,,,,,,,,,,,,,,
Streptomyces tendae,,0.004750593824228029,0.005128205128205128,,,,,,0.015151515151515152,,,,,,,,,,,,,0.0625,,,,,,,,,
Streptomyces tsukubensis,,0.0023752969121140144,,,0.006756756756756757,,,,,,,,,,,,,,,,,,,,,,,,,,
Streptomyces venezuelae,0.2745398773006135,0.4489311163895487,0.4256410256410256,0.43333333333333335,0.16891891891891891,0.1891891891891892,,0.4864864864864865,0.3333333333333333,0.13333333333333333,0.6538461538461539,,0.46511627906976744,0.24324324324324326,0.4444444444444444,0.4117647058823529,,,0.375,0.8125,0.4375,1.0,0.25,0.4,0.7142857142857143,0.2857142857142857,0.7857142857142857,0.5714285714285714,0.6923076923076923,,0.08333333333333333
Streptomyces xiamenensis,,,,,,,,,,0.016666666666666666,,,,,,,,,,,,,,,,,,,,,
Streptomyces xinghaiensis,,0.004750593824228029,,,,,,,,,,,,,,,,,,,,,,,,,,,,,
Streptosporangium roseum,,0.004750593824228029,,0.005555555555555556,,,,,,,,,,,,,,,,,,,,,,0.07142857142857142,,,,,
Streptosporangium sp. 'caverna',,0.009501187648456057,,0.005555555555555556,,,,,,,,,,,,,,,,,,,,,,0.07142857142857142,,,,,
Sugiyamaella lignohabitans,0.012269938650306749,,0.005128205128205128,0.03888888888888889,,0.05405405405405406,,0.04054054054054054,,,0.019230769230769232,0.0196078431372549,,0.13513513513513514,,,,,,,,,,,,0.07142857142857142,,,,,
Sulfitobacter pseudonitzschiae,0.0015337423312883436,,,,,,,,,,,,,,,,,,,,,,,,,,,,,,
Sulfitobacter sp. AM1-D1,0.019938650306748466,,,,,,,,,,,,,,,,,,,,,,,,,,,,,,
Sulfitobacter sp. D7,0.009202453987730062,,,,,,,,,,,,,,,,,,,,,,,,,,,,,,
Sulfitobacter sp. SK025,0.0015337423312883436,,,,,,,,,,,,,,,,,,,,,,,,,,,,,,
Sulfitobacter sp. THAF37,0.012269938650306749,,,,,,,,,,,,,,,,,,,,,,,,,,,,,,
Synechococcus phage S-CAM9,,,,,,,,,,,,,,0.10810810810810811,,,,,,,,,,,,,,,,,
Synechococcus sp. JA-3-3Ab,,,,,,,,,,,,,,0.21621621621621623,,,,,,,,,,,,,,,,,
Synechococcus sp. KORDI-52,,,,,,,,,,,,,,0.13513513513513514,,,,,,,,,,,,,,,,,
Synechococcus sp. PCC 7336,,,,,,,,,,,,,,0.21621621621621623,,,,,,,,,,,,,,,,,
Synechococcus sp. PCC 7502,,,,,,,,,,,,,,0.21621621621621623,,,,,,,,,,,,,,,,,
TM7 phylum sp. oral taxon 488,0.0015337423312883436,0.0023752969121140144,,0.005555555555555556,,,,,,,,,,,,,,,,,,,,,,,,,,,
TM7 phylum sp. oral taxon 957,0.003067484662576687,0.0023752969121140144,,,,,,,,,,,,,,,,,,,0.0625,,,,,,,,,,
Tabrizicola piscis,0.012269938650306749,0.0023752969121140144,,0.005555555555555556,0.013513513513513514,0.018018018018018018,,0.02702702702702703,,0.016666666666666666,,,,,,,,,,,,,,,,,,,,,
Tamlana sp. UJ94,,,,,0.006756756756756757,,,,,,,,,,,,,,,,,,,,,,,,,,
Tannerella forsythia,0.0015337423312883436,,,0.03333333333333333,0.006756756756756757,0.018018018018018018,,0.05405405405405406,,,,,,,,,,,0.0625,0.0625,0.0625,,,,,,,,,,
Tannerella sp. oral taxon HOT-286,0.004601226993865031,0.007125890736342043,,0.05,0.006756756756756757,0.018018018018018018,0.010416666666666666,0.013513513513513514,,,,,0.023255813953488372,,,,,,,0.0625,,,0.125,,,,0.07142857142857142,,,,
Tardibacter chloracetimidivorans,0.006134969325153374,,,0.005555555555555556,,,,,,,,0.0196078431372549,,,,,,,,,,,,,,,,,,,
Tateyamaria omphalii,0.012269938650306749,,,,,,,,,,,,,,,,,,,,,,,,,,,,,,
Tatumella citrea,,,,,,0.009009009009009009,,,,,,,,,,,,,,,,,,,,,,,,,
Tatumella ptyseos,0.0015337423312883436,,,,,,,,,,0.019230769230769232,,,,,,,,,,,,,,,,,,,,
Tatumella sp. TA1,,,,,0.006756756756756757,0.009009009009009009,,,,,,,,,,0.058823529411764705,,,,0.0625,,,,,,,,,,,
Tenacibaculum sp. SZ-18,,,,,,0.009009009009009009,,,,,,,,,,,,,,,,,,,,,,,,,
Terribacillus goriensis,,,0.005128205128205128,,,,,,0.030303030303030304,,,0.0196078431372549,,,,,,,,,,,,,,,,,,,
Terriglobus albidus,,,0.005128205128205128,,,,,,,,,,,,,,,,,,,,,,,,,,,,
Terriglobus roseus,0.010736196319018405,,,0.005555555555555556,,0.018018018018018018,,,,,0.019230769230769232,,,,,,,,,,,,,,,,,,,,
Tessaracoccus aquimaris,,0.04513064133016627,,,0.033783783783783786,,0.010416666666666666,,,,0.019230769230769232,,0.023255813953488372,,,,,,,,,,0.0625,,,,,0.2857142857142857,,,
Tessaracoccus flavescens,0.03680981595092025,0.13064133016627077,0.015384615384615385,0.027777777777777776,0.11486486486486487,,0.041666666666666664,0.08108108108108109,0.030303030303030304,0.016666666666666666,0.057692307692307696,,0.046511627906976744,,,0.11764705882352941,,,,,0.0625,0.0625,0.0625,,,,,0.5,,,
Tessaracoccus flavus,0.013803680981595092,0.11401425178147269,0.3487179487179487,0.07222222222222222,0.2635135135135135,,0.020833333333333332,0.0945945945945946,0.045454545454545456,,0.038461538461538464,,0.06976744186046512,,,0.5294117647058824,,,,0.0625,,,0.125,,,,,0.2857142857142857,0.07692307692307693,,
Tessaracoccus sp. T2.5-30,0.003067484662576687,0.24228028503562946,0.30256410256410254,0.05555555555555555,0.25,,0.010416666666666666,0.08108108108108109,0.12121212121212122,,0.057692307692307696,,0.18604651162790697,,,0.4117647058823529,,,,0.1875,,0.125,0.0625,0.06666666666666667,,,0.14285714285714285,0.35714285714285715,0.07692307692307693,,
Tessaracoccus timonensis,,0.007125890736342043,0.005128205128205128,0.011111111111111112,0.0472972972972973,,,,,,,,,,0.027777777777777776,,,,,,,,0.0625,,,,,,,,
Tetragenococcus halophilus,,0.0023752969121140144,,,,0.009009009009009009,,,,,,,,0.02702702702702703,,,,,,,,,,,,,,0.14285714285714285,,,
Tetrapisispora blattae,,,0.005128205128205128,,,0.07207207207207207,,0.013513513513513514,,,,,,0.24324324324324326,,,,,,,,,,,,,,,,,
Tetrapisispora phaffii,,,,,,0.06306306306306306,,0.013513513513513514,,,0.019230769230769232,,,0.08108108108108109,,,,,,,,,,,,,,,,,
Tetrasphaera sp. HKS02,0.05521472392638037,0.2517814726840855,0.02564102564102564,0.06111111111111111,,0.009009009009009009,,0.04054054054054054,,,0.07692307692307693,,0.23255813953488372,,0.16666666666666666,0.058823529411764705,,,,0.1875,,0.375,0.125,0.13333333333333333,0.07142857142857142,,,0.2857142857142857,0.07692307692307693,,
Thalassiosira pseudonana,,,,,,0.018018018018018018,,,,,,,,0.16216216216216217,,,,,,,,,,,,,,,,,
Thalassococcus sp. S3,0.010736196319018405,,,,,,,,,,,,,,,,,,,,,,,,,,,,,,
Thauera aromatica,,,,0.005555555555555556,,,,,,,,,,,,,,,,,,,,,,,,,,,
Thauera chlorobenzoica,,,,0.005555555555555556,,,,,,,,,,,,,,,,,,,,,,,,,,,
Thauera humireducens,0.009202453987730062,,0.005128205128205128,0.005555555555555556,,0.009009009009009009,,,0.015151515151515152,,,,,,,,,,,,,,,,,,,,,,
Thauera hydrothermalis,,,,,,,,,0.015151515151515152,,,,,,,,0.058823529411764705,,,,,,,,,,,,,,
Thauera sp. K11,,,,0.005555555555555556,,,,,,,,,,,,,,,,,,,,,,,,0.07142857142857142,,,
Thauera sp. MZ1T,0.007668711656441718,0.0023752969121140144,0.05128205128205128,0.005555555555555556,,0.009009009009009009,,,0.045454545454545456,0.016666666666666666,,,,,,,,,0.0625,,0.0625,,,,,,0.21428571428571427,0.07142857142857142,,,
Theileria annulata,,,,,,0.009009009009009009,,,,,,,,0.05405405405405406,,,,,,,,,,,,,,,,,
Theileria orientalis,,,,,,,,,,,,,,0.05405405405405406,,,,,,,,,,,,,,,,,
Thermaerobacter sp. FW80,,0.0023752969121140144,,,,,,,,,,,,,,,,,,,,,,,,,,,,,
Thermoactinomyces vulgaris,,0.004750593824228029,,,,,,,,,,,,,,,,,,,,,,,,,,,,,
Thermoanaerobacterium sp. RBIITD,,,,,,,,,,,,,,0.02702702702702703,,,,,,,,,,,,,,,,,
Thermoanaerobacterium thermosaccharolyticum,,,,,,,,,,,,,,0.16216216216216217,,,,,,,,,,,,,,,,,
Thermobifida fusca,,0.007125890736342043,,,,,,,,,,,,,,,,,,,,,,,,,,,,,
Thermobispora bispora,,0.0023752969121140144,,,,,,,,,,,,,,,,,,,,0.0625,,,,,,,,,
Thermodesulfobium acidiphilum,,,,,0.006756756756756757,,,,,,,,,,,,,,,,,,,,,,,,,,
Thermomonas sp. HDW16,0.02607361963190184,,0.09743589743589744,0.005555555555555556,0.006756756756756757,,,,0.045454545454545456,0.016666666666666666,0.019230769230769232,0.0196078431372549,0.023255813953488372,,0.08333333333333333,0.29411764705882354,,,,,,,,0.06666666666666667,,,0.07142857142857142,0.14285714285714285,,0.07692307692307693,
Thermomonas sp. SY21,0.0736196319018405,0.004750593824228029,0.2205128205128205,0.011111111111111112,0.013513513513513514,,,0.02702702702702703,0.06060606060606061,0.03333333333333333,0.019230769230769232,0.0392156862745098,0.11627906976744186,,0.25,0.6470588235294118,,,0.0625,0.0625,,,0.0625,0.06666666666666667,,,0.2857142857142857,0.42857142857142855,0.15384615384615385,0.07692307692307693,
Thermomonospora curvata,,0.0023752969121140144,,,,,,,,,,,,,,,,,,,,,,,,,,,,,
Thermothelomyces thermophilus,0.09969325153374232,0.007125890736342043,0.1794871794871795,0.15,,0.32432432432432434,,0.16216216216216217,0.12121212121212122,,0.09615384615384616,0.0196078431372549,,0.16216216216216217,,,,0.0625,,,,0.1875,,,,0.07142857142857142,,0.14285714285714285,,0.07692307692307693,
Thermothielavioides terrestris,0.10889570552147239,0.007125890736342043,0.17435897435897435,0.16111111111111112,,0.2972972972972973,,0.16216216216216217,0.12121212121212122,,0.09615384615384616,0.0196078431372549,,0.1891891891891892,,,,0.0625,,,,,,,,0.07142857142857142,0.07142857142857142,0.14285714285714285,,0.07692307692307693,
Thermus parvatiensis,,0.0023752969121140144,,0.005555555555555556,,,,,,,,,,,,,,,,,,,,,,,,,,,
Thermus thermophilus,,0.0023752969121140144,,0.005555555555555556,0.006756756756756757,,,,,,,,,0.02702702702702703,,,,,,,,,,,,,,,,,
Thioclava nitratireducens,0.01687116564417178,0.0023752969121140144,,,0.006756756756756757,,,0.02702702702702703,,,,,,,,,,,,,,,,,,,,,,,
Thiomicrospira aerophila,,,,,,,,,,,,,,0.21621621621621623,,,,,,,,,,,,,,,,,
Tissierellia sp. JN-28,,,0.010256410256410256,,,,,,,,,,,,,,0.058823529411764705,,,,,,,,,,,,,,
Tistrella mobilis,0.006134969325153374,,0.005128205128205128,,,,,,,,,,,,,,,,,,,,,,,,,,,,
Tolumonas auensis,,,,,0.006756756756756757,,,,,0.016666666666666666,,,,,,,,,,,,,,,,,,,,,
Tolypothrix sp. PCC 7910,0.009202453987730062,,,,,,,,,,,,,,,,,,,,,,,,,,,,,,
Tomitella sp. HY188,0.004601226993865031,,,,,,,,,,,,,,,,,,,,,,,,,,,,,,
Torulaspora delbrueckii,,,,,0.013513513513513514,,,,,,,,,0.05405405405405406,,,,,,0.0625,,,,,,,,,,,
Toxoplasma gondii,0.032208588957055216,0.2850356294536817,0.010256410256410256,0.1,0.1891891891891892,0.7747747747747747,0.3854166666666667,0.13513513513513514,0.3787878787878788,0.016666666666666666,0.057692307692307696,,0.3488372093023256,0.5135135135135135,0.6111111111111112,0.29411764705882354,,,0.5625,0.1875,0.375,0.125,,0.13333333333333333,0.5714285714285714,0.07142857142857142,,0.14285714285714285,,,0.16666666666666666
Treponema denticola,,,,0.005555555555555556,,0.02702702702702703,,0.013513513513513514,,,,,,,,,,,,0.0625,,,,,,,,,,,
Treponema sp. OMZ 804,,,,0.011111111111111112,,,,0.02702702702702703,,,,,,,,,,,,,,,,,,,,,,,
Treponema sp. OMZ 838,,,,,,,,0.013513513513513514,,,,,,,,,,,,,,,,,,,,,,,
Trichodesmium erythraeum,,,,,,,0.010416666666666666,,,,,,,0.1891891891891892,,,,,,,,,,,,,,,,,
Trichoplusia ni single nucleopolyhedrovirus,,,0.005128205128205128,,,,,,,,,,,,,,,,,,,,,,,,,,,,
Trichormus azollae,0.010736196319018405,,,,,,,,,,,,,,,,,,,,,,,,,,,,,,
Truepera radiovictrix,0.06901840490797546,0.08788598574821853,,0.07777777777777778,,0.009009009009009009,0.010416666666666666,0.06756756756756757,,0.016666666666666666,0.057692307692307696,,,,,,,,,,,,,,,,,,,,
Trypanosoma brucei,,,0.005128205128205128,0.005555555555555556,,0.04504504504504504,0.010416666666666666,,,,,,0.023255813953488372,0.21621621621621623,,,,,,,,,,,,,,,,,
Tsukamurella paurometabola,0.02147239263803681,0.011876484560570071,0.02564102564102564,0.027777777777777776,0.006756756756756757,0.009009009009009009,,0.02702702702702703,,,0.019230769230769232,,,0.02702702702702703,,,,,,,,,,,0.07142857142857142,,0.2857142857142857,,,,
Tsukamurella tyrosinosolvens,0.254601226993865,0.019002375296912115,0.005128205128205128,0.027777777777777776,0.11486486486486487,0.02702702702702703,,0.04054054054054054,0.015151515151515152,,0.019230769230769232,,,0.02702702702702703,,,,,,,,,,,0.2857142857142857,,0.6428571428571429,,,,
Turicibacter sp. H121,,,0.005128205128205128,,,0.02702702702702703,,,,,,,,,,,,,,,,,,,,,,,,,
Ureibacillus thermosphaericus,,0.0023752969121140144,0.005128205128205128,,,,,,,,,,,,,,,,,,,,,,,,,,,,
Ustilago maydis,0.013803680981595092,0.011876484560570071,0.11794871794871795,0.06666666666666667,,0.11711711711711711,,0.05405405405405406,0.030303030303030304,,0.038461538461538464,0.0196078431372549,,0.05405405405405406,,,,,,,,,,,,0.07142857142857142,,,,,
Vagococcus teuberi,,,0.03076923076923077,,,0.036036036036036036,,,,,,,,,,,,0.0625,,,,,,,,,,,,,
Variibacter gotjawalensis,0.009202453987730062,,,0.005555555555555556,,,,,,,,,,,,,,,,,,,,,,,,,,,
Variovorax boronicumulans,0.003067484662576687,0.011876484560570071,,0.022222222222222223,0.02027027027027027,,,0.013513513513513514,0.015151515151515152,,0.23076923076923078,,0.023255813953488372,,0.05555555555555555,0.058823529411764705,,,,0.25,,0.3125,,,,,,,,,
Variovorax paradoxus,0.5920245398773006,0.5344418052256532,0.4358974358974359,0.7333333333333333,0.6351351351351351,0.3333333333333333,0.041666666666666664,0.7027027027027027,0.13636363636363635,0.65,0.7692307692307693,,0.9069767441860465,0.4594594594594595,0.6944444444444444,0.7647058823529411,,,0.75,1.0,0.6875,1.0,0.625,0.6666666666666666,1.0,1.0,1.0,0.42857142857142855,1.0,0.07692307692307693,0.9166666666666666
Variovorax sp. HW608,0.05061349693251534,0.1543942992874109,0.020512820512820513,0.15555555555555556,0.2972972972972973,0.04504504504504504,,0.08108108108108109,0.015151515151515152,0.03333333333333333,0.38461538461538464,,0.5581395348837209,0.08108108108108109,0.25,0.17647058823529413,,,0.1875,0.625,0.125,0.75,0.125,0.13333333333333333,0.21428571428571427,0.42857142857142855,,0.14285714285714285,0.6923076923076923,,0.08333333333333333
Variovorax sp. PAMC 28711,0.012269938650306749,0.1995249406175772,,0.08888888888888889,0.2972972972972973,0.05405405405405406,,0.0945945945945946,0.015151515151515152,,0.38461538461538464,,0.627906976744186,0.05405405405405406,0.3611111111111111,0.17647058823529413,,,0.1875,0.6875,0.125,0.625,0.125,0.13333333333333333,0.14285714285714285,,,,0.5384615384615384,,
Variovorax sp. PBL-E5,,,,,,,,,,,0.038461538461538464,,,,,,,,,0.125,,0.125,,,,,,,,,
Variovorax sp. PBL-H6,0.0015337423312883436,0.009501187648456057,,0.022222222222222223,0.02702702702702703,,,0.013513513513513514,0.015151515151515152,,0.25,,0.023255813953488372,,0.027777777777777776,0.058823529411764705,,,,0.25,0.0625,0.3125,,,,,,,,,
Variovorax sp. PBS-H4,0.0015337423312883436,0.007125890736342043,,0.022222222222222223,0.006756756756756757,,,0.013513513513513514,0.015151515151515152,,0.21153846153846154,,0.023255813953488372,,0.05555555555555555,0.058823529411764705,,,,0.1875,0.0625,0.3125,,,,,,,,,
Variovorax sp. PMC12,0.013803680981595092,0.1330166270783848,,0.07222222222222222,0.23648648648648649,0.036036036036036036,,0.0945945945945946,0.015151515151515152,,0.36538461538461536,,0.46511627906976744,0.05405405405405406,0.19444444444444445,0.17647058823529413,,,0.0625,0.625,0.125,0.625,0.0625,0.13333333333333333,0.07142857142857142,,0.07142857142857142,,0.6153846153846154,,
Variovorax sp. RA8,0.0015337423312883436,0.009501187648456057,,0.022222222222222223,0.013513513513513514,,,0.013513513513513514,0.015151515151515152,,0.21153846153846154,,,,0.05555555555555555,0.058823529411764705,,,,0.1875,,0.25,,,,,,,0.07692307692307693,,
Variovorax sp. SRS16,0.0015337423312883436,0.0023752969121140144,,0.005555555555555556,,,,,,,0.057692307692307696,,,,,,,,,0.125,,0.125,,,,,,,,,
Variovorax sp. WDL1,0.0015337423312883436,0.007125890736342043,,0.022222222222222223,0.013513513513513514,,,0.013513513513513514,0.015151515151515152,,0.21153846153846154,,0.046511627906976744,,0.027777777777777776,0.058823529411764705,,,,0.1875,,0.3125,,,,,,,,,
Veillonella atypica,0.003067484662576687,0.026128266033254157,,0.027777777777777776,0.006756756756756757,0.11711711711711711,0.11458333333333333,0.06756756756756757,0.015151515151515152,,,,0.16279069767441862,0.02702702702702703,0.027777777777777776,0.058823529411764705,,,0.125,0.0625,,,,,,,,,,,
Veillonella dispar,0.004601226993865031,0.057007125890736345,0.005128205128205128,0.03888888888888889,0.02027027027027027,0.1891891891891892,0.13541666666666666,0.08108108108108109,0.015151515151515152,,,,0.16279069767441862,0.13513513513513514,0.027777777777777776,0.058823529411764705,,,0.375,0.0625,,0.0625,0.0625,,,,,,,0.07692307692307693,
Veillonella parvula,0.027607361963190184,0.21377672209026127,0.02564102564102564,0.20555555555555555,0.08783783783783784,0.6666666666666666,0.4375,0.22972972972972974,0.18181818181818182,,0.15384615384615385,,0.2558139534883721,0.16216216216216217,0.5555555555555556,0.23529411764705882,,,0.6875,0.1875,0.4375,0.0625,0.5625,0.13333333333333333,0.14285714285714285,0.07142857142857142,,0.14285714285714285,0.07692307692307693,,0.08333333333333333
Verminephrobacter eiseniae,,,0.010256410256410256,,,,,,,,,,,,,,,,,,,,,,,,,,,,
Verrucomicrobia bacterium IMCC26134,0.003067484662576687,,,,,,,,,,,,,,,,,,,,,,,,,,,,,,
Verrucomicrobium spinosum,0.003067484662576687,,,,,,,,,,,,,,,,,,,,,,,,,,,,,,
Vibrio alginolyticus,0.010736196319018405,,,,,,,,,,,,,,,,,,,,,,,,,,,,,,
Vibrio antiquarius,0.009202453987730062,,,,,,,,,,,,,,,,,,,,,,,,,,,,,,
Vibrio campbellii,0.007668711656441718,,,,,,,,,,,,,,,,,,,,,,,,,,,,,,
Vibrio casei,,0.0023752969121140144,,,,0.009009009009009009,,,,,,,,,,,,,,,,,,,,,,,,,
Vibrio chagasii,0.006134969325153374,,,,,,,,,,,,,,,,,,,,,,,,,,,,,,
Vibrio cholerae,0.004601226993865031,,0.015384615384615385,,,,,,,,,,,,,,,,,,,,,,,,,,,,
Vibrio coralliilyticus,0.004601226993865031,0.0023752969121140144,,,,0.009009009009009009,,,,,,,,0.32432432432432434,,,,,,,,,,,,,,,,,
Vibrio diabolicus,0.009202453987730062,,,,,,,,,,,,,,,,,,,,,,,,,,,,,,
Vibrio europaeus,0.003067484662576687,,,,,,,,,,,,,,,,,,,,,,,,,,,,,,
Vibrio fluvialis,0.01687116564417178,,,,,,,,,,,,,,,,,,,,,,,,,,,,,,
Vibrio furnissii,0.006134969325153374,,,,,,,,,,,,,,,,,,,0.0625,,,,,,,,,,,
Vibrio harveyi,0.007668711656441718,,,,,,,,,,,,,,,,,,,,,,,,,,,,,,
Vibrio mediterranei,0.007668711656441718,,,,,,,,,,,,,,,,,,,,,,,,,,,,,,
Vibrio natriegens,0.010736196319018405,,,,,,,,,,,,,,,,,,,,,,,,,,,,,,
Vibrio navarrensis,0.007668711656441718,,,,,,,,,,,,,,,,,,,,,,,,,,,,,,
Vibrio owensii,0.004601226993865031,,,,,,,,,,,,,,,,,,,,,,,,,,,,,,
Vibrio panuliri,0.006134969325153374,,,,,,,,,,,,,,,,,,,,,,,,,,,,,,
Vibrio parahaemolyticus,0.010736196319018405,,,,,,,,,,,,,,,,,,,,,,,,,,,,,,
Vibrio phage pYD38-B,0.007668711656441718,,,,,,,,,,,,,,,,,,,,,,,,,,,,,,
Vibrio phage qdvp001,0.007668711656441718,,,,,,,,,,,,,,,,,,,,,,,,,,,,,,
Vibrio ponticus,0.007668711656441718,,,,,,,,,,,,,,,,,,,,,,,,,,,,,,
Vibrio rotiferianus,0.007668711656441718,,,,,,,,,,,,,,,,,,,,,,,,,,,,,,
Vibrio rumoiensis,,0.0023752969121140144,,,,0.009009009009009009,,,,,0.038461538461538464,,,,,,,,,,,,,,,,,,,,
Vibrio scophthalmi,0.004601226993865031,,,,,,,,,,,,,,,,,,,,,,,,,,,,,,
Vibrio sp. EJY3,0.007668711656441718,,,,,,,,,,,,,,,,,,,,,,,,,,,,,,
Vibrio sp. HBUAS61001,,0.0023752969121140144,,,,,,,,,,,,,,,,,,,,,,,,,,,,,
Vibrio sp. SM1977,,0.0023752969121140144,,,,0.009009009009009009,,,,,,,,,,,,,,,0.0625,,,,,,,,,,
Vibrio sp. THAF190c,0.007668711656441718,,,,,,,,,,,,,,,,,,,,,,,,,,,,,,
Vibrio sp. dhg,0.007668711656441718,,,,,,,,,,,,,,,,,,,,,,,,,,,,,,
Vibrio taketomensis,0.003067484662576687,,,,,,,,,,,,,,,,,,,,,,,,,,,,,,
Vibrio tubiashii,0.004601226993865031,,,,,,,,,,,,,,,,,,,,,,,,,,,,,,
Vibrio virus SSP002,0.0015337423312883436,,,,,,,,,,,,,,,,,,,,,,,,,,,,,,
Vibrio virus VP4B,0.007668711656441718,,,,,,,,,,,,,,,,,,,,,,,,,,,,,,
Vibrio vulnificus,0.007668711656441718,,,,,,,,,,,,,,,,,,,,,,,,,,,,,,
Victivallales bacterium CCUG 44730,,,,0.005555555555555556,,,,,,,,,,,,,,,,,,,,,,,,,,,
Virgibacillus necropolis,,,0.005128205128205128,,,,,,,,,,,,,,,,,,,,,,,,,,,,
Virgibacillus phasianinus,,,,,,0.009009009009009009,,,,,,,,,,,,,,,,,,,,,,,,,
Virgibacillus sp. 6R,,,0.005128205128205128,,,,,,,,,,,,,,,,,,,,,,,,,,,,
Virgibacillus sp. Bac330,,,0.005128205128205128,,,,,,,,,,,,,,,,,,,,,,,,,,,,
Vitreoscilla filiformis,0.0015337423312883436,,,,,,,,,,,,,,,,,,,,,,,,,,,,,,
Vogesella sp. LIG4,,,0.010256410256410256,,,,,,,,,,,,,,,,,,,,0.0625,,,,,,,,
Weeksella virosa,,,0.005128205128205128,,,,,,,,,0.0196078431372549,,,,0.058823529411764705,,,,,,,,,,,,,,,
Weissella cibaria,0.010736196319018405,0.007125890736342043,0.03076923076923077,0.005555555555555556,0.07432432432432433,0.018018018018018018,0.010416666666666666,0.013513513513513514,,,0.057692307692307696,,,,,,,,,0.0625,,,,,,,,0.14285714285714285,,,
Weissella confusa,0.013803680981595092,,0.06666666666666667,0.027777777777777776,0.08108108108108109,,,0.08108108108108109,0.015151515151515152,,,,,,,,,,,,,,,,,,,0.14285714285714285,,,
Weissella hellenica,,0.0023752969121140144,0.005128205128205128,,0.006756756756756757,0.02702702702702703,,,,,0.019230769230769232,,,,,,,,,,,,,,,,,,,,
Weissella jogaejeotgali,,,0.005128205128205128,,,0.009009009009009009,,,,,,,,,,,,,,,,,,,,,,,,,
Weissella paramesenteroides,,,0.010256410256410256,0.005555555555555556,,,,,,,,,,,,,,,,,,,,,,,,,,,
Weissella viridescens,,,,,,0.009009009009009009,,,,,,,,,,,,,,,0.125,,,,,,,,,,
Winogradskyella sp. PC-19,,,,,,0.02702702702702703,,,,,,,,,,,,,,,,,,,,,,,,,
Wolbachia endosymbiont of Bemisia tabaci,0.003067484662576687,,0.005128205128205128,,,,,,,,,,,,,,,,,,,,,,,,,,,,
Wolbachia endosymbiont of Chrysomya megacephala,0.0015337423312883436,,,,,,,,,,,,,,,,,,,,,,,,,,,,,,
Wolbachia endosymbiont of Cimex lectularius,0.003067484662576687,,,,,,,,,,,,,,,,,,,,,,,,,,,,,,
Wolbachia endosymbiont of Ctenocephalides felis,0.0015337423312883436,,,,0.006756756756756757,,,,,,,,,,,,,,,,,,,,,,,,,,
Wolbachia endosymbiont of Culex quinquefasciatus,0.0015337423312883436,,,,,,,,,,,,,,,,,,,,,,,,,,,,,,
Wolbachia endosymbiont of Folsomia candida,,0.0023752969121140144,,,,,,,,,0.019230769230769232,,,,,,,,,,,,,,,,,,,,
Wolbachia endosymbiont of Trichogramma pretiosum,0.0015337423312883436,,,,,,,,,,,,,,,,,,,,,,,,,,,,,,
Wolbachia pipientis,0.0015337423312883436,,0.005128205128205128,,,,,,,,,,,,,,,,,,,,,,,,,,,,
Xanthobacter autotrophicus,0.023006134969325152,0.009501187648456057,,0.016666666666666666,0.006756756756756757,0.009009009009009009,,0.02702702702702703,0.015151515151515152,,,,,,,,,,0.0625,0.0625,,,,0.06666666666666667,0.07142857142857142,,,,,,
Xanthomonas albilineans,,0.0023752969121140144,0.020512820512820513,,0.006756756756756757,,,,,,,0.0392156862745098,,,,,,,,,,,,,,,,,,0.15384615384615385,
Xanthomonas arboricola,0.0015337423312883436,0.0023752969121140144,0.010256410256410256,0.005555555555555556,,,,,,,,0.058823529411764705,,,,,,,,,,,,,,,,,,0.15384615384615385,
Xanthomonas axonopodis,,,,,,,,,,,,0.0196078431372549,,,,,,,,,,,,,,,,,,,
Xanthomonas campestris,0.37576687116564417,0.20190023752969122,0.09743589743589744,0.1388888888888889,0.4797297297297297,0.0990990990990991,0.40625,0.17567567567567569,0.18181818181818182,0.36666666666666664,0.15384615384615385,0.0784313725490196,0.3953488372093023,0.5675675675675675,0.6944444444444444,0.058823529411764705,,0.25,0.75,0.6875,0.3125,0.0625,0.5625,0.9333333333333333,0.6428571428571429,0.2857142857142857,0.14285714285714285,,0.5384615384615384,0.3076923076923077,0.5833333333333334
Xanthomonas cassavae,,0.0023752969121140144,0.015384615384615385,,,,,,,,,0.0196078431372549,,,,,,,,,,,,,,,,,,,
Xanthomonas citri,0.006134969325153374,0.0023752969121140144,0.03076923076923077,,0.006756756756756757,,0.4583333333333333,,,,0.019230769230769232,0.0392156862745098,,,,,,,,,,,,,,,,,,0.15384615384615385,
Xanthomonas cucurbitae,,0.0023752969121140144,0.005128205128205128,,0.006756756756756757,,,,,,,0.0392156862745098,,,,,,,,,,,,,,,,,,0.15384615384615385,
Xanthomonas euvesicatoria,0.05061349693251534,0.7220902612826603,0.11282051282051282,0.044444444444444446,0.43243243243243246,0.9819819819819819,,0.0945945945945946,0.803030303030303,0.16666666666666666,0.038461538461538464,0.0392156862745098,0.5581395348837209,0.7567567567567568,0.9444444444444444,0.8823529411764706,,,,0.0625,0.0625,0.75,,,,0.2857142857142857,,,0.07692307692307693,0.07692307692307693,0.16666666666666666
Xanthomonas fragariae,,,,,,,,,,,,0.0392156862745098,,,,,,,,,,,,,,,,,,,
Xanthomonas gardneri,,,,,,,,,,,,,,,,,,0.0625,,,,,,,,,,,,,
Xanthomonas hortorum,,,,,,,,,,,,0.0196078431372549,,,,,,,,,,,,,,,,,,,
Xanthomonas hyacinthi,0.0015337423312883436,0.009501187648456057,0.005128205128205128,,0.006756756756756757,,,,,,,0.0392156862745098,,,,,,,,,,,,,,,,,,0.23076923076923078,
Xanthomonas oryzae,0.0015337423312883436,0.0023752969121140144,0.005128205128205128,,0.006756756756756757,,,,0.015151515151515152,,,0.058823529411764705,,,,,,,,,,,,0.06666666666666667,,,,,,0.23076923076923078,
Xanthomonas sacchari,0.009202453987730062,0.0023752969121140144,0.046153846153846156,0.005555555555555556,0.02027027027027027,,,0.013513513513513514,,,0.019230769230769232,0.058823529411764705,,,,,,,,,,,,0.06666666666666667,,,0.07142857142857142,,,0.23076923076923078,
Xanthomonas translucens,0.012269938650306749,0.007125890736342043,0.02564102564102564,,0.02702702702702703,,,0.013513513513513514,,,0.038461538461538464,0.0784313725490196,,,,,,0.125,,,,,0.0625,0.13333333333333333,,,,,,0.23076923076923078,
Xanthomonas vasicola,,,,,,,,,0.015151515151515152,,,0.0392156862745098,,,,,,,,,,,,,,,,,,0.15384615384615385,
Xanthomonas vesicatoria,,0.004750593824228029,0.010256410256410256,,0.006756756756756757,,,,,,,0.0392156862745098,,,,,,,,,,,,,,,,,,0.15384615384615385,
Xanthomonas virus Xc10,,,0.005128205128205128,,,,,,,,,,,,,,,,,,,,,,,,,,,,
Xanthomonas virus f20,,,0.005128205128205128,,,,,,,,,,,,,,,,,,,,,,,,,,,,
Xanthomonas virus f30,,,0.005128205128205128,,,,,,,,,,,,,,,,,,,,,,,,,,,,
Xylanimicrobium sp. FW10M-9,,0.0023752969121140144,0.005128205128205128,,,0.009009009009009009,,,,,,,,,,,,,,,,,,,,,,,,,
Xylanimonas allomyrinae,,0.0023752969121140144,0.005128205128205128,,,,,,,,,,,,,,,,,,,,,,,,,,,,
Xylanimonas cellulosilytica,,0.0023752969121140144,0.005128205128205128,,,0.009009009009009009,,,,,,,,,,,,,,,,,,,,,,,,,
Xylophilus sp. KACC 21265,0.003067484662576687,0.004750593824228029,0.010256410256410256,0.03888888888888889,0.013513513513513514,,,0.02702702702702703,0.015151515151515152,,0.2692307692307692,,0.023255813953488372,,0.027777777777777776,0.058823529411764705,,,,0.25,0.0625,0.25,,,,0.2857142857142857,,,0.07692307692307693,,
Yangia pacifica,0.029141104294478526,0.0023752969121140144,,,,,,0.02702702702702703,,,,,,,,,,,,,,,,,,,,,,,
Yangia sp. CCB-MM3,0.019938650306748466,,,,,,,0.02702702702702703,,,,,,,,,,,,,,,,,,,,,,,
Yarrowia lipolytica,0.015337423312883436,,0.035897435897435895,0.06111111111111111,,0.09009009009009009,,0.06756756756756757,0.22727272727272727,,0.038461538461538464,0.0196078431372549,,,0.027777777777777776,,,,,,,,,,,0.07142857142857142,,,,,
Yersinia enterocolitica,,,,,0.006756756756756757,,,,,,,,,,,,,,,,,,,,,,,,,,
Yersinia pestis,,,0.005128205128205128,,,,,,,,,,,,,,,,,,,,,,,,,,,,
Yokenella regensburgei,,,0.015384615384615385,,,,,,,,,,,,,,0.11764705882352941,,,,,,,,,,,,,,
Yoonia vestfoldensis,0.0015337423312883436,,,,0.006756756756756757,,,0.02702702702702703,,,,,,,,,,,,,,,,,,,,,,,
Zhihengliuella sp. ISTPL4,0.004601226993865031,0.18052256532066507,0.005128205128205128,,,0.009009009009009009,,,,,,,,,,,,,,,,,,,,,,,,,
Zobellella denitrificans,0.0015337423312883436,,0.005128205128205128,,,,,,,,,,,,,,,,,,,,,,,,,,,,
Zygosaccharomyces rouxii,,,,,,,,0.013513513513513514,,,0.019230769230769232,,,,,,,,,,,,,,,,,,,,
Zymobacter palmae,0.0015337423312883436,,0.005128205128205128,0.011111111111111112,,,,0.02702702702702703,,,,,,,,,,,,,,,,,,,,,,,
Zymoseptoria tritici,0.17024539877300612,0.06413301662707839,0.41025641025641024,0.25,0.033783783783783786,0.5135135135135135,0.03125,0.2702702702702703,0.12121212121212122,0.03333333333333333,0.1346153846153846,0.0196078431372549,0.16279069767441862,0.32432432432432434,0.08333333333333333,,,0.125,,0.0625,0.125,0.8125,,,,0.14285714285714285,0.14285714285714285,0.2857142857142857,0.07692307692307693,0.07692307692307693,
[Brevibacterium] frigoritolerans,,0.007125890736342043,0.005128205128205128,,,,,,0.030303030303030304,,,0.0196078431372549,,0.24324324324324326,,,,,,,,,,,,,,,,,
[Candida] glabrata,0.004601226993865031,,,0.011111111111111112,,0.009009009009009009,,,,,,,,,,,,,,,,,,,,,,,,,
[Clostridium] hiranonis,,0.0023752969121140144,0.010256410256410256,,,,0.010416666666666666,,,,,,,,,0.23529411764705882,,,0.0625,,,,,,,,,,,,
[Clostridium] hylemonae,,,,,,,0.010416666666666666,,,,,,,,,,,,,,,,,,,,,,,,
[Clostridium] scindens,0.006134969325153374,,0.005128205128205128,,,,0.010416666666666666,,,,,,,,,,,,,,,,,,,,,,,,
[Clostridium] ultunense,,,0.005128205128205128,,,,,,,,,0.0196078431372549,,,,,,,,,,,,,,,,,,,
[Enterobacter] lignolyticus,,,0.010256410256410256,,,,,,,,,0.0392156862745098,,,,,0.23529411764705882,0.125,,,,,,,,,,,,,
[Eubacterium] sulci,,0.0023752969121140144,,0.011111111111111112,,,,0.02702702702702703,,,,,,,,,,,,0.0625,,,,,,,,,,,
[Mycobacterium] stephanolepidis,,,,,0.006756756756756757,,,,,,,,,,,,,,,,,,,,,,,,,,
[Polyangium] brachysporum,0.03067484662576687,,,0.07777777777777778,0.02027027027027027,,,0.013513513513513514,0.015151515151515152,,,,,,,,,,,,,,,,,0.5,,,0.15384615384615385,,
[Ruminococcus] gnavus,,0.0023752969121140144,0.015384615384615385,0.016666666666666666,,,0.020833333333333332,,,,,,,,,0.23529411764705882,,,0.125,0.0625,0.125,,,,0.14285714285714285,,,,,,
bacterium BFN5,,,,,,,,,,,,0.0196078431372549,,,,,,,,,,,,,,,,,,,
bacterium enrichment culture clone 1(2010),,,,,,,,,,,,0.0196078431372549,,,,,,,,,,,,,,,,,,,
bacterium enrichment culture clone 2b(2010),,,,,,,,,,,,0.0196078431372549,,,,,,,,,,,,,,,,,,,
uncultured crAssphage,,,,,,,,,,,,,,,,,,,,,,,,,0.07142857142857142,,,,,,
