Species,prevalence
Micrococcus luteus,0.82435481796272
Cutibacterium acnes,0.8224821826686707
Stenotrophomonas maltophilia,0.782945462069767
Pseudomonas stutzeri,0.7506552224778837
Plasmodium relictum,0.7253208725510307
Moraxella osloensis,0.6855475966497286
Pseudomonas putida,0.6815928469307019
Malassezia restricta,0.679717771476412
Kocuria palustris,0.6749352241185611
Paracoccus sp. Arc7-R13,0.6592063990724044
Modestobacter marinus,0.6363206304557917
Massilia oculi,0.6206300763234514
Kocuria rosea,0.620308285652955
Bradyrhizobium sp. BTAi1,0.6043578833439329
Variovorax paradoxus,0.5980981847431193
Geodermatophilus obscurus,0.5958259685262997
Paracoccus yeei,0.5925817414238694
Janibacter indicus,0.5838215677763603
Blastococcus saxobsidens,0.5751644358324108
Friedmanniella sagamiharensis,0.5537778071246536
Paracoccus sp. AK26,0.5362794544274448
Rhodopseudomonas palustris,0.535171411748212
Paracoccus sanguinis,0.5222359321160214
Friedmanniella luteola,0.5143115306821421
Cupriavidus metallidurans,0.5030529373796374
Corynebacterium ureicelerivorans,0.49805638075098285
Acinetobacter johnsonii,0.4968028256599128
Marmoricola scoriae,0.48697005786714265
Rothia mucilaginosa,0.48200299461284035
Bradyrhizobium sp. SK17,0.4815479249332546
Cutibacterium granulosum,0.4785530545525176
Corynebacterium segmentosum,0.4711254421998117
Janibacter melonis,0.4641819044014323
Bradyrhizobium sp. 6(2017),0.45131866806710463
Sphingomonas sp. AAP5,0.4400767346072664
Sphingomonas sp. PAMC26645,0.42009273780247647
Nocardioides sp. HDW12B,0.4194231343375553
Nocardioides sp. R-3366,0.4160473487275362
Sorangium cellulosum,0.41332968929651087
Nocardioides sp. CF8,0.4119190049860908
Klebsiella pneumoniae,0.40968657876752657
Nocardioides sp. S-1144,0.4091771431685873
Staphylococcus epidermidis,0.402557553230267
Streptococcus mitis,0.39426584067821335
Acinetobacter lwoffii,0.3911739126770282
Methylorubrum populi,0.3887563412737992
Methylobacterium brachiatum,0.3878428214701521
Phycicoccus sp. HDW14,0.38721081401780166
Clavibacter michiganensis,0.38450774558777767
Methylorubrum extorquens,0.38110315020605234
Nocardioides sp. JS614,0.3807088490111634
Ramlibacter tataouinensis,0.3751011837989078
Methylobacterium mesophilicum,0.3725453104441306
Kocuria turfanensis,0.37222028800838236
Staphylococcus hominis,0.37165774045077693
Streptomyces venezuelae,0.37160984913534284
Sphingomonas taxi,0.3689113014914572
Deinococcus sp. NW-56,0.36540947409933566
Nocardioides sp. zg-579,0.3649833371097596
Nocardioides seonyuensis,0.356929521039407
Schaalia odontolytica,0.3523708699220235
Dermacoccus nishinomiyaensis,0.34109521827127987
Xanthomonas campestris,0.3397078141060262
Actinomyces sp. oral taxon 171,0.339576585259734
Pseudonocardia sp. Gen01,0.3366432021102576
Paracoccus sp. 2251,0.3350738181877211
Acinetobacter baumannii,0.33445659778923575
Brevundimonas naejangsanensis,0.3344330528255288
Sphingomonas ginsengisoli An et al. 2013,0.3313710637552708
Nocardioides euryhalodurans,0.33011200312964745
Microbacterium aurum,0.32544191125911526
Sphingomonas sp. FARSPH,0.3223993001910971
Pseudomonas oryzihabitans,0.31964007241571574
Mesorhizobium sp. NIBRBAC000500504,0.3170080157481027
Kytococcus sedentarius,0.3150839592465428
Corynebacterium jeikeium,0.3134559431726987
Methylobacterium sp. WL1,0.31290901823367506
Acinetobacter schindleri,0.3121320178932183
Massilia sp. WG5,0.31129438370823137
Kocuria flava,0.30335612511017584
Microlunatus phosphovorus,0.3027576769839711
Bradyrhizobium erythrophlei,0.3013616409134746
Microbacterium foliorum,0.30064954406299016
Actinomyces oris,0.29643553573929593
Sphingomonas insulae,0.29441086776306136
Hymenobacter sp. DG01,0.2935824172622828
Paracoccus contaminans,0.29290194289558924
Agrococcus carbonis,0.29243723436858826
Rothia dentocariosa,0.28700961966948396
Stenotrophomonas rhizophila,0.2869813707914305
Staphylococcus cohnii,0.28638896988560875
Hymenobacter sp. APR13,0.28609666162642666
Methylobacterium sp. 17Sr1-43,0.28415768880598685
Nocardioides dokdonensis,0.2821068459454193
Streptococcus oralis,0.28100862675476923
Bradyrhizobium betae,0.278003901179116
Pseudomonas fluorescens,0.27792341596885767
Ornithinimicrobium flavum,0.2774078106057281
Duganella sp. GN2-R2,0.2747961073508392
Pseudomonas aeruginosa,0.27030549856145947
Nocardioides sp. 603,0.2683195237653075
Kocuria sp. KD4,0.26690017133305466
Nocardioides sp. HDW12A,0.26649814359457086
Janibacter limosus,0.2664460514092435
Roseomonas gilardii,0.2657328318221423
Corynebacterium singulare,0.2657206441746989
Pantoea agglomerans,0.26538758141233354
Nocardioides sp. dk884,0.26414860695333997
Brevibacterium sp. CS2,0.2625807598702922
Xanthomonas euvesicatoria,0.261589442013247
Actinomyces naeslundii,0.25728653872798946
Sphingomonas sp. LK11,0.25174503978661944
Arsenicicoccus sp. oral taxon 190,0.25024938613823944
Corynebacterium aurimucosum,0.2445191837478374
Massilia putida,0.24334228343664502
Nocardioides sp. SB3-45,0.2431834430761028
Actinomyces sp. oral taxon 414,0.24245141969276796
Corynebacterium minutissimum,0.2416392052042475
Altererythrobacter sp. TH136,0.241124047361135
Ralstonia pickettii,0.2403638671322262
Aquabacterium olei,0.24018660992741084
Deinococcus metallilatus,0.23938910191629656
Deinococcus swuensis,0.2388920210624325
Dietzia sp. oral taxon 368,0.23684643668631206
Nocardioides humi,0.23673789156329172
Serinicoccus profundi,0.23477258987425617
Skermanella pratensis,0.23410826667287243
Gemmatirosa kalamazoonesis,0.23310462374875301
Corynebacterium matruchotii,0.23277985517887703
Mitsuaria sp. 7,0.23179225299621195
Brachybacterium saurashtrense,0.2316497422478285
Neisseria mucosa,0.23137011371454352
Methylobacterium durans,0.2313673982801892
Hymenobacter sp. PAMC 26554,0.22993120668087108
Sphingomonas sp. LMO-1,0.22992551447350426
Kocuria indica,0.2296118711228816
Nakamurella multipartita,0.22738287003461857
Corynebacterium imitans,0.22476077278889062
Cupriavidus taiwanensis,0.22474374432205704
Corynebacterium kroppenstedtii,0.2223854790720086
Staphylococcus capitis,0.21755827887646967
Sphingobium yanoikuyae,0.21573783104061114
Deinococcus wulumuqiensis,0.21152837441430933
Toxoplasma gondii,0.208659903686446
Sphingomonas panacis,0.20856531874785839
Rhodobacter sphaeroides,0.20822156750550244
Ornithinimicrobium sp. AMA3305,0.20731527277703213
Nocardioides sp. 78,0.20430961033577968
Mycolicibacterium doricum,0.20315524758077083
Haemophilus parainfluenzae,0.20117187963593
Micrococcus sp. KBS0714,0.19999190191097252
Bradyrhizobium guangzhouense,0.19906201630148718
Staphylococcus aureus,0.19837470455555717
Corynebacterium genitalium,0.19831025855451154
Rubrivivax gelatinosus,0.19793696322657936
Veillonella parvula,0.19442056853981782
Phycicoccus dokdonensis,0.19129837770551272
Hymenobacter swuensis,0.1904883724300543
Methylobacterium radiotolerans,0.1898120366414224
Acinetobacter indicus,0.1884842103108711
Variovorax sp. HW608,0.18743482831292582
Bradyrhizobium sp. ORS 3257,0.1873621967845293
Sphingomonas melonis,0.18712944504274578
Hymenobacter sedentarius,0.18701180479095714
Streptococcus pneumoniae,0.1858792989779803
Streptococcus sanguinis,0.18585108327734026
Hymenobacter sp. BRD72,0.18465163712948895
Comamonas aquatica,0.18443633581908592
Stenotrophomonas sp. LM091,0.18327820720162474
Methylobacterium sp. 4-46,0.18320740621596632
Actinomyces viscosus,0.18245759149941307
Massilia violaceinigra,0.18197402984891708
Micropruina glycogenica,0.18040345379142278
Pseudoxanthomonas suwonensis,0.1801944061387723
Gardnerella vaginalis,0.17994615069682898
Microbacterium lemovicicum,0.17842800123339547
Bradyrhizobium guangdongense,0.17743113547879538
Pseudomonas mendocina,0.17740988729072454
Auraticoccus monumenti,0.1768096010377597
Bradyrhizobium symbiodeficiens,0.17593411165494752
Kineococcus radiotolerans,0.17533912425196413
Massilia lutea,0.17501377117990852
Bradyrhizobium japonicum,0.17499243311603227
Sphingomonas hengshuiensis,0.17460542751785926
Rhizobacter gummiphilus,0.17430238321690697
Acinetobacter sp. ACNIH1,0.1731003851941806
Sphingomonas sp. HKS19,0.17292523991251754
Ornithinimicrobium sp. HY006,0.17226506194142907
Cellulomonas sp. Y8,0.17050858661623264
Conexibacter woesei,0.17017548958372763
Brachybacterium faecium,0.16903931347524248
Rhodococcus fascians,0.16814575833459453
Bradyrhizobium sp. 1(2017),0.16762876468594692
Nocardioides sp. KUDC 5002,0.16676700951682186
Brachybacterium ginsengisoli,0.16493149440717847
Brachybacterium sp. SGAir0954,0.16456585255359205
Pimelobacter simplex,0.1624101625131074
Clostridium botulinum,0.16031706787738664
Corynebacterium xerosis,0.16011344664862132
Propioniciclava sp. HDW11,0.15929928367417318
Corynebacterium simulans,0.15907653329259805
Variovorax sp. PAMC 28711,0.1590513341505251
Deinococcus gobiensis,0.1584855995503407
Nocardioides sp. JQ2195,0.1575450262542874
Hymenobacter sp. PAMC 26628,0.15696868151267798
Corynebacterium sanguinis,0.15581140266126706
Baekduia soli,0.15509813409492026
Hymenobacter sp. BT18,0.15505969502505795
Sphingomonas sp. LM7,0.1540506962852868
Methylobacterium sp. C1,0.15222166563067457
Bradyrhizobium sp. CCGE-LA001,0.15211713278156655
Acinetobacter junii,0.15090908616433676
Streptococcus thermophilus,0.15078444569600277
Bradyrhizobium zhanjiangense,0.15068927888982986
Staphylococcus haemolyticus,0.1494194243209004
Streptococcus gordonii,0.14737982125297955
Microvirga ossetica,0.14734887638300562
Lautropia mirabilis,0.14622061639565143
Pantoea sp. PSNIH1,0.14619850300126258
Corynebacterium striatum,0.14503809283747604
Bradyrhizobium guangxiense,0.14461113707376577
Sphingomonas paucimobilis,0.144431877112729
Zymoseptoria tritici,0.14428852116545024
Bradyrhizobium amphicarpaeae,0.1442840004150002
Pseudonocardia dioxanivorans,0.14402577954026002
Sphingomonas sanxanigenens,0.14378559659440507
Brachybacterium sp. P6-10-X1,0.14318329989042594
Botrytis cinerea,0.14110246957956324
Acinetobacter sp. NEB149,0.14096084144947088
Neisseria subflava,0.1407863494239902
Oscillatoria nigro-viridis,0.14009524220276096
Variovorax sp. PMC12,0.13704374952626136
Prevotella melaninogenica,0.13665781624688567
Klebsiella oxytoca,0.136240654236049
Sphingomonas sp. Cra20,0.13602896105469725
Cercospora beticola,0.13543645716195718
Aeromicrobium choanae,0.13517773090910853
Agrobacterium tumefaciens,0.13514021226492529
Dietzia lutea,0.1349654609957935
Hymenobacter sp. TS19,0.1338215199138291
Brevundimonas sp. SGAir0440,0.13381471312834156
Pseudomonas alcaligenes,0.13316020032338463
Acinetobacter radioresistens,0.13216319505895824
Cutibacterium avidum,0.13175513359363175
Bradyrhizobium diazoefficiens,0.13132494522481591
Hymenobacter sp. BT182,0.13047711005165818
Lactococcus lactis,0.1281400985478104
Paracoccus zhejiangensis,0.12793125126475396
Sphingomonas sp. NIC1,0.12717086406752745
Rathayibacter sp. VKM Ac-2759,0.12674399068334358
Acinetobacter ursingii,0.1264659869413782
Achromobacter xylosoxidans,0.12625544092381757
Massilia albidiflava,0.1255660882870842
Acidovorax sp. KKS102,0.12490699344801046
Lawsonella clevelandensis,0.12423914017420906
Sphingomonas koreensis,0.1229795971208184
Aspergillus oryzae,0.12278133340976823
Bradyrhizobium sp.,0.12189167341229898
Pantoea vagans,0.12111703315897483
Massilia umbonata,0.12058209264714137
Intrasporangium calvum,0.11893295772812312
Curtobacterium flaccumfaciens,0.11884739646118933
Roseomonas mucosa,0.11874585082557954
Gordonia bronchialis,0.1163619781207581
Brevundimonas diminuta,0.11553772863818837
Nocardioides daphniae,0.11546834540087106
Brevibacterium luteolum,0.11378332441191988
Azospirillum brasilense,0.11289025311795432
Finegoldia magna,0.11272650042656486
Actinoplanes friuliensis,0.1125133220244831
Deinococcus sp. AJ005,0.1108788865889596
Escherichia coli,0.1100321788235952
Sphingomonas sp. AP4-R1,0.10918735788010943
Neurospora crassa,0.10886900911584134
Roseateles depolymerans,0.10860936666001815
Sphingosinicella sp. BN140058,0.10840968595014022
Methylobacterium aquaticum,0.10817421553331127
Brachybacterium vulturis,0.10748717533918291
Methylobacterium nodulans,0.10614836388347386
Bradyrhizobium sp. 58S1,0.10492989612992008
Gordonia terrae,0.10458191848475623
Gemella haemolysans,0.1045560196651491
Sphingomonas sp. XS-10,0.10416668432606842
Massilia armeniaca,0.1037285528341794
Paucibacter sp. KCTC 42545,0.10280422354363003
Haematobacter massiliensis,0.10273418135589936
Rathayibacter festucae,0.10219236194762693
Microbacteriaceae bacterium WY83,0.10155157551605692
Rhodococcus sp. PBTS 1,0.10153280973171487
Stenotrophomonas acidaminiphila,0.10069078269462281
Deinococcus ficus,0.10022413628806258
Pseudomonas rhizosphaerae,0.10020808415637077
Chryseobacterium haifense,0.10018118393638255
Acidovorax carolinensis,0.0998732910812372
Salmonella enterica,0.09967372860713804
Leishmania mexicana,0.09899762930714205
Leptothrix cholodnii,0.09895543625678613
Pasteurella multocida,0.09853375176539134
Rubrobacter sp. SCSIO 52909,0.09837991958950416
Pseudomonas balearica,0.09811828790593663
Sphaerotilus natans,0.09745413252354122
Pantoea dispersa,0.09638903676789802
Bradyrhizobium sp. ORS 285,0.09564510166892358
Sphingomonas indica,0.09483306639029958
Bradyrhizobium sp. S23321,0.09463798749049511
Chroococcidiopsis thermalis,0.09447634029817928
Microbacterium sp. 4R-513,0.09210066963749171
Acinetobacter haemolyticus,0.09180717994679682
Enterobacter cloacae,0.09177355886031996
Pseudomonas tolaasii,0.09168638254191849
Acinetobacter pittii,0.0915616454380484
Streptococcus sp. oral taxon 431,0.09152517858331052
Dietzia psychralcaliphila,0.09097287747619758
Staphylococcus saprophyticus,0.09052826420341199
Lysobacter oculi,0.09015552763800865
Brachybacterium avium,0.08979309692916941
Pseudescherichia vulneris,0.08921328998712312
Sphingomonas sp. MM-1,0.08913006665377929
Mixta calida,0.08897471928884913
Rhizobium leguminosarum,0.0888971818413804
Sphingomonas sp. C33,0.08854730169583362
Tessaracoccus sp. T2.5-30,0.0883958246958079
Pseudomonas graminis,0.0882987112903573
Thermomonas sp. SY21,0.08759613072108642
Erwinia gerundensis,0.08745747535013983
Serinicoccus chungangensis,0.08677791005242765
Methylobacterium currus,0.08664247290687077
Kribbella flavida,0.08651915341895287
Actinoplanes sp. N902-109,0.08594496538000694
Cellulomonas sp. H30R-01,0.08543810952970371
Nonomuraea sp. ATCC 55076,0.08542756026603444
Massilia plicata,0.08446599971693354
Streptococcus salivarius,0.08365859932479569
Leclercia adecarboxylata,0.08166458435539285
Corynebacterium glaucum,0.08141978874439684
Hymenobacter sp. DG25B,0.08079673803011303
Kocuria sp. BT304,0.07980104003728763
Sanguibacter keddieii,0.07969606925912327
Sphingomonas sp. HDW15C,0.07907338816835183
Faecalibacterium prausnitzii,0.07885852788303253
Psychrobacter sp. P11F6,0.07865077419535502
Chryseobacterium indoltheticum,0.078614710785845
Inhella inkyongensis,0.07811693502050142
Chryseobacterium sp. H6466,0.07763746654080292
Paracoccus aminovorans,0.07760329008694386
Miniimonas sp. S16,0.07752364745078487
Brevundimonas mediterranea,0.07727129182180591
Deinococcus puniceus,0.07722199756101661
Bradyrhizobium sp. 4(2017),0.07707170060894995
Burkholderiales bacterium JOSHI_001,0.07704450988316433
Hymenobacter nivis,0.07617660437680848
Microbacterium pygmaeum,0.07587685525116905
Duganella sp. AF9R3,0.07580619246105276
Microbacterium oxydans,0.07566391219172326
Bradyrhizobium oligotrophicum,0.07515297981127628
Colletotrichum higginsianum,0.07449242931524351
Nocardioides sp. dk3136,0.07352993849535966
Stenotrophomonas sp. 364,0.07333859715223666
Chryseobacterium sp. F5649,0.07328985966476985
Bradyrhizobium sp. CCBAU 051011,0.07326473371556445
Babesia bigemina,0.07239328669286313
Tetrasphaera sp. HKS02,0.07203769557573587
Gordonia sp. JH63,0.071279294642347
Iamiaceae bacterium SCSIO 58843,0.07125244595140469
Serinicoccus sp. W204,0.07122328466010235
Microbacterium sp. No. 7,0.07117434044008296
Acidovorax sp. 1608163,0.07105136849958921
Microbacterium sp. LKL04,0.07100706086149139
Saccharothrix syringae,0.07090487743368278
Pseudomonas lundensis,0.07081448785315855
Enterobacter hormaechei,0.07041423344484897
Georgenia sp. Z294,0.07011044838493748
Tessaracoccus flavus,0.06970749026659594
Comamonas testosteroni,0.069675194916261
Cellulomonas fimi,0.06940140963178588
Mycolicibacterium psychrotolerans,0.06938131924714178
Massilia flava,0.06917900251880474
Pseudomonas moraviensis,0.06866200566992615
Corynebacterium variabile,0.06817411306002145
Serinicoccus sp. JLT9,0.0677290297554232
Rheinheimera sp. LHK132,0.06754656713980185
Brevundimonas sp. M20,0.06739158527687546
Kocuria rhizophila,0.0664657645706991
Sphingopyxis macrogoltabida,0.06582602399560336
Corynebacterium riegelii,0.06521021780184957
Brevundimonas sp. MF30-B,0.0650188133339298
Luteimonas sp. YGD11-2,0.06500896182523672
Bradyrhizobium sp. ORS 278,0.0647546400472362
Paracoccus jeotgali,0.06416387161233442
Fusobacterium nucleatum,0.06384187917039583
Pseudomonas chlororaphis,0.06378745453270314
Lysobacter enzymogenes,0.06369238279449356
Cupriavidus basilensis,0.06339053992353437
Deinococcus actinosclerus,0.0628018591715672
Methylobacterium sp. 17Sr1-1,0.06271260926544964
Corynebacterium urealyticum,0.06261521337901271
Sporisorium graminicola,0.06260926950375156
Prevotella intermedia,0.06221111862622715
Sphingomonas sp. HDW15B,0.06170805532974681
Actinoplanes derwentensis,0.06120122858463408
Mycolicibacterium phocaicum,0.06093419002057739
Actinoplanes sp. OR16,0.060607687972810326
Buchnera aphidicola,0.06025826826762204
Thermothelomyces thermophilus,0.06010121200380406
Brevundimonas sp. GW460-12-10-14-LB2,0.06006795483338088
Methylobacterium terrae,0.060061501888239416
Lacrimispora sphenoides,0.05989917416656183
Pseudomonas sp. R2A2,0.05988717918304679
Clostridium perfringens,0.059883769862664867
Paracoccus pantotrophus,0.05947850532026155
Pseudonocardia autotrophica,0.059476026372695584
Bradyrhizobium icense,0.05934798286245043
Cellulomonas sp. JZ18,0.0592770208470173
Acinetobacter sp. WCHA55,0.05926043106741298
Janthinobacterium agaricidamnosum,0.05923837303829514
Acinetobacter sp. WCHA45,0.0592010769958121
Corallococcus coralloides,0.05890583432366188
Rothia aeria,0.05873968926588654
Atlantibacter hermannii,0.05811571630474881
Brevundimonas sp. 'scallop',0.05804103688018645
Pantoea sp. SO10,0.05776195095455058
Pseudomonas sp. THAF7b,0.05750956805103792
Streptococcus gwangjuense,0.057369233463902686
Pseudomonas koreensis,0.05685439826821078
Thermothielavioides terrestris,0.056846822694101073
Cloacibacterium normanense,0.056483010644839605
Microbacterium chocolatum,0.05587874022180846
Brevibacterium linens,0.05572238085268677
Rhodoferax koreense,0.05556962666458336
Rubrobacter sp. SCSIO 52915,0.05504873598342918
Archangium gephyra,0.05491407039213111
Actinoplanes teichomyceticus,0.054259052120511866
Alicycliphilus denitrificans,0.05357901783643703
Methylobacterium phyllosphaerae,0.05343315149424853
Deinococcus geothermalis,0.05334047356123444
Paracoccus denitrificans,0.05314171543468853
Brevibacterium aurantiacum,0.05290958553826827
Roseomonas sp. FDAARGOS_362,0.05276744563831725
Agrococcus jejuensis,0.05273701785152774
Neisseria elongata,0.05266453017308213
Staphylococcus simulans,0.0525839185975259
Pseudonocardia sp. HH130630-07,0.05254547838947245
Dietzia timorensis,0.05187748749059426
Bosea sp. Tri-49,0.05180768082024855
Bradyrhizobium sp. WSM471,0.05158945928463461
Pseudomonas oleovorans,0.051437010854482275
Aerococcus urinaeequi,0.05114117830586761
Pseudonocardia sp. AL041005-10,0.05091523637030599
Mycolicibacterium aurum,0.05083258384841767
Veillonella dispar,0.05066723826395455
Pseudomonas syringae,0.050300513226833016
Luteitalea pratensis,0.050296526709120465
Actinoplanes missouriensis,0.05008169118371167
Serinicoccus marinus,0.04996463387949028
Microbacterium sp. ABRD_28,0.04965853680607927
Phenylobacterium zucineum,0.049562385208932046
Octadecabacter temperatus,0.049484326702068634
Planctomycetes bacterium ETA_A1,0.049241233407867555
Tsukamurella tyrosinosolvens,0.04770718572935266
Acetobacteraceae bacterium,0.04718273190933459
Aspergillus fumigatus,0.04711951995957515
Streptococcus parasanguinis,0.046521271065537016
Pseudomonas monteilii,0.04627441423059973
Microbacterium oleivorans,0.046180439162118704
Bradyrhizobium lablabi,0.04613792384147549
Microbacterium sp. BH-3-3-3,0.04595568177876587
Deinococcus radiodurans,0.045944379791253175
Xylophilus sp. KACC 21265,0.045705828591462
Cystobacter fuscus,0.045416373678584275
Chryseobacterium sp. 3008163,0.045345847629535606
Tessaracoccus flavescens,0.045307962686603476
Chryseobacterium taklimakanense,0.04518889633077428
Microbacterium hominis,0.04499708166917106
Streptococcus sp. 116-D4,0.04482443420416007
Pseudomonas sp. phDV1,0.04481596097151272
Psychrobacter sp. DAB_AL43B,0.04472852120582056
Mycolicibacterium gilvum,0.04466442771038593
Brevundimonas sp. LM2,0.04445615322543069
Halomonas sp. JS92-SW72,0.04445024430871662
Brevundimonas vancanneytii,0.04405094050874643
Lacrimispora saccharolytica,0.043882236620622676
Shewanella sp. WE21,0.04369429127493644
Lactobacillus fermentum,0.043556696127358845
Aerococcus viridans,0.04349119849361813
Shewanella baltica,0.04348027918802706
Acinetobacter nosocomialis,0.043084395175005764
Leclercia sp. 29361,0.04296637251025466
Paenibacillus odorifer,0.04284919547847338
Altererythrobacter sp. NS1,0.042809781510589694
Massilia sp. NR 4-1,0.042788426816710017
Cellulomonas shaoxiangyii,0.04273784723892787
Pseudomonas azotoformans,0.04273153051703836
Pseudomonas sp. CFSAN084952,0.042323571986049954
Pseudomonas fragi,0.04230610562529674
Ornithinimicrobium sp. H23M54,0.04197130670967239
Pseudomonas luteola,0.041940593137422
Ralstonia insidiosa,0.041860853106331274
Acinetobacter towneri,0.041467731481128416
Actinomyces sp. oral taxon 897,0.04146627547373548
Acinetobacter wuhouensis,0.04133905702241124
Rhodococcus sp. PBTS 2,0.041262025277976656
Chryseobacterium balustinum,0.04122792223219506
Acinetobacter sp. TTH0-4,0.040876503617019326
Brevundimonas vesicularis,0.04054536784443493
Luteimonas sp. Gr-4,0.04015203598116011
Rathayibacter sp. VKM Ac-2760,0.04000257607661643
Erwinia billingiae,0.03988252027452209
Actinomyces radicidentis,0.03966130517441666
Acinetobacter sp. LoGeW2-3,0.039595324415058766
Lactobacillus iners,0.0395639965151095
Psychrobacter sp. AntiMn-1,0.03873864599615135
Lysinibacillus sp. YS11,0.038683248461741884
Microbacterium sp. 10M-3C3,0.03846386259320439
Pseudomonas xanthomarina,0.03843374862451744
Chryseobacterium sp. H3001,0.03824403112143542
Stenotrophomonas sp. SAU14A_NAIMI4_5,0.038215550901529435
Cellulomonas flavigena,0.03809634334769488
Qipengyuania sediminis,0.038073749739493096
Streptococcus cristatus,0.03781211881091214
Dolosigranulum pigrum,0.03754427720015775
Mycobacterium grossiae,0.03751371455705515
Pantoea rwandensis,0.0373030048462877
Bradyrhizobium sp. LCT2,0.03722384898913694
Streptococcus sp. LPB0220,0.03685378698338313
Lysobacter sp. TY2-98,0.03679474821267722
Pochonia chlamydosporia,0.036271437062609456
Pseudomonas entomophila,0.036014359175603174
Sinomonas atrocyanea,0.03598103771693129
Hymenobacter jejuensis,0.035453347645616536
Pantoea ananatis,0.03545229821320903
Streptococcus sp. HSISM1,0.03526042883203963
Microbacterium sp. Y-01,0.03523099194544816
Delftia tsuruhatensis,0.034878690569098286
Bradyrhizobium paxllaeri,0.034820163766817604
Stenotrophomonas sp. ESTM1D_MKCIP4_1,0.03476026611120175
Pseudomonas synxantha,0.03464169187581187
Variovorax sp. PBL-H6,0.034638913839904945
Ottowia oryzae,0.03457823987281806
Agromyces aureus,0.034431155703472
Paracoccus sp. SC2-6,0.034353483196548365
Pseudomonas sp. 02C 26,0.03426841102170581
Luteimonas sp. 100111,0.034236989673884395
Microlunatus soli,0.033955989503546224
Collinsella aerofaciens,0.0338985741369918
Lysobacter soli,0.03357819255287923
Microbacterium testaceum,0.033499897442709335
Corynebacterium maris,0.03315952573002265
Ochrobactrum anthropi,0.03291267998950261
Pantoea sp. At-9b,0.03283991901164577
Variovorax boronicumulans,0.03280663290550669
Microbacterium sp. PM5,0.03278774816555105
Acinetobacter sp. WCHAc010034,0.032672864541224866
Streptomyces albus,0.03259367831652211
Plasmodium malariae,0.03255913718245095
Fusarium venenatum,0.03243032853238206
Sphingobium cloacae,0.03234356573949535
Amycolatopsis mediterranei,0.032128402019462945
Thermomonas sp. HDW16,0.03210851309969196
Enterococcus faecalis,0.03202883895067083
Klebsiella aerogenes,0.031780853434995995
Corynebacterium sp. ATCC 6931,0.03172338152152477
Dictyostelium discoideum,0.031607782411583026
Caulobacter segnis,0.03158228640367963
Variovorax sp. PBS-H4,0.03154764519906156
Sphingobacterium daejeonense,0.031358484078497645
Cupriavidus pauculus,0.03128884846923636
Sphingomonas wittichii,0.031087788159289313
Klebsiella variicola,0.03096843675814573
Novosphingobium resinovorum,0.030946339903721545
Chryseobacterium gleum,0.030896094488455834
Streptococcus australis,0.030872537735121146
Hymenobacter sp. HDW8,0.030746894179909605
Prevotella jejuni,0.03073664053962289
Empedobacter brevis,0.03072216156313515
Sphingomonas sp. AE3,0.030546496345507296
Hymenobacter oligotrophus,0.030512951779919324
Debaryomyces hansenii,0.03047474297617965
Pseudomonas simiae,0.030444320225528034
Pyricularia pennisetigena,0.03033582999648587
Chryseobacterium sp. NEB161,0.030127226676433458
Microbacterium sediminis,0.03008543690812238
Jiangella sp. DSM 45060,0.030036678416759294
Clostridium argentinense,0.03001785131078807
Kosakonia cowanii,0.0299047829745959
Microterricola viridarii,0.029873162223737124
Sphingomonas sp. IC081,0.029822812923394292
Pseudomonas fulva,0.02978515798774292
Bosea sp. RAC05,0.029765969865317023
Pyricularia oryzae,0.029725454302001717
Brochothrix thermosphacta,0.02971534296559537
Pseudomonas orientalis,0.02971127018613801
Cupriavidus oxalaticus,0.02961859026322482
Jiangella alkaliphila,0.029612063709244046
Variovorax sp. WDL1,0.029603606261399212
Variovorax sp. RA8,0.029541171542237666
Hydrogenophaga sp. NH-16,0.02942726168527168
Peptoniphilus harei,0.02938299781219993
Melittangium boletus,0.02935062155277986
Cellulomonas gilvus,0.029031850288113906
Pauljensenia hongkongensis,0.028988836397692317
Enterococcus casseliflavus,0.028980685140966016
Acinetobacter sp. ACNIH2,0.02892798049474363
Pseudomonas sp. LTJR-52,0.02869581215070553
Corynebacterium mycetoides,0.028654799130459034
Flavisolibacter sp. 17J28-1,0.028628516859445487
Ensifer adhaerens,0.02861409537417501
Pseudomonas sp. R32,0.02857666270854127
Chryseobacterium shandongense,0.028492369394182194
Acidovorax avenae,0.028370698988328585
Enterobacter sp. E76,0.02831930984208024
Exiguobacterium mexicanum,0.028277092604038975
Pseudopropionibacterium propionicum,0.02819840277295833
Megamonas funiformis,0.0280305621420456
Hymenobacter sp. 17J36-26,0.02798057760076482
Chryseobacterium sp. G0201,0.027955535481158943
Pseudomonas sp. DG56-2,0.02795513983984219
Fusarium verticillioides,0.02780658223624545
Microlunatus sp. KUDC0627,0.02780003737372682
Bacillus cereus,0.027645341447644342
Curtobacterium sp. SGAir0471,0.027537445873187957
Corynebacterium efficiens,0.027461100783063006
Pseudomonas sp. SNU WT1,0.02741100464060616
Psychrobacter sp. P11G3,0.027303558244286142
Leuconostoc mesenteroides,0.027203617505972066
Pseudomonas alkylphenolica,0.027193044745226908
Curtobacterium sp. BH-2-1-1,0.027192142325728686
Veillonella atypica,0.027163511299706018
Pyricularia grisea,0.027040283152551924
Chryseobacterium indologenes,0.026988500115031372
Acinetobacter guillouiae,0.02696730793405759
Flavobacterium sp. KBS0721,0.0267151828831121
Acinetobacter venetianus,0.026643327567490504
Pantoea stewartii,0.026633712424477377
Mycolicibacterium sediminis,0.026621719423624922
Cellulomonas sp. PSBB021,0.02661002862075385
Enterobacter roggenkampii,0.026586869932395826
Pseudomonas parafulva,0.026567141510215518
Spirosoma rigui,0.026537325226013972
Acinetobacter cumulans,0.02641145743612537
Stenotrophomonas sp. G4,0.026262135715208954
[Polyangium] brachysporum,0.026168841199516044
Deinococcus soli Cha et al. 2016,0.02613234164787697
Glutamicibacter arilaitensis,0.026068003526017326
Chryseobacterium carnipullorum,0.02593940644890088
Caulobacter flavus,0.025902038426389603
Brevundimonas subvibrioides,0.02587827520935106
Plasmodium coatneyi,0.02569994677874984
Hymenobacter sp. DG25A,0.025584417085392518
Lactobacillus crispatus,0.025399001831048023
Cellulosimicrobium cellulans,0.025348903265076845
Planctomycetes bacterium ElP,0.02515617688040011
Haemophilus influenzae,0.025019339441664692
Spirosoma pollinicola,0.024942317675475296
Bacteroides vulgatus,0.024933849752820324
Caulobacter vibrioides,0.02487805274225106
Polaromonas naphthalenivorans,0.024674264546732664
Curtobacterium sp. MR_MD2014,0.02467006236064315
Serratia marcescens,0.024439283346225086
Corynebacterium sp. NML98-0116,0.024325710166698305
Xanthomonas translucens,0.024324931312301196
Bacillus megaterium,0.02428688349251603
Nonomuraea sp. WYY166,0.02418287094568864
Enterobacter sp. SA187,0.02409898403731421
[Ruminococcus] gnavus,0.024061650735513907
Pseudomonas umsongensis,0.023979054986651878
Enterobacter cancerogenus,0.023892236795462603
Pseudomonas protegens,0.02386778336897102
Candida dubliniensis,0.023822781007869075
Rubrobacter xylanophilus,0.023793296971255037
Lysinibacillus sphaericus,0.023712761957577547
Bacteroides fragilis,0.023417160275858315
Caulobacter sp. FWC26,0.0233567392446281
Chryseobacterium sp. 17S1E7,0.023329505995418623
Cronobacter sakazakii,0.02332390942447869
Pseudomonas sp. BJP69,0.02331863178694438
Sphingobium sp. RAC03,0.02329578228956583
Chryseobacterium glaciei,0.023174611924854184
Xanthomonas citri,0.023118135369291002
Enterobacter asburiae,0.023013433452462574
Methylobacterium sp. DM1,0.022961465041714865
Cedecea neteri,0.02295103801270784
Pseudomonas sp. HLS-6,0.022856762860796808
Acidovorax sp. RAC01,0.02278927856537286
Pseudomonas sp. StFLB209,0.022700300749875498
Anaerocolumna sp. CBA3638,0.022692550965795744
Pantoea eucalypti,0.02253171057891341
Fusarium oxysporum,0.02252055273440356
Microbacterium oryzae,0.022394968762507017
Achromobacter spanius,0.022290000263966648
Curtobacterium pusillum,0.02219371437677583
Pseudomonas rhodesiae,0.022120923615005655
Nostoc flagelliforme,0.02211592073807636
Paenibacillus sp. FSL H7-0737,0.022069162652654115
Neisseria sp. oral taxon 014,0.02203842118774626
Hydrogenophaga sp. RAC07,0.022033449075503708
Microbacterium sp. XT11,0.02200572650346614
Acinetobacter sp. NCu2D-2,0.021926718902525358
Staphylococcus arlettae,0.021878810412256127
Nocardia brasiliensis,0.021712869684177852
Gemella sanguinis,0.021633625037352545
Psychrobacter arcticus,0.021596625160018226
Sphingomonas sp. HDW15A,0.02158729650980949
Pseudomonas plecoglossicida,0.021509353185934367
Mycobacterium avium,0.021466751349989027
Pseudomonas lurida,0.021237640471959935
Chryseobacterium sp. G0186,0.021229252267441812
Streptococcus sp. NPS 308,0.02119376905701173
Yarrowia lipolytica,0.02111458342119219
Pantoea sp. CCBC3-3-1,0.021078785772547154
Clostridium tetani,0.020976159712255176
Brevundimonas sp. DS20,0.020943363716304376
Bacillus circulans,0.02093005068053182
Stenotrophomonas sp. ZAC14D2_NAIMI4_7,0.020875675172168116
Arthrobacter crystallopoietes,0.020541586417579746
Sphingobium sp. YG1,0.020531772899749064
Epidermidibacterium keratini,0.02052131251652376
Blautia sp. SC05B48,0.020449729654009423
Pseudomonas sp. J380,0.02034537657286872
Pseudomonas alcaliphila,0.02030380778860565
Methylobacterium sp. XJLW,0.020265822482327528
Microbacterium sp. 1S1,0.020255229974133582
Lactobacillus plantarum,0.02025115485871496
Cryptococcus neoformans,0.020249955096747187
Paracoccus sp. BM15,0.020211693584641054
Pseudomonas psychrotolerans,0.02017950360896334
Leifsonia xyli,0.020177971064160104
Propionibacterium freudenreichii,0.020109104503825682
Pseudoxanthomonas spadix,0.020073694675987085
Pseudomonas versuta,0.02003332417195469
Pseudomonas viridiflava,0.01999038420965989
Pseudonocardia sp. HH130629-09,0.01993547084824039
Bradyrhizobiaceae bacterium SG-6C,0.019933799252824794
Chryseobacterium sp. T16E-39,0.019885166245936437
Staphylococcus warneri,0.019842281143198075
Pseudomonas psychrophila,0.019707510988430606
Listeria monocytogenes,0.019676702247003373
Chryseobacterium sp. IHB B 17019,0.01960841665016914
Pseudomonas sihuiensis,0.01942768082269533
Bifidobacterium adolescentis,0.01941986260617124
Chryseobacterium arthrosphaerae,0.019388239763780103
Neisseria flavescens,0.019386148058128123
Pluralibacter gergoviae,0.01936618555674842
Porphyromonas gingivalis,0.019357606297191122
Aeromonas caviae,0.019217893044728825
Ustilago maydis,0.019203927700424842
Pseudomonas saudiphocaensis,0.01914098482052822
Chryseobacterium bernardetii,0.019094527409756805
Mycolicibacterium chubuense,0.01908381728538071
Exiguobacterium sp. AT1b,0.0190752258323275
Microbacterium sp. PAMC 28756,0.019014010671567643
Plautia stali symbiont,0.018740900344868867
Frankia inefficax,0.01866893730608661
Microbacterium sp. RG1,0.018552290654809185
Acinetobacter tandoii,0.018546408668881516
Acinetobacter sp. dk386,0.01851041122862755
Chryseobacterium camelliae,0.01849120915937973
Acidipropionibacterium acidipropionici,0.018414012238475302
Leptotrichia wadei,0.018354006160206524
Pseudomonas sp. LPH1,0.018346112202691525
Neomicrococcus aestuarii,0.0182775228367955
Rathayibacter sp. VKM Ac-2804,0.01813902830587376
Pseudomonas sp. DTU12.3,0.018084637893464806
Pseudomonas sp. B10,0.018072932808557273
Corynebacterium casei,0.017894535641364156
Pseudomonas frederiksbergensis,0.017877182393311424
Plasmodium chabaudi,0.017858517279059766
Halomonas hydrothermalis,0.01779932781812853
Microbacterium sp. TPU 3598,0.017712011298709637
Thauera sp. MZ1T,0.017700842653247402
Flavobacterium johnsoniae,0.01764806734799233
Nostoc sphaeroides,0.01764542491155418
Xanthomonas sacchari,0.01754805496451717
Bosea sp. F3-2,0.017485832470792374
Acinetobacter sp. TGL-Y2,0.0174822762007314
Bifidobacterium longum,0.017475027665107952
Fusarium pseudograminearum,0.0174303229884655
Fusarium graminearum,0.017412744187886738
Micrococcus sp. A1,0.01734230435419689
Pseudomonas sp. CC6-YY-74,0.017237060360164518
Chryseobacterium sp. StRB126,0.017196994202925683
Tsukamurella paurometabola,0.017192294413253435
Pseudomonas cremoricolorata,0.017158917419828234
Devosia ginsengisoli,0.01709887355456179
Acinetobacter dispersus,0.01706211847470704
Bacillus thuringiensis,0.01699532197279722
Bacteroides dorei,0.016973881361423884
Shewanella sp. FDAARGOS_354,0.01697342033935697
Pantoea alhagi,0.01695585877274682
Macrococcus sp. IME1552,0.016850073355772717
Gemmataceae bacterium,0.016784641145065074
Chryseobacterium lactis,0.016731733657019975
Acinetobacter gyllenbergii,0.01666336134990458
Lachnoclostridium phytofermentans,0.016639906582980583
Enterobacter ludwigii,0.016614307875457573
Scytonema sp. HK-05,0.016604126459657826
Pseudomonas cichorii,0.016597235098183866
Agrobacterium larrymoorei,0.016498328528567533
Mycolicibacterium vanbaalenii,0.016495465525744567
Mycolicibacterium frederiksbergense,0.016436445552911957
Chryseobacterium joostei,0.016387241021255994
Corynebacterium flavescens,0.01633103750945601
Pseudomonas sp. R84,0.016171097849704854
Cryobacterium sp. LW097,0.016168315993368116
Fusarium fujikuroi,0.016165946379797208
Acidovorax ebreus,0.016135157536960192
Fusobacterium pseudoperiodonticum,0.016114704408184508
Beijerinckiaceae bacterium RH AL1,0.0161092219657868
Bacteroides uniformis,0.016082359395787532
Brevundimonas sp. Bb-A,0.01598380283708687
Diaphorobacter polyhydroxybutyrativorans,0.01596973156508261
Pseudomonas mandelii,0.015956512202010633
Microbacterium sp. CBA3102,0.01589301792351367
Stigmatella aurantiaca,0.015890914666933525
Enterococcus faecium,0.015785040982203024
Pseudomonas poae,0.015746790072092107
Streptomyces sp. Z423-1,0.015679125736051732
Pseudomonas syringae group genomosp. 3,0.015663771712158808
Arthrobacter sp. U41,0.015632408075267452
Microbacterium sp. ST-M6,0.015612901798044747
Lysobacter lycopersici,0.015611689071252986
Sinorhizobium fredii,0.015610399903947128
Psychrobacter sp. G,0.015565988565800746
Streptococcus sp. A12,0.015528668390665913
Pseudomonas sp. 7SR1,0.015508684863523574
Pseudomonas asturiensis,0.015508684863523574
Solibacillus silvestris,0.01549100778205377
Tessaracoccus aquimaris,0.01548490195739226
Plasmodium vivax,0.015465070967917268
Sphingomonas sp. C8-2,0.015288371486629019
Carnobacterium inhibens,0.01527575014731735
Psychrobacter urativorans,0.015256701225201523
Neorhizobium sp. NCHU2750,0.015227366002497382
Lactobacillus sp. P38,0.015180265654648957
Streptococcus pseudopneumoniae,0.015151124299635018
Rahnella aquatilis,0.01515006165039343
Shinella sp. HZN7,0.015135167021392814
Rhodobacter sp. LPB0142,0.01513436375340218
Anaerococcus prevotii,0.015125548342351651
Polynucleobacter necessarius,0.015120967741935484
Flavobacteriaceae bacterium 3519-10,0.01501908102899468
Aggregatibacter aphrophilus,0.014986895657438146
Bradyrhizobium canariense,0.014981061693123144
Acinetobacter calcoaceticus,0.014953812667145926
Psychrobacter cryohalolentis,0.01495300871751326
Leclercia sp. LSNIH1,0.01489586579719407
Acinetobacter sp. 185,0.014894002443102806
Staphylococcus pettenkoferi,0.014868902994220713
Chryseobacterium gallinarum,0.01479222710579785
Shewanella putrefaciens,0.014761600836631977
Plasmodium yoelii,0.014761136216783068
Neisseria meningitidis,0.014760887336939577
Paenibacillus sp. FSL R5-0345,0.014752325771539987
Gemmata obscuriglobus,0.014741241865623655
Chryseobacterium piperi,0.014715604624761913
Candida orthopsilosis,0.0146879125463142
Pseudomonas trivialis,0.014670885336926254
Pseudomonas sp. CMR5c,0.014612342874662523
Sphingopyxis fribergensis,0.014541980981035823
Ochrobactrum quorumnocens,0.014498432129265016
Diaphorobacter sp. JS3050,0.01448484234466377
Sphingomonas sp. MK52,0.014468152498984739
Stenotrophomonas sp. ASS1,0.014435527280389625
Pseudomonas sp. SK,0.014407361762311064
Pseudomonas extremaustralis,0.014338343476973993
Porphyrobacter sp. YT40,0.01422508469209346
Actinomyces pacaensis,0.014187504881432283
Lentzea guizhouensis,0.014144212350175229
Burkholderia dolosa,0.014112903225806451
Acidovorax sp. JS42,0.014072198358251489
Schizosaccharomyces pombe,0.014066136812088547
Pontibacter sp. BT326,0.01406210419493152
Lactobacillus delbrueckii,0.014031070200024422
Pseudomonas silesiensis,0.01400112892048376
Staphylococcus lugdunensis,0.01400000553543074
Weissella cibaria,0.013984156337165156
Pseudomonas sp. MPC6,0.013940383169752567
Actinomadura sp. WMMA1423,0.013921876081981342
Weissella confusa,0.013819965986995475
Pseudomonas sp. S35,0.013722423274373317
Mixta gaviniae,0.01367332686118265
Mycolicibacterium parafortuitum,0.01367068294636076
Pseudomonas sp. S09G 359,0.01364580079333738
Microbacterium sp. L-031,0.013614433532506236
Aeromicrobium erythreum,0.013568133145092198
Schaalia meyeri,0.0135197549391427
Janthinobacterium sp. 1_2014MBL_MicDiv,0.013494560761606782
Pseudomonas mediterranea,0.01349255583126551
Pseudomonas sp. ADAK13,0.01349255583126551
Pseudomonas brassicacearum,0.01349255583126551
Pseudomonas corrugata,0.01349255583126551
Pseudomonas sp. S34,0.01347512262384686
Limnobacter sp. SAORIC-580,0.013454141632509754
Nostocales cyanobacterium HT-58-2,0.013410818299003537
Sphingosinithalassobacter sp. zrk23,0.013410000496443029
Microbacterium protaetiae,0.013382537528196865
Stenotrophomonas sp. ZAC14A_NAIMI4_1,0.013361631059452277
Lysobacter maris,0.013321553879557167
Arenimonas daejeonensis,0.013300291487972656
Psychrobacter sp. P11G5,0.013296613145447323
Candidatus Hamiltonella defensa,0.013295209772549964
Moraxella catarrhalis,0.013256835401011096
Lelliottia amnigena,0.013254783392354549
Georgenia sp. ZLJ0423,0.013222860213174228
Nostoc sp. 'Lobaria pulmonaria (5183) cyanobiont',0.013218684062737098
[Enterobacter] lignolyticus,0.013218264973483189
Herbaspirillum huttiense,0.013197835184773637
Leclercia sp. 1106151,0.013163758562240536
Leuconostoc pseudomesenteroides,0.013140797567848958
Prevotella oris,0.013128800292157551
Enterococcus sp. FDAARGOS_375,0.013068348408777585
Glutamicibacter creatinolyticus,0.013042719908152969
Clostridium beijerinckii,0.012994206803504717
Bacteroides ovatus,0.012988881492790531
Microbacterium wangchenii,0.012888288173765675
Pedobacter sp. G11,0.012879957375655912
Stella humosa,0.012879941063099816
Sphingopyxis sp. QXT-31,0.012871487405387128
Flavonifractor plautii,0.012860369147609924
Leclercia sp. W17,0.012854423172259984
Luteipulveratus mongoliensis,0.01283867854123383
Sugiyamaella lignohabitans,0.012783353103023422
Pseudomonas sp. MYb193,0.012779812579636347
Truepera radiovictrix,0.012775302775360948
Sphingopyxis sp. EG6,0.012762538229645714
Leclercia sp. J807,0.012741531123884065
Gloeocapsa sp. PCC 7428,0.012735005923508274
Clostridioides difficile,0.012690460128790302
Tannerella sp. oral taxon HOT-286,0.012665047034426509
Acinetobacter soli,0.012636521244759216
Chryseobacterium carnis,0.012627535915476605
Candida albicans,0.01255607821202541
Leclercia sp. W6,0.012523571228504815
Sandaracinus amylolyticus,0.012522541170770179
Pseudomonas sp. S150,0.012492914473100967
Xanthomonas oryzae,0.012490482036372309
Rhodoplanes sp. Z2-YC6860,0.012490097886793155
Capnocytophaga sputigena,0.01248679193172728
Citrobacter freundii,0.01246287598612415
Stenotrophomonas sp. ZAC14D2_NAIMI4_6,0.01230886503989309
Pseudomonas libanensis,0.012243455212384798
Pseudomonas sp. K2W31S-8,0.012216273067427303
Cryptosporidium parvum,0.01216072458764367
Acinetobacter sp. 323-1,0.012147371243671054
Plasmodium berghei,0.012133100842778263
Staphylococcus equorum,0.01212066141573459
Plasmodium cynomolgi,0.012084102106607732
Mycolicibacterium arabiense,0.012082618823170167
Clostridium pasteurianum,0.012012713340986586
Paracoccus kondratievae,0.01194451839623119
Xanthobacter autotrophicus,0.01194237210722561
Gordonia polyisoprenivorans,0.011926654943479453
Auricoccus indicus,0.011916313481516986
Pseudomonas agarici,0.01189709617128972
Luteimonas yindakuii,0.011844646216324311
Porphyrobacter neustonensis,0.011832826257425504
Arthrobacter sp. YC-RL1,0.011809806539196385
Flavobacterium sp. HYN0086,0.011784980963587967
Serratia plymuthica,0.011782477273688556
Pseudomonas prosekii,0.011761353799988458
Saccharomyces cerevisiae,0.011745130603838748
Streptococcus sp. oral taxon 064,0.0117397291545279
Bosea sp. AS-1,0.011739721427035893
Bacteroides thetaiotaomicron,0.01171921332415169
Rhodococcus opacus,0.011707867511750156
Brevibacterium sandarakinum,0.011680639669702168
Pseudomonas sp. URMO17WK12:I11,0.011676953486968046
Lactobacillus sakei,0.011676107409981758
Actinomadura sp. WMMB499,0.011665758452520674
Corynebacterium stationis,0.011656206355539041
Staphylococcus xylosus,0.011602092163351872
Aquisphaera giovannonii,0.011574105082911732
Pseudomonas sp. 11K1,0.01155304928004338
Acinetobacter bereziniae,0.011532877567603825
Luteimonas sp. JM171,0.011517839472380635
Delftia acidovorans,0.011514807464802282
Psychrobacter sp. P2G3,0.011512604800580282
Lachnospiraceae bacterium GAM79,0.011467230562299773
Pseudomonas sp. UW4,0.011458993591588796
Corynebacterium halotolerans,0.011457261982596055
Staphylococcus sp. M0911,0.011438914597735137
Microvirga sp. HR1,0.01143594722656666
Scytonema sp. NIES-4073,0.011417377130814692
Corynebacterium doosanense,0.011416183198491445
Stenotrophomonas sp. YAU14D1_LEIMI4_1,0.011400081847300392
Streptococcus sp. 1643,0.01137332896139914
Pseudomonas lactis,0.011371615630867795
Pseudomonas palleroniana,0.011348660245355278
Lysobacter alkalisoli,0.011309787816732328
Pseudomonas vancouverensis,0.011305748629516924
Pseudomonas sp. LAB-08,0.011305748629516924
Pseudomonas reinekei,0.011305748629516924
Anaerotignum propionicum,0.011248966087675765
Pseudomonas sp. 31-12,0.011229126148480987
Pseudomonas otitidis,0.011185066925675537
Mycolicibacterium vaccae,0.011182418742284168
Neisseria cinerea,0.011173594543081233
Pseudomonas nitroreducens,0.011119304628111277
Aeromonas media,0.011071908055624843
Halalkalicoccus jeotgali,0.011052455570584806
Leuconostoc carnosum,0.011045276528316083
Pseudomonas coronafaciens,0.011011166253101737
Pseudomonas mucidolens,0.011011166253101737
Acinetobacter sp. SWBY1,0.011000763311562953
Vibrio coralliilyticus,0.0109777373303004
Limnoglobus roseus,0.010972422480437519
Microcoleus sp. PCC 7113,0.010971646801846684
Cronobacter dublinensis,0.010968980418695788
Janthinobacterium sp. LM6,0.010945134205474832
Methylobacterium sp. AMS5,0.010927669184546523
Sphingopyxis sp. PAMC25046,0.010877336663561502
Paracoccus aminophilus,0.01082883590502944
Pseudomonas antarctica,0.01081533886491361
Leclercia sp. 119287,0.010795195282861316
Tetrapisispora blattae,0.010772807547001096
Spirosoma sp. CJU-R4,0.010770744405361883
Erythrobacter litoralis,0.010759085983763229
Mobilicoccus sp. NJES-13,0.010759085846688244
Oerskovia sp. KBS0722,0.010728262720946426
Klebsiella quasipneumoniae,0.01072789855923929
Guillardia theta,0.01072312506302239
Ochrobactrum pseudogrignonense,0.010721646243828452
Ochrobactrum pituitosum,0.010721646243828452
Citrobacter rodentium,0.010688220697708365
Sphingomonas sp. KC8,0.010675040963541679
Neorhizobium galegae,0.010674188346125348
Nostoc sp. PCC 7524,0.010637678292438077
Mycolicibacterium fortuitum,0.010604780216891832
Minicystis rosea,0.010534248691680155
Alcaligenes faecalis,0.010478912966392012
Acidipropionibacterium jensenii,0.010423161664504618
Anaerobutyricum hallii,0.010418719718294462
Exiguobacterium sibiricum,0.01041783466546951
Mycolicibacterium rutilum,0.010368859926053672
Besnoitia besnoiti,0.010355889388147453
[Clostridium] hiranonis,0.010349757789749992
Chryseobacterium sp. NBC 122,0.01030832400977578
Sphingobium sp. PAMC28499,0.010306897374113257
Cellulomonas sp. 40-2,0.010302763626890742
Rufibacter tibetensis,0.010300894551368935
Bacteroides sp. A1C1,0.010285340633648568
Stenotrophomonas sp. MYb57,0.01028166744395386
Flavobacterium anhuiense,0.01023798292500054
Lactobacillus curvatus,0.010236050097769057
Variovorax sp. SRS16,0.01023086782229889
Corynebacterium camporealensis,0.010166217342053713
Chamaesiphon minutus,0.010135135135135136
Brevibacterium sp. YB235,0.010131282421114713
Oligella urethralis,0.010121315473311262
Kosakonia sp. CCTCC M2018092,0.010113478602203997
Enterobacter cloacae complex sp.,0.010094863510423283
Nodularia spumigena,0.010072540381267871
Stenotrophomonas sp. WZN-1,0.010061248133832159
Myxococcus xanthus,0.010051489875895834
Anabaena sp. YBS01,0.01003523684975298
Chryseobacterium jeonii,0.009974687163669917
Hydrogenophaga sp. BA0156,0.009970284967217717
Enterococcus sp. CR-Ec1,0.009906070430506241
Corynebacterium timonense,0.00990432369820946
Trypanosoma brucei,0.00985862911500571
[Brevibacterium] frigoritolerans,0.009851877824131473
Lysobacter capsici,0.009851357992777542
Mycobacterium sp. YC-RL4,0.009821369671953482
Hydrogenophaga sp. PBC,0.0098127356446184
Rhizobium sp. ACO-34A,0.009811432451011735
Erythrobacter flavus,0.009799086174506717
Rhizorhabdus dicambivorans,0.009790985831573252
Chryseobacterium sp. 6424,0.009782974107462428
Flavobacterium crocinum,0.009768851931329904
Naumovozyma dairenensis,0.009759196555895732
Acinetobacter defluvii,0.009753639119627526
Enterobacter bugandensis,0.009740578786340768
Erwinia persicina,0.009737761340467015
Tannerella forsythia,0.009715996919143564
Paraoceanicella profunda,0.00967677527582558
Euhalothece natronophila,0.009666857877722946
Mycolicibacterium madagascariense,0.009648523893230714
Prochlorococcus marinus,0.00959023539668701
Corynebacterium ammoniagenes,0.009568875422830624
Haliangium ochraceum,0.009562918775267874
Nissabacter sp. SGAir0207,0.009522307588831843
Cronobacter condimenti,0.009516858852722231
Plasmodium knowlesi,0.009468583362056731
Neospora caninum,0.009453476246645127
Lysinibacillus fusiformis,0.009452552160345568
Xanthomonas hyacinthi,0.009448542222853126
Rhizobium flavum,0.009444406116241873
Rhodococcus sp. B7740,0.009443771554367913
Erwinia amylovora,0.009431844631085618
Cellvibrio sp. KY-YJ-3,0.009409346716214809
Gordonia sp. KTR9,0.009382754149626728
Pseudomonas denitrificans (nomen rejiciendum),0.009373665352193195
Novosphingobium sp. ABRDHK2,0.009356009872592917
Rouxiella badensis,0.009340423311011545
Bifidobacterium catenulatum,0.009338583532131918
Mixta theicola,0.00932695012391407
Klebsiella michiganensis,0.009319441670927684
Pseudomonas sp. FDAARGOS_380,0.009318114717185046
Variovorax sp. PBL-E5,0.009305210918114143
Rhizobium sp. WL3,0.009281192965003867
Erwinia sp. QL-Z3,0.009279964221824687
Enterobacter soli,0.009276657141204701
Sphingobacterium sp. G1-14,0.009264958964919977
Corynebacterium sp. LMM-1652,0.009259765129446741
Brevibacterium sp. WO024,0.009196899328805165
Corynebacterium callunae,0.009180764525850798
Myxococcus stipitatus,0.009174103097163084
Novosphingobium sp. P6W,0.009171219579981299
Pseudomonas taetrolens,0.009153384153384155
Pseudomonas sp. Leaf58,0.00913771383410852
Bosea vaviloviae,0.009092431890769513
Pseudomonas sp. ADAK18,0.008995037220843672
Pseudomonas yamanorum,0.008995037220843672
Kluyvera sp. PO2S7,0.008993930436055675
Chryseobacterium sp. G0162,0.008953063876452665
Gemella morbillorum,0.008856737385681528
Agrococcus sp. SGAir0287,0.008829860801367814
Lactobacillus amylovorus,0.008823918728332183
Agrobacterium fabrum,0.008819004089990928
Bifidobacterium dentium,0.008788454352970482
Chryseobacterium antarcticum,0.008746404204043242
Pseudomonas citronellolis,0.00874392464985753
Gloeobacter violaceus,0.00871839581517001
Helicobacter suis,0.00871839581517001
Aeromicrobium sp. 592,0.008712265868054432
Anaerostipes hadrus,0.008702440689033046
Oscillatoria acuminata,0.008677819576048351
Chondrocystis sp. NIES-4102,0.008661404634094127
Defluviimonas alba,0.008633108674569427
Cedecea sp. FDAARGOS_727,0.00862526151899966
Propionibacterium acidifaciens,0.008592662653519
Fibrella aestuarina,0.008572071880249386
Pseudomonas sp. RU47,0.008529776674937966
Chryseobacterium sp.,0.00847998382557375
Haemophilus haemolyticus,0.008464771074310666
Morganella morganii,0.00842714391101488
Olsenella sp. oral taxon 807,0.008409446026950481
Rufibacter sp. DG31D,0.008403361344537815
Dermabacter vaginalis,0.008350670763440541
Exiguobacterium sp. MH3,0.00834660608308785
Rubrobacter indicoceani,0.008345342948548964
Erwinia sp. J780,0.008314258480292637
Lelliottia jeotgali,0.008276772247360483
Peptostreptococcaceae bacterium oral taxon 929,0.008268178611984976
Mycolicibacterium aubagnense,0.008246872169294492
Deinococcus irradiatisoli,0.008236950790285679
Achromobacter sp. AONIH1,0.008201224430377813
Acinetobacter sp. WCHAc010052,0.00819824257917237
Clostridium sp. DL-VIII,0.008197133054818066
Azospirillum lipoferum,0.008193666046007929
Crocosphaera subtropica,0.00819288514716973
Atopobium parvulum,0.008183629532278748
Cronobacter turicensis,0.008138944666458899
Streptococcus intermedius,0.008116411342217794
Buttiauxella sp. 3AFRM03,0.008111346275482897
Prevotella sp. oral taxon 299,0.008109765345511336
Pichia kudriavzevii,0.00806242580436129
Cryptomonas paramecium,0.008030983837435451
Corynebacterium marinum,0.008012686535291818
Enterococcus gallinarum,0.008008537223675121
Streptococcus vestibularis,0.007998657898569782
Staphylococcus pasteuri,0.007997252235968642
Leuconostoc citreum,0.007968884968703554
Bacteroides xylanisolvens,0.007928079738786484
Nostoc sp. 'Peltigera membranacea cyanobiont' N6,0.007927616865376613
Achromobacter sp. MFA1 R4,0.007849193685302706
Rhizobium pseudoryzae,0.007848788915319932
Maribacter cobaltidurans,0.007846556233653008
Hemiselmis andersenii,0.007846556233653008
Planctomycetes bacterium KS4,0.007846556233653008
Nitrosomonas europaea,0.007846556233653008
Shewanella sp. Pdp11,0.007846556233653008
Pseudoclostridium thermosuccinogenes,0.007846556233653008
Lactococcus raffinolactis,0.007804346388554495
Ralstonia mannitolilytica,0.007802362649657791
Lactobacillus reuteri,0.007785798380888033
Chryseobacterium sp. POL2,0.007771187874132431
Rubrobacter radiotolerans,0.007769498101973859
Mycobacterium dioxanotrophicus,0.007748003166566396
Rhizobium daejeonense,0.007737517297639068
Caulobacter rhizosphaerae,0.00772183664481193
Labilithrix luteola,0.007694691100588587
Pseudomonas cedrina,0.007680069600612088
Flavobacterium nitrogenifigens,0.007676100418035902
Chryseobacterium sp. SNU WT5,0.007673689469540137
Rhodococcus ruber,0.007667313094981707
Bifidobacterium pseudocatenulatum,0.007649702514139482
Stenotrophomonas sp. Pemsol,0.007648518464457744
Pseudomonas sp. gcc21,0.007638660161165788
Sanguibacter sp. HDW7,0.007630836002056147
Frondihabitans sp. 762G35,0.007609678593156342
Rhizobium sp. Khangiran2,0.007576526729163385
Stenotrophomonas sp. pho,0.007559714973616095
Komagataeibacter rhaeticus,0.007540309780315718
Acidovorax sp. T1,0.007525351401441318
Georgenia sp. Z443,0.007525205884357989
Burkholderia gladioli,0.00750248827628602
Anaeromyxobacter sp. Fw109-5,0.007499552363989332
Xanthomonas arboricola,0.007496473816557637
Gordonia insulae,0.0074747638171368015
Porphyrobacter sp. CACIAM 03H1,0.0074642642721012
Prevotella denticola,0.007457107644312359
Corynebacterium resistens,0.007421967702988879
Chryseobacterium nakagawai,0.007367731645959143
Planctomyces sp. SH-PL62,0.007356030955872634
Chondromyces crocatus,0.007329876813351976
Pedobacter cryoconitis,0.007273490565000794
Exiguobacterium acetylicum,0.007228863029860925
Proteus mirabilis,0.007226295045412401
Xanthomonas albilineans,0.007184087558140482
Pannonibacter phragmitetus,0.0071766165472933125
Calothrix brevissima,0.007172648603481772
Moraxella bovis,0.007156335360084677
Kosakonia sacchari,0.0071548859614481665
Pseudomonas sp. TCU-HL1,0.007146158711623607
Sphingobacterium sp. DR205,0.007145229100640451
Lysobacter antibioticus,0.007141545829372984
Novosphingobium sp. Gsoil 351,0.0071013832735174745
Clostridium saccharoperbutylacetonicum,0.0070961561473895434
Pectobacterium carotovorum,0.007092548885717765
Microlunatus sp. Gsoil 973,0.007086030762377403
Rhizobium sp. S41,0.007079601944609572
Lactobacillus johnsonii,0.007073925264601461
Pseudolabrys taiwanensis,0.007060869073534816
Stenotrophomonas sp. DAIF1,0.007057465480191708
Pseudomonas sp. R76,0.007055530669621545
Janthinobacterium sp. SNU WT3,0.007053416329490185
Cardiobacterium hominis,0.0070259128028776876
Nitrosomonadales bacterium 0125_3,0.007011393514460999
Microbacterium endophyticum,0.006989247311827957
Pseudomonas extremorientalis,0.006978908188585608
Thiomicrospira aerophila,0.006974716652136007
Synechococcus sp. JA-3-3Ab,0.006974716652136007
Synechococcus sp. PCC 7336,0.006974716652136007
Synechococcus sp. PCC 7502,0.006974716652136007
Nostoc linckia,0.0069687067831734366
Saccharothrix espanaensis,0.006965800744349082
Nitrosomonadales bacterium Swamp67,0.0069619179553871815
Akkermansia muciniphila,0.006942900219815159
Xanthomonas vesicatoria,0.006929858095421248
Rhodobacter sp. CZR27,0.006916679667422036
Gordonia sp. YC-JH1,0.006886156159065223
Lelliottia sp. WB101,0.006880990609643361
Caulobacter mirabilis,0.006877918862343028
Cronobacter universalis,0.006873922528571485
Enterobacter kobei,0.006844327826889617
Pseudomonas sp. CCOS 191,0.006808230019095087
Microbacterium paraoxydans,0.006806579579603576
Sphingobium sp. CAP-1,0.006749055852675135
Corynebacterium diphtheriae,0.00674285945309007
Prevotella fusca,0.0067410495337474115
Exiguobacterium sp. ZWU0009,0.0067325851142281705
Pseudomonas lini,0.006731607538059151
Pseudomonas arsenicoxydans,0.006731607538059151
Pseudomonas sp. ACM7,0.006731607538059151
Mycolicibacterium celeriflavum,0.006726310993577963
Porphyrobacter sp. HT-58-2,0.006723982198947566
Xanthomonas vasicola,0.00671655984748964
Pantoea sp. 201603H,0.00670542824243014
Xanthomonas cucurbitae,0.006687809642507728
Nostoc sp. CENA543,0.006684133173347502
Cellvibrio sp. KY-GH-1,0.006683316024301577
Arthrobacter sp. QXT-31,0.006670450429608109
Nostoc punctiforme,0.006666212971872976
Acidibrevibacterium fodinaquatile,0.0066566948537067645
Lysobacter sp. HDW10,0.0066279507923085994
Phaeodactylum tricornutum,0.006627393427314267
Pseudarthrobacter equi,0.006610710971487923
Janthinobacterium svalbardensis,0.006608136297825826
Bacillus oceanisediminis,0.006603155843917201
Corynebacterium glutamicum,0.006600496840144918
Moorea producens,0.006591422215803772
Pseudomonas kribbensis,0.006590270123715837
Clostridium butyricum,0.006587583058171293
Nostoc sp. ATCC 53789,0.006567261853725341
Exiguobacterium sp. U13-1,0.0065671591423505865
Mycolicibacterium mageritense,0.0065339787781901375
Klebsiella huaxiensis,0.006529460419403494
Isoptericola variabilis,0.006524831436152182
Neorhizobium sp. SOG26,0.006521485366586592
Bifidobacterium asteroides,0.006517423687916465
Pseudomonas sp. R5-89-07,0.006513647642679901
Pseudomonas sp. Z003-0.4C(8344-21),0.006513647642679901
Pseudomonas sp. S49,0.006513647642679901
Neisseria lactamica,0.006513318024659637
Calothrix parietina,0.006498681543209546
Lachnospiraceae bacterium KM106-2,0.0064905366613146505
Aeromonas hydrophila,0.006470986544705128
Calothrix parasitica,0.0064554461447396344
Rhizobium rhizoryzae,0.006441804521122809
Trichodesmium erythraeum,0.0064388985759953506
Zhihengliuella sp. ISTPL4,0.006427774401669169
Sphingobacterium sp. B29,0.006423849240266283
Clostridium taeniosporum,0.006422157086293709
Nocardiopsis dassonvillei,0.006400930470446216
Pseudomonas sp. NS1(2017),0.006394137948901641
Microbacterium sp. str. 'China',0.006393264754751756
Agromyces flavus,0.006386190412612476
Serratia sp. 3ACOL1,0.006384408602150537
Nocardia farcinica,0.006332749536688026
Altererythrobacter sp. BO-6,0.006307964634701227
Nostoc sp. NIES-4103,0.006300482156409328
Enterobacteriaceae bacterium strain FGI 57,0.006295292351747345
Indioceanicola profundi,0.0062817577264440505
Streptococcus koreensis,0.00626417322972697
Solimonas sp. K1W22B-7,0.006244748885259473
Leptolyngbya sp. NIES-3755,0.006231462665759123
Sphingobium amiense,0.006225065223796321
Lysobacter gummosus,0.006213860363986671
Pseudarthrobacter phenanthrenivorans,0.006168742199001484
Bacteroides caccae,0.006164999464178404
Cellvibrio sp. PSBB023,0.006150657892197571
Pseudomonas multiresinivorans,0.006114455817602464
Komagataeibacter xylinus,0.006111112811983817
Pseudanabaena sp. PCC 7367,0.006102877070619007
Rickettsiales bacterium Ac37b,0.006102877070619007
Bosea sp. PAMC 26642,0.006073327676237075
Gluconobacter oxydans,0.006068071603397152
Aeromonas salmonicida,0.0060652553043185975
Prevotella scopos,0.006020671848003087
Amycolatopsis methanolica,0.006011825944441642
Mycobacterium sp. JS623,0.00600567489544335
Carnobacterium sp. 17-4,0.005970703733327287
Erwinia tasmaniensis,0.005964457743395125
Mixta intestinalis,0.005925066266622244
Sphingopyxis sp. FD7,0.0059050064562223906
Nocardia cyriacigeorgica,0.005892644019896568
Paenibacillus sp. Y412MC10,0.005889191494982352
Mycobacteroides abscessus,0.005885302491279138
Mycolicibacterium duvalii,0.005879335168866139
Streptococcus viridans,0.005869334260026901
Lysinibacillus sp. 2017,0.00585271780717701
Ruminococcus bicirculans,0.005847641236271754
Tetragenococcus halophilus,0.005847370187267513
Herbaspirillum robiniae,0.00584505100634133
Serpentinomonas mccroryi,0.005841953635343701
Mycolicibacterium litorale,0.005836895694406085
Caulobacter sp. Ji-3-8,0.005835443523014099
Thalassiosira pseudonana,0.005812263876780006
Haloactinobacterium sp. HY164,0.0058068299062261925
Staphylococcus auricularis,0.005805806997824228
Roseburia intestinalis,0.005791795014237832
Pseudomonas sp. VLB120,0.005776264967077646
Noviherbaspirillum sp. UKPF54,0.005762338020402537
Rhizobium jaguaris,0.0057607161971488345
Rhizobium sp. 11515TR,0.0057607161971488345
Oscillibacter valericigenes,0.005756154819247798
Hydrogenophilus thermoluteolus,0.005749011002078487
Rhizobium etli,0.005721388265381004
Tetrapisispora phaffii,0.005706078286723448
Rickettsia felis,0.00568579923418633
Bacillus ciccensis,0.005682729997747553
Parabacteroides distasonis,0.005657260151521221
Rhizobium grahamii,0.0056447657843450676
Rhizobium favelukesii,0.00559529022527125
Rhizobium sp. NXC24,0.00559529022527125
Pontibacter actiniarum,0.005585812037424941
Staphylococcus sciuri,0.005568877119400632
Paenibacillus lautus,0.005558339551227182
Pseudomonas sp. TMW 2.1634,0.005544005544005545
Neisseria gonorrhoeae,0.005535661547742316
Plasmodium falciparum,0.005521650682941005
Calothrix sp. 336/3,0.0055016547397311304
Planococcus sp. MB-3u-03,0.0054999804252735054
Staphylococcus nepalensis,0.0054974503062772155
Odoribacter splanchnicus,0.005485383627081628
Sphingobacterium mizutaii,0.005479435404260862
Azotobacter chroococcum,0.0054587658951985325
Azospirillum sp. CFH 70021,0.005445606377627195
Bacillus sp. Y1,0.0054342874077219425
Gordonia sp. 1D,0.005417212129364972
Leptotrichia sp. oral taxon 212,0.005415491415244978
Altererythrobacter dongtanensis,0.005356469288786724
Streptococcus sp. FDAARGOS_192,0.005352737737708239
Spirosoma sp. TS118,0.005350224959114911
Stanieria cyanosphaera,0.005348709089061355
Serratia symbiotica,0.005332618362750153
Pseudomonas brenneri,0.005324328638344494
Acinetobacter baylyi,0.005322095194011702
Aggregatibacter segnis,0.005321486834994134
Psychrobacter sp. PRwf-1,0.005318036950642295
Sinorhizobium sp. RAC02,0.00531313179448824
Ralstonia solanacearum,0.005302054258047203
Pseudomonadaceae bacterium SI-3,0.005301842614962637
Micrococcus sp. V7,0.005296589375454357
Acinetobacter lactucae,0.0052895745495365985
Elizabethkingia anophelis,0.0052718748570317305
Pontibacter sp. BT214,0.005262479456027843
Rhodococcus erythropolis,0.005254985984667042
Eggerthella lenta,0.005244456384274549
Raphidiopsis curvata,0.0052310374891020054
Flammeovirga pectinis,0.0052310374891020054
Candidatus Hodgkinia cicadicola,0.0052310374891020054
Thermoanaerobacterium thermosaccharolyticum,0.0052310374891020054
Acholeplasma palmae,0.0052310374891020054
Izhakiella sp. KSNA2,0.005225514523427237
Achromobacter denitrificans,0.0052245670176143694
Kluyvera intermedia,0.005216090415331402
Pseudomonas marincola,0.005214364488558037
Pseudomonas sp. LG1E9,0.005214102123111992
Shewanella sp. ANA-3,0.005199926688398883
Tessaracoccus timonensis,0.00519162200163656
Pedobacter sp. PACM 27299,0.0051807390517067935
Gilliamella apicola,0.005174125738641867
Streptomyces sp. TLI_053,0.005173213566248583
Spirosoma montaniterrae,0.005168917435634421
Sphingopyxis lindanitolerans,0.00514113765356475
Sphingobium hydrophobicum,0.005139366423868351
Streptococcus infantarius,0.00510457284650833
Carnobacterium maltaromaticum,0.005092531035860824
Lactobacillus pentosus,0.005090631916280046
Sinorhizobium meliloti,0.005088877196437297
Gluconacetobacter diazotrophicus,0.005065867624644823
Niveispirillum cyanobacteriorum,0.005052524323254583
Mycolicibacterium moriokaense,0.005043719117041896
Bacillus marisflavi,0.005040626672505231
Altererythrobacter marensis,0.00502772882794652
Comamonas kerstersii,0.005024627033829488
Rhodococcus sp. P1Y,0.004998018733127295
Mycobacterium paragordonae,0.00496279332802214
Pedobacter steynii,0.004962779156327543
Lactobacillus paracasei,0.004941376766332709
Nakamurella panacisegetis,0.004939306737440356
Burkholderia multivorans,0.004934897295870975
Caulobacter sp. K31,0.0049128214339974425
Bacillus pseudomycoides,0.004904993035212942
Bacillus mycoides,0.004904993035212942
Elizabethkingia miricola,0.004902877307290761
Capnocytophaga gingivalis,0.004890131010852315
Shewanella decolorationis,0.004886074039299846
Enterobacter sp. 638,0.00487702525178806
Raoultella planticola,0.004854662919179048
Babesia bovis,0.004844593257417322
Ilumatobacter coccineus,0.004838162373983383
Mycolicibacterium hassiacum,0.00483063169279302
Cedecea lapagei,0.00483019510533742
Bifidobacterium bifidum,0.004824269469034955
Parvimonas micra,0.004807025246072063
Herbaspirillum rubrisubalbicans,0.00478553704360156
Lactobacillus parabuchneri,0.00478553704360156
Paludisphaera borealis,0.004783868530059147
Streptomyces sp. ICC1,0.004780923556304753
Mogibacterium diversum,0.0047689543911097814
Paenibacillus lutimineralis,0.0047584294263611155
Leptotrichia buccalis,0.00475065134861319
Staphylococcus succinus,0.004724775695841695
Dechlorosoma suillum,0.004720953441416768
Pseudomonas sp. M30-35,0.004715478505801086
Clostridiales bacterium CCNA10,0.004711744085558127
Corynebacterium humireducens,0.004708636812733624
Acetobacter orientalis,0.004707405726602244
Betaproteobacteria bacterium GR16-43,0.004707246049023211
Rhodococcus sp. X156,0.0047045592712591415
Sphingobacterium hotanense,0.004698176087287748
Lactobacillus rhamnosus,0.004684917411911512
Catenulispora acidiphila,0.004684917411911512
Acinetobacter equi,0.004663054164951698
Pseudomonas sp. JY-Q,0.004662327730877808
Anaeromyxobacter dehalogenans,0.004657770489949393
Pseudomonas oryzae,0.004638269022851274
Leuconostoc lactis,0.004581531094346204
Microcella alkaliphila,0.0045782806990020035
Citrobacter werkmanii,0.004573541575439108
Azospira sp. I09,0.004555527469539183
Romboutsia sp. CE17,0.004555504270874289
Alistipes onderdonkii,0.004554414360470169
Mycobacterium gallinarum,0.0045505915682048665
Shewanella oneidensis,0.004550052533923502
Pseudomonas sp. DR 5-09,0.004546994169495654
Rhodobacter blasticus,0.004545404923299479
Bordetella hinzii,0.004525873419850442
Sphingopyxis alaskensis,0.004505313289262254
Mycolicibacterium smegmatis,0.004503538928632932
Streptococcus mutans,0.004500132651232184
Pseudomonas granadensis,0.004497518610421836
Plantibacter sp. PA-3-X8,0.0044974433862258545
Mycetocola sp. 449,0.004473521459767724
Clostridium sp. CT4,0.004470555798829044
Bacillus sp. FJAT-25496,0.004456770301172579
Caulobacter henricii,0.004438591000592607
Frondihabitans sp. PAMC 28766,0.004429207656500725
Paenibacillus lentus,0.004427577482605946
Tatumella sp. TA1,0.004422235328307434
Pseudomonas veronii,0.004414928594330184
Fibrella sp. ES10-3-2-2,0.004378586978032851
Bacillus sp. BD59S,0.004368279569892474
Bacteroidales bacterium CF,0.004359197907585005
Planktothrix agardhii,0.004359197907585005
Synechococcus sp. KORDI-52,0.004359197907585005
Weissella viridescens,0.004322871258355129
Sphingobium sp. SYK-6,0.004316480169497015
Aureimonas sp. AU20,0.00431333844157909
Bacillus sp. X1(2014),0.004291344329294993
Yokenella regensburgei,0.004291344329294993
Bacillus sp. S3,0.004291344329294993
Clostridium kluyveri,0.004291344329294993
Bacillus mesonae,0.004291344329294993
Mycolicibacterium tokaiense,0.004284523006074559
Saccharopolyspora erythraea,0.004262668762868075
Pseudomonas knackmussii,0.004219643391480739
Pseudomonas furukawaii,0.004219643391480739
Pseudomonas resinovorans,0.004219643391480739
Acinetobacter sp. DUT-2,0.004207027451809235
Torulaspora delbrueckii,0.0041957279860505665
Rhizobium sp. TCK,0.004190359828647632
Spirosoma radiotolerans,0.004190344758961842
Gordonia rubripertincta,0.004171599561864183
Vagococcus teuberi,0.004171137638879574
Rhodobacter capsulatus,0.0041485284231180105
Pectobacterium brasiliense,0.0041268144937516675
Shimwellia blattae,0.004125918357417408
Leucobacter sp. DSM 101948,0.0040807969510750905
Corynebacterium endometrii,0.004070578008733795
Lactococcus piscium,0.004066907201161056
Rhodococcus qingshengii,0.004057789098266216
Aeromonas veronii,0.004053308320575291
Paenibacillus polymyxa,0.0040459668543160006
Nocardioides sp. HY056,0.004037337206251466
Paenibacillus ihbetae,0.0040371148665757604
Serratia odorifera,0.0040032802718918134
Arthrobacter sp. KBS0702,0.003996010096646204
Plasmodium reichenowi,0.0039959314152862545
Bacillus litoralis,0.0039916756235541815
Paenibacillus cellulositrophicus,0.0039604923855398235
Lysinibacillus sp. SGAir0095,0.003955184600345891
Spirosoma sp. KCTC 42546,0.003932058173839478
Achromobacter sp. B7,0.003897798354161851
Bifidobacterium pseudolongum,0.003883953883953884
Anabaenopsis circularis,0.0038831627986585437
Melaminivora sp. SC2-9,0.0038799519701953897
Lachancea thermotolerans,0.0038775980167814954
Rhizobium sp. IRBG74,0.003876731142118276
Lactobacillus jensenii,0.0038659936344979636
Haemophilus parahaemolyticus,0.003863095336626148
Nostoc piscinale,0.003858261586343914
Agrobacterium rhizogenes,0.0038421615513039406
Acinetobacter chinensis,0.0038299630092798976
Pseudomonas phage PS-1,0.003795066413662239
Aminipila butyrica,0.003795066413662239
Arthrobacter sp. UKPF54-2,0.003789651705150036
Paeniclostridium sordellii,0.0037840204823127023
Rahnella sp. ERMR1:05,0.0037775605849609648
Serratia rubidaea,0.0037384395780980222
Plantibacter sp. M259,0.0037312185758664957
Burkholderia lata,0.003721059769446866
Deinococcus maricopensis,0.0037106097862084405
Cellulosimicrobium sp. BI34T,0.003708791972202199
Pseudomonas guangdongensis,0.0036982471150874313
Streptococcus sp. HSISS3,0.0036915028373515025
Enterobacter oligotrophica,0.0036588332603512868
Clostridium sp. AWRP,0.0036527842979455884
Burkholderia cepacia,0.003650082514123678
Agromyces sp. LHK192,0.003638878460966231
Citromicrobium sp. JL477,0.003633351730579935
Mycolicibacterium gadium,0.00362975294887054
Ottowia sp. oral taxon 894,0.003623917370107987
Sneathia amnii,0.0036154435601795957
Lactobacillus acidophilus,0.003584938489351944
Paenibacillus sp. FSL H7-0357,0.0035699398128240635
Enterobacter chengduensis,0.0035639566000097308
Mycolicibacterium rhodesiae,0.0035624609936899666
Methylobacterium oryzae,0.0035600573399900536
Leucobacter triazinivorans,0.0035560736694749415
Microbacterium sp. 1.5R,0.0035541043126668752
Microbacterium sp. CGR1,0.0035541043126668752
Croceicoccus marinus,0.003548186110088766
Arthrobacter sp. PAMC25564,0.003542273909780948
Corynebacterium glyciniphilum,0.0035392899867474127
Microbacterium amylolyticum,0.003535353535353535
Treponema denticola,0.0035030998740676164
Shewanella benthica,0.0034873583260680036
Dolichospermum compactum,0.0034873583260680036
Synechococcus phage S-CAM9,0.0034873583260680036
Rhodobacteraceae bacterium QY30,0.0034725887406475545
Enterocloster bolteae,0.003465412714431934
Paraclostridium bifermentans,0.0034579993375127398
Pseudomonas sp. OIL-1,0.0034495370204297437
Kurthia sp. 11kri321,0.00342280133681305
Streptococcus anginosus,0.0034111399538378317
Achromobacter insolitus,0.00339753956296349
Streptococcus equinus,0.003385173446375653
Exiguobacterium sp. N4-1P,0.0033794471073899744
Cellulosimicrobium sp. 72-3,0.003379326853976081
Bacillus sp. DSL-17,0.0033713282290132383
Acinetobacter larvae,0.003364482400064528
Flavobacterium sp. 140616W15,0.0033532291596807726
Ketogulonicigenium vulgare,0.0033532291596807726
Pulveribacter suum,0.0033417178578468896
Dermabacter hominis,0.0033353234935465667
Streptomyces lydicus,0.003335115589024628
[Eubacterium] sulci,0.003323014033879102
Herbaspirillum seropedicae,0.0033190911382084947
Hydrogenophaga sp. BPS33,0.003301000075193624
Halomonas meridiana,0.003288150913324078
Sphingopyxis sp. 113P3,0.003285600442793025
Sphingobium sp. MI1205,0.0032811511701454775
Sphingobium sp. EP60837,0.0032811511701454775
Paenibacillus donghaensis,0.003279326618985063
Klebsiella sp. FDAARGOS_511,0.003261072439679443
Altererythrobacter sp. B11,0.0032513327556458606
Arabia massiliensis,0.003249890473570651
Actinopolymorpha singaporensis,0.0032420887288330397
Prevotella dentalis,0.0032415147334502173
Serratia liquefaciens,0.003236575237762886
Cylindrospermum stagnale,0.0032337998001960005
Pseudomonas sp. S-6-2,0.00323116201802131
Mycobacterium chimaera,0.0032188955798692588
Bacillus kochii,0.003217085963055395
Streptococcus sp. I-G2,0.00320983821740246
Corynebacterium provencense,0.0032043086257998793
Lactobacillus apis,0.003202799573767316
Erythrobacter sp. HL-111,0.0031995302843316276
Plasmodium sp. gorilla clade G2,0.0031967451322290033
Rhizobium tropici,0.003190523128143414
Paenibacillus borealis,0.003190523128143414
Agrobacterium vitis,0.003190523128143414
Sphingobacterium sp. ML3W,0.003184238654137287
Pseudomonas sp. SCB32,0.003163376206181296
Pseudomonas sp. PE08,0.003163376206181296
Pseudomonas sp. ATCC 13867,0.003163376206181296
Rummeliibacillus stabekisii,0.0031619298255954453
Pedobacter suwonensis,0.003161567083989407
Lactobacillus hilgardii,0.0031534325889164597
Cellulosimicrobium sp. TH-20,0.003149459410868273
Bacillus subtilis,0.003140434674475504
Dermabacter jinjuensis,0.0031374212572512963
Hydrogenophaga sp. PBL-H3,0.003135574103316039
Acetobacter ghanensis,0.0031352692643015225
Komagataeibacter saccharivorans,0.0031352692643015225
Pseudomonas litoralis,0.0031322108998736746
Cryptococcus gattii VGI,0.0031165624971284975
Rhizobium phaseoli,0.0031139006471074785
Pseudomonas sp. DY-1,0.0031139006471074785
Rhizobium sp. CIAT894,0.0031139006471074785
Nocardia terpenica,0.0031127557052750008
Agromyces protaetiae,0.003111212083704613
Enterobacter sichuanensis,0.003103468378610694
Pistricoccus aurantiacus,0.0031019911719381062
Tabrizicola piscis,0.0030782585917161786
Isoptericola dokdonensis,0.0030661523880434307
Psychrobacter sp. YP14,0.0030545450982018838
Salinicola tamaricis,0.003047340144114338
Cronobacter malonaticus,0.003047240511297973
Paracoccus mutanolyticus,0.003046937473418203
Eremothecium gossypii,0.003040912550115004
Eikenella corrodens,0.003026934221531031
Bacillus jeotgali,0.0030263221914075805
Jeotgalicoccus saudimassiliensis,0.0030228640131115753
Pseudenhygromyxa sp. WMMC2535,0.0030179551769698586
Bacteroides cellulosilyticus,0.0030078075496638725
Leuconostoc gelidum,0.00299614465818205
Calothrix sp. NIES-2100,0.0029802115592735025
Bacillus flexus,0.0029688949043787756
Pseudomonas pelagia,0.00296678492799609
Aeromicrobium sp. MF47,0.00296378054799124
Lactobacillus brevis,0.002937428743880357
Azotobacter salinestris,0.0029366585343814943
Acetobacter sp. KACC 21233,0.0029173093689222724
Blautia producta,0.002910371778603813
Helicobacter pylori,0.002906131938390003
Lactobacillus salivarius,0.00289443145038279
Enterococcus avium,0.002890688554115292
Bacillus sp. FJAT-22090,0.0028888640029548773
Diaphorobacter sp. HDW4A,0.002882799052153891
Luteibacter pinisoli,0.0028805302998851385
Pedobacter sp. KBS0701,0.0028709538901504073
Azospirillum sp. TSH58,0.0028608962195299952
Glutamicibacter mishrai,0.002845438989599733
Comamonas thiooxydans,0.0028442267916842182
Novosphingobium sp. THN1,0.0028351460441890125
Arcobacter cryaerophilus,0.002833478639930253
Ogataea parapolymorpha,0.00282906938359145
Streptomyces tendae,0.0028235585194822032
Lactobacillus helveticus,0.002819284497891501
Lysinibacillus timonensis,0.0028122415219189417
Solibacillus sp. R5-41,0.0028122415219189417
Lysinibacillus varians,0.0028122415219189417
Lactobacillus agilis,0.002807755557255284
Meiothermus silvanus,0.0028055949426917166
Mesorhizobium sp. 8,0.002804435438420188
Staphylococcus caprae,0.0028023939123293096
Pseudomonas sabulinigri,0.002798300591690657
Streptosporangium sp. 'caverna',0.0027898488591155818
Gordonia iterans,0.002783669814543974
Streptococcus sp. I-P16,0.0027739184266439595
Herbaspirillum hiltneri,0.0027720027720027724
Erythrobacter sp. HKB08,0.002770462160923273
Clostridiaceae bacterium 14S0207,0.0027693727883481203
Rathayibacter tanaceti,0.0027657768635471493
Leucobacter sp. HDW9A,0.002763882351653404
Leucobacter sp. HDW9C,0.002763882351653404
Leucobacter sp. HDW9B,0.002763882351653404
Aeromonas sp. ASNIH7,0.0027626105302733053
Porphyrobacter sp. LM 6,0.0027614824340124393
Lactobacillus ruminis,0.002760186631154373
Lachnospiraceae bacterium Choco86,0.002760186631154373
Acetobacter persici,0.0027488250326168397
Raoultella terrigena,0.0027462635381198613
Glutamicibacter halophytocola,0.0027347550286405545
Lactobacillus pontis,0.002732974910394265
Aminipila sp. JN-18,0.0027246630662190437
Pectobacterium parmentieri,0.0027234380310772925
Bacteriovorax stolpii,0.0027191894127378
Prevotella enoeca,0.002707882773586551
Deinococcus proteolyticus,0.002707151648374684
Agrobacterium sp. T29,0.0027064387364211604
Acetobacter pasteurianus,0.0026993494735430223
Pseudomonas xinjiangensis,0.0026993494735430223
Weeksella virosa,0.0026954702476524105
Pirellula sp. SH-Sr6A,0.0026881720430107525
Anaplasma marginale,0.0026881720430107525
Saccharopolyspora sp. ASAGF58,0.00268798054707439
Saccharomonospora glauca,0.002681916266124373
Mycobacterium sp. MS1601,0.0026504763789545103
Sphingobium herbicidovorans,0.002648640101201771
Paenibacillus sp. FSL R5-0912,0.002648640101201771
Neisseria polysaccharea,0.002648640101201771
Dokdonella koreensis,0.0026482054009267916
Paenibacillus sp. IHBB 10380,0.0026468155500413565
Stenotrophomonas sp. SAU14A_NAIMI4_8,0.0026468155500413565
Devosia sp. A16,0.002645438818306892
Azospirillum sp. M2T2B2,0.0026375941698522343
Streptosporangium roseum,0.0026366038970437097
Apis mellifera filamentous virus,0.0026364764267990076
Pseudorhodoplanes sinuspersici,0.0026317856121932906
Mycolicibacterium goodii,0.0026317856121932906
Arthrobacter sp. FB24,0.0026194723108447135
Nitrosopumilus piranensis,0.0026155187445510027
Polaribacter reichenbachii,0.0026155187445510027
Klebsiella sp. PO552,0.0026143790849673205
Corynebacterium testudinoris,0.002609835741143875
Acinetobacter oleivorans,0.0026010737341222437
Nocardia asteroides,0.0026010008198806933
Sphingobacteriaceae bacterium GW460-11-11-14-LB5,0.002580340696311407
Pedobacter sp. HDW13,0.002580340696311407
Pseudomonas soli,0.0025758959480513387
Arthrobacter sp. 24S4-2,0.002569996751770896
Pseudomonas sp. FGI182,0.0025618825069646366
Rhodocytophaga sp. 172606-1,0.0025598327399237748
Pseudomonas sp. SGAir0191,0.0025592370943414585
Desulfitobacterium hafniense,0.0025592370943414585
Gluconobacter albidus,0.0025588087135682623
Bordetella sp. N,0.0025580120591997078
Planococcus plakortidis,0.002546195918351309
Amycolatopsis sp. YIM 10,0.0025399779432037496
Paenibacillus stellifer,0.002530044275774826
Paenibacillus sp. FSL R7-0331,0.002530044275774826
Lelliottia nimipressuralis,0.002530044275774826
Paenibacillus sp. FSL R7-0273,0.002530044275774826
Scheffersomyces stipitis,0.0025274604157448383
Prevotella ruminicola,0.00251904899638919
Bartonella apis,0.0025048875855327468
Frankia sp. EAN1pec,0.002502049701733058
Corynebacterium sp. 2019,0.0024984660176625346
Sphaerospermopsis kisseleviana,0.0024968665479253253
Rhodococcus rhodochrous,0.0024931416933205107
Thauera sp. K11,0.002483358934971838
Rhizobium sp. NXC14,0.0024813895781637717
Rhizobium gallicum,0.0024813895781637717
Sinorhizobium americanum,0.0024813895781637717
Acetobacter oryzoeni,0.0024813895781637717
Pedobacter ginsengisoli,0.0024813895781637717
Pseudomonas sp. MRSN12121,0.0024813895781637717
Komagataeibacter medellinensis,0.0024813895781637717
Acetobacter tropicalis,0.0024813895781637717
Streptomyces sp. CLI2509,0.0024813895781637717
Acetobacter aceti,0.0024813895781637717
Pedobacter sp. eg,0.0024813895781637717
Kozakia baliensis,0.0024813895781637717
Collimonas fungivorans,0.0024813895781637717
Collimonas arenae,0.0024813895781637717
Collimonas pratensis,0.0024813895781637717
Herbaspirillum sp. meg3,0.0024813895781637717
Lactobacillus harbinensis,0.0024813895781637717
Janthinobacterium sp. 17J80-10,0.0024813895781637717
Pseudomonas sp. DTU12.1,0.0024813895781637717
Mucilaginibacter rubeus,0.0024813895781637717
Pedobacter heparinus,0.0024813895781637717
Acetobacter senegalensis,0.0024813895781637717
Mucilaginibacter paludis,0.0024813895781637717
Pseudomonas pohangensis,0.0024813895781637717
Acetobacter ascendens,0.0024813895781637717
Pseudomonas salegens,0.0024813895781637717
Streptomyces sp. Tu6071,0.0024813895781637717
Clostridium sp. MF28,0.0024813895781637717
Pseudomonas thivervalensis,0.0024813895781637717
Clostridium diolis,0.0024813895781637717
Pseudomonas fuscovaginae,0.0024813895781637717
Romboutsia hominis,0.00247875959450912
Sphingobacterium sp. CZ-2,0.002460180595744098
Labrys neptuniae,0.0024525741426592407
Mycolicibacterium anyangense,0.0024525741426592407
Gemmobacter sp. HYN0069,0.002447556644964361
Alcanivorax sp. N3-2A,0.002431991163932585
Serratia proteamaculans,0.0024252079448999226
Novosphingobium ginsenosidimutans,0.002406104144733497
Pseudolabrys sp. FHR47,0.002403098583585423
Clostridium sp. SYSU GA15002T,0.0023989806840850484
Bacillus sp. 1NLA3E,0.0023938111224638737
Bacillus cohnii,0.0023938111224638737
Bacillus asahii,0.0023938111224638737
Bacillus foraminis,0.0023938111224638737
Clostridium septicum,0.0023938111224638737
Rhodobacteraceae bacterium,0.002387833965016072
Thauera hydrothermalis,0.0023862917601058017
Vibrio sp. SM1977,0.002383364707133001
Corynebacterium sp. 2184,0.002381836927552579
Lactococcus garvieae,0.0023816301126581606
Bacteroides caecimuris,0.0023807699464737236
Fischerella sp. NIES-4106,0.0023806509854402197
Brevibacillus agri,0.00236735787020417
Singulisphaera acidiphila,0.0023536230245116054
Methylovulum psychrotolerans,0.0023521505376344087
Streptomyces sp. ICC4,0.0023521505376344087
Corallococcus macrosporus,0.0023501573175034483
Vogesella sp. LIG4,0.0023469809760132345
Bacillus anthracis,0.0023469809760132345
Bacillus cytotoxicus,0.0023469809760132345
Sagittula sp. P11,0.002331506738592109
Candidatus Rickettsiella viridis,0.0023226189564018083
Calothrix sp. NIES-2098,0.002312484659605182
uncultured crAssphage,0.002304147465437788
Candidatus Coxiella mudrowiae,0.002304147465437788
Nitrosospira lacus,0.002304147465437788
Murdochiella vaginalis,0.002304147465437788
Flavobacterium sp. KI723T1,0.002304147465437788
Peptococcaceae bacterium DCMF,0.002304147465437788
Streptomyces sp. M2,0.002304147465437788
Cupriavidus campinensis,0.002304147465437788
Streptomyces sp. CdTB01,0.002304147465437788
Paraburkholderia phytofirmans,0.002304147465437788
Candidatus Solibacter usitatus,0.002304147465437788
Arthrobacter sp. PGP41,0.00229547203443969
Herbiconiux sp. SALV-R1,0.00229455023399309
Crinalium epipsammum,0.0022816998672925844
Calothrix sp. PCC 7507,0.0022630091005313648
Bacillus wiedmannii,0.0022581774851715853
Sphingobacterium thalpophilum,0.0022572099692626853
Anaerococcus mediterraneensis,0.0022571633966354675
Pseudarthrobacter chlorophenolicus,0.002245996475365872
Arthrobacter sp. ZXY-2,0.002245996475365872
Delftia sp. Cs1-4,0.002245996475365872
Methylibium sp. Pch-M,0.002243961753164207
Elizabethkingia meningoseptica,0.002230006973839991
Clostridium sp. JN-9,0.0022283851505862894
Flintibacter sp. KGMB00164,0.0022283851505862894
Clostridium baratii,0.0022283851505862894
Clostridium estertheticum,0.0022283851505862894
Clostridium novyi,0.0022283851505862894
Clostridium carboxidivorans,0.0022283851505862894
Clostridium bornimense,0.0022283851505862894
Clostridium saccharobutylicum,0.0022283851505862894
Clostridium cellulovorans,0.0022283851505862894
Tissierellia sp. JN-28,0.0022283851505862894
Bacillus methanolicus,0.0022283851505862894
Deinococcus deserti,0.0022170262027772416
Enterococcus mundtii,0.0022162041407805763
Vibrio furnissii,0.002214031268553335
Rhizobium sp. Y9,0.0021939654938889185
TM7 phylum sp. oral taxon 957,0.0021917026314416358
Pseudarthrobacter sp. YJ56,0.0021917026314416358
Bacillus atrophaeus,0.0021815550041356492
Bacillus albus,0.0021815550041356492
Altererythrobacter mangrovi,0.0021767554520374624
Streptococcus sp. HSISS2,0.0021693739943299366
Delftia sp. HK171,0.0021693739943299366
Acinetobacter sp. C16S1,0.0021655028767140383
Kluyveromyces marxianus,0.002161342483923129
Naumovozyma castellii,0.002159784417848934
Bacillus safensis,0.0021581979563563124
Celeribacter indicus,0.0021559331394085377
Streptomyces asterosporus,0.002150537634408602
Microbulbifer sp. THAF38,0.002150537634408602
Bacteroides heparinolyticus,0.002150537634408602
Planctomycetes bacterium SRT547,0.002150537634408602
Rhodovulum sulfidophilum,0.002140456169646985
Novosphingobium aromaticivorans,0.002132085663709277
Pseudomonas sp. XWY-1,0.002132018166173764
Azorhizobium caulinodans,0.002131245335183825
Rhodococcus sp. NJ-530,0.0021182825470440884
Pseudomonas sp. Lz4W,0.002114884020485124
Erythrobacter aureus,0.0020932813036513807
Bacillus luti,0.002092751513294
Pseudomonas sp. A214,0.002092751513294
Thermobispora bispora,0.002092751513294
Parascardovia denticolens,0.002092751513294
Staphylococcus vitulinus,0.002092751513294
Pseudomonas sp. s211(2017),0.002092751513294
Paracoccus marcusii,0.0020731068060146907
Pseudomonas amygdali,0.0020656045913318823
Bdellovibrio bacteriovorus,0.0020656045913318823
Cronobacter muytjensii,0.002062959178708704
Clostridium isatidis,0.002062959178708704
Aminipila sp. CBA3637,0.002062959178708704
Brevibacillus brevis,0.002062959178708704
Hathewaya histolytica,0.002062959178708704
Cronobacter sp. JZ38,0.002062959178708704
Clostridium acetobutylicum,0.002062959178708704
Clostridium chauvoei,0.002062959178708704
Arthrobacter alpinus,0.00205461509265722
Corynebacterium vitaeruminis,0.0020422339638646782
Ezakiella massiliensis,0.0020411854898305646
Theileria annulata,0.002034292356873002
Candidatus Erwinia haradaeae,0.002034292356873002
Myroides odoratus,0.0020161290322580645
Serratia quinivorans,0.0020161290322580645
Pseudomonas sp. NC02,0.0020161290322580645
Pseudomonas sp. SXM-1,0.0020161290322580645
Lactobacillus frumenti,0.0020161290322580645
Bacillus sp. FDAARGOS_235,0.0020161290322580645
Bacillus pacificus,0.0020161290322580645
Burkholderia sp. PAMC 26561,0.0020161290322580645
Bifidobacterium indicum,0.0020161290322580645
Bacillus toyonensis,0.0020161290322580645
Xanthomonas gardneri,0.0020161290322580645
Helicobacter apodemus,0.0020161290322580645
Fusobacterium necrophorum,0.0020161290322580645
Blattabacterium sp. (Periplaneta americana),0.0020161290322580645
Bacillus sp. BS98,0.0020161290322580645
Bifidobacterium coryneforme,0.0020161290322580645
Methylibium petroleiphilum,0.0020152747245563395
Bacillus infantis,0.0019903556783220583
Sphingosinicella microcystinivorans,0.001983778677880027
Myxococcus hansupus,0.0019802205651208594
Actinomyces howellii,0.0019775823258902617
Weissella hellenica,0.001952195324350715
Pseudomonas sp. C27(2019),0.0019362948845319439
Salipiger profundus,0.0019179155849453075
Brucella sp. 09RB8910,0.0019155620258983984
Gordonia sp. 135,0.0019117988560896115
Brevibacterium sp. 'Marine',0.0019072073188463206
Celeribacter manganoxidans,0.0019001551230512477
Rufibacter sp. DG15C,0.0018975332068311196
Paenibacillus sp. CAA11,0.0018975332068311196
Achromobacter ruhlandii,0.0018975332068311196
Paenibacillus physcomitrellae,0.0018975332068311196
Paenibacillus yonginensis,0.0018975332068311196
Micromonospora echinofusca,0.0018975332068311196
Arcobacter suis,0.0018975332068311196
Nibribacter sp. BT10,0.0018975332068311196
Rhizobium selenitireducens,0.0018975332068311196
Beutenbergia cavernae,0.0018959895750946245
Yangia pacifica,0.00188849768495547
Rhodococcus sp. YL-1,0.0018884151039362802
Selenomonas sputigena,0.0018768096698536412
Erythrobacter seohaensis,0.0018645942750435132
Croceicoccus naphthovorans,0.0018539230760275917
Salinicoccus halodurans,0.0018400647701084449
Sphingobium sp. TKS,0.0018400380800120035
Leishmania major,0.0018385630336451631
Corynebacterium argentoratense,0.0018316082832211865
Burkholderia cenocepacia,0.0018169484149102568
Gibbsiella quercinecans,0.0018154558002755347
Rhodococcus hoagii,0.0017987017939540206
Campylobacter rectus,0.0017834676156465194
Terribacillus goriensis,0.001775454147370656
Riemerella anatipestifer,0.0017537806911620954
Erysipelotrichaceae bacterium GAM147,0.0017436791630340018
Arthrospira platensis,0.0017436791630340018
Photorhabdus thracensis,0.0017436791630340018
Theileria orientalis,0.0017436791630340018
Polaribacter vadi,0.0017436791630340018
Oscillatoriales cyanobacterium JSC-12,0.0017436791630340018
Flavobacterium sp. Sr18,0.0017400710077340176
Nocardiopsis alba,0.0017360517614329583
Rhodococcus sp. 008,0.0017351701418644083
Sphingobium sp. SCG-1,0.0017289232874616047
Terriglobus roseus,0.0017271141652697164
Macrococcus caseolyticus,0.0017186599212140352
Thioclava nitratireducens,0.00171065310774418
Brevibacterium sp. o2,0.0017055117796287527
Leptolyngbya boryana,0.0016969968187066941
Campylobacter concisus,0.0016962531836870968
Phreatobacter cathodiphilus,0.0016942333190106793
Mameliella alba,0.0016835061857820618
Gordonia alkanivorans,0.001669750403176091
Altererythrobacter epoxidivorans,0.001666692038748243
Sphingobium baderi,0.0016421358437167333
Leuconostoc suionicum,0.00164054711610713
Lichenihabitans psoromatis,0.001637005497979412
Altererythrobacter namhicola,0.0016140026826747588
Corynebacteriaceae bacterium 'ARUP UnID 227',0.0016133737209338215
Streptomyces albidoflavus,0.0016100281754930711
Streptomyces parvulus,0.0016079759301607709
Vibrio rumoiensis,0.0016079304639568222
Pelagibaca abyssi,0.001591644330512565
Actinomyces sp. Chiba101,0.001570351273497919
Saccharomonospora viridis,0.001566681859379737
Streptomyces griseorubiginosus,0.0015541495887829505
Mycobacteroides chelonae,0.0015495343631118667
Campylobacter showae,0.0015470754691516986
Kazachstania naganishii,0.0015416625351317617
Rhodococcus sp. AQ5-07,0.0015324496207187188
Bacillus simplex,0.0015260554836066293
Arsenophonus nasoniae,0.0015226609032269038
Jeotgalibacillus malaysiensis,0.0015213100113159483
Marinovum algicola,0.0015150218494766287
Yangia sp. CCB-MM3,0.0015150218494766287
Asaia bogorensis,0.0015050718791071054
Granulibacter bethesdensis,0.0015047872379163074
Deinococcus sp. S14-83,0.0015034203455935474
Fischerella sp. NIES-3754,0.0015025712433193136
Ruegeria pomeroyi,0.0014856039494867913
Anabaena cylindrica,0.0014838804765580937
Kerstersia gyiorum,0.0014828564502025812
Hungatella hathewayi,0.0014799236688388155
Cardinium endosymbiont of Sogatella furcifera,0.0014694860595752997
Corynebacterium frankenforstense,0.0014635801513896087
Sphingobacterium lactis,0.0014619462961544029
Ferrovibrio terrae,0.0014595492529393182
Rhodococcus sp. BH4,0.001455827139682783
Zymobacter palmae,0.0014451640515365037
Gordonia phthalatica,0.0014368274623582614
Bacillus paranthracis,0.0014304481097649978
Thauera humireducens,0.0014208625429682229
Pseudomonas sp. PONIH3,0.0014202011233477691
Mycobacteroides immunogenum,0.001414690124367544
Mycolicibacterium poriferae,0.0014095037051696463
Jeotgalibaca porci,0.0014081969487685525
Kluyveromyces lactis,0.0014046304368885013
Lachnoanaerobaculum umeaense,0.001398575995350189
Citrobacter farmeri,0.001387119129054613
Silicimonas algicola,0.0013830446760391718
Rhodococcus sp. H-CA8f,0.001379204658646847
Rhodospirillaceae bacterium B3,0.001378689197806554
Rhizobium pusense,0.0013782651244557415
Gluconobacter thailandicus,0.0013731781988263285
Starkeya novella,0.0013677491135439261
Confluentimicrobium sp. EMB200-NS6,0.0013665951722551762
Bacillus pumilus,0.0013586564276842686
Thermus thermophilus,0.0013456334274662373
Filifactor alocis,0.0013416642448900514
Lactobacillus vaginalis,0.0013416642448900514
Rhodococcus sp. MTM3W5.2,0.001335329037387926
Bacillus paralicheniformis,0.0013318607824929056
Nitrosospira briensis,0.001331102767774287
Rickettsia bellii,0.001327878747233586
Mycolicibacterium phlei,0.0013275518816781434
Fusobacterium hwasookii,0.0013156977374278731
Gloeothece verrucosa,0.0013108794525774538
Bacillus weihaiensis,0.0013083690503045342
Brucella sp. 2280,0.001302582177610911
Kurthia zopfii,0.0012913507626556434
Ruania sp. HY168,0.0012781962632548796
Xanthomonas fragariae,0.001265022137887413
Sphingobium chlorophenolicum,0.001265022137887413
Sphingobium sp. YBL2,0.001265022137887413
Protaetiibacter intestinalis,0.0012635248412024092
Sphingomonas sp. YZ-8,0.0012528584634846495
Raoultella ornithinolytica,0.001242676777656233
Bordetella trematum,0.0012318407844830145
Treponema sp. OMZ 804,0.0012302625205851013
Nitrospirillum amazonense,0.001226624650234622
Rathayibacter sp. VKM Ac-2801,0.0012259596965749752
Rivularia sp. PCC 7116,0.0012244086556376286
Enterobacteriaceae bacterium ENNIH1,0.0012216931571770282
Gemmatimonas sp. TET16,0.0012209319947297387
Rhodospirillum centenum,0.0012181684950337236
Allokutzneria albata,0.0012153279853660567
Parvibaculum lavamentivorans,0.0012149039120152444
Capnocytophaga sp. oral taxon 864,0.001207861086893345
Leptotrichia shahii,0.001207861086893345
Bacillus coagulans,0.001207861086893345
Xanthomonas cassavae,0.001205411465612397
Oceanobacillus iheyensis,0.0012026915252721705
Diaphorobacter sp. HDW4B,0.0012026915252721705
Sphingobacterium sp. 21,0.0012026915252721705
Lactobacillus kullabergensis,0.001186670541509251
Novosphingobium tardaugens,0.0011707451812922065
Azospirillum sp. TSA2s,0.0011691592336753626
Capnocytophaga sp. FDAARGOS_737,0.0011615056081214798
Capnocytophaga leadbetteri,0.0011615056081214798
Dinoroseobacter shibae,0.0011579955177817834
Actinomyces sp. oral taxon 848,0.0011553271633916796
Flavobacterium haoranii,0.0011487803350560498
Yoonia vestfoldensis,0.0011392750359700686
Actinomyces slackii,0.0011392750359700686
Escherichia albertii,0.0011389801712382358
Micromonospora zamorensis,0.0011253440800244679
Brevibacterium siliguriense,0.001119405391226228
Alteromonas macleodii,0.0011156092215861043
Schaalia cardiffensis,0.001108610485954822
Corynebacterium sp. 2183,0.0011025229212444727
Aeromicrobium sp. A1-2,0.0010987778688159402
Plasmodium gaboni,0.0010897994768962512
Erythrobacter gangjinensis,0.0010884622996239857
Bacteroides sp. CBA7301,0.0010881333715790846
Spirosoma sp. I-24,0.0010862090522630657
Shewanella bicestrii,0.0010796772163781862
Cladosporium fulvum T-1 virus,0.001069741817812271
Serratia fonticola,0.001069292476081228
Pseudomonas sp. SWI44,0.001068430859702207
Enterococcus cecorum,0.001063263437794125
Flavisolibacter ginsenosidimutans,0.0010569346310490186
Zygosaccharomyces rouxii,0.0010562671852994434
Egicoccus halophilus,0.0010541395875853007
Luteimicrobium xylanilyticum,0.001053142283699329
Corynebacterium atypicum,0.0010493023097421228
Rhizobium oryzihabitans,0.001047413180700572
Moraxella bovoculi,0.0010451550553559866
Jeotgalibaca dankookensis,0.001040800740725722
Citrobacter portucalensis,0.001039985493734812
Turicibacter sp. H121,0.0010372655533945857
Advenella kashmirensis,0.0010372655533945857
Clostridium scatologenes,0.0010372655533945857
Bordetella genomosp. 13,0.0010363911827401214
Bacillus altitudinis,0.001027804483929099
Rheinheimera sp. D18,0.001025032095683194
Microvirga sp. 17 mud 1-3,0.0010186045016838605
Tardibacter chloracetimidivorans,0.0010096247747730267
Borrelia miyamotoi,0.0010080645161290322
Nesterenkonia sp. NBAIMH1,0.00100067489736993
Bifidobacterium angulatum,0.000990206030528611
Rhodococcus sp. SGAir0479,0.000989000123871203
Brevirhabdus pacifica,0.0009872402034486318
Selenomonas sp. oral taxon 126,0.0009788745754945893
Selenomonas sp. oral taxon 920,0.0009788745754945893
Blattabacterium sp. (Blattella germanica),0.0009775171065493646
Nostoc sp. PCC 7107,0.000977030860268541
Lachnospira eligens,0.0009721829587753174
Phreatobacter stygius,0.0009707906996646359
Citrobacter sp. LY-1,0.000963363012698876
Corynebacterium phocae,0.0009600932814865132
Cupriavidus gilardii,0.0009594940347960707
Erythrobacter atlanticus,0.0009570349170586653
Dietzia sp. DQ12-45-1b,0.000954490476953791
Halomonas sp. BC-M4-5,0.0009536519728484897
Phenylobacterium sp. HYN0004,0.0009510378795951724
Jeotgalibaca sp. PTS2502,0.0009484620625529369
Immundisolibacter cernigliae,0.0009484620625529369
Flaviflexus sp. H23T48,0.0009316507822369442
Planococcus sp. Y42,0.0009246783440331828
Pseudomonas sp. K-62,0.0009109605883799432
Pectobacterium polaris,0.0009109605883799432
Myroides sp. ZB35,0.0008960573476702509
Staphylococcus fleurettii,0.0008960573476702509
Snodgrassella alvi,0.0008960573476702509
Lactobacillus mucosae,0.0008919589564750855
Erythrobacter sp. THAF29,0.0008905600633287156
Erythrobacter sp. KY5,0.0008905600633287156
Paraburkholderia fungorum,0.0008900029061319383
Rhodobacteraceae bacterium SH-1,0.0008882890853009966
Kushneria konosiri,0.0008822718500137855
Kushneria marisflavi,0.0008822718500137855
Ancylobacter sp. TS-1,0.0008783228652613177
Marisediminicola antarctica,0.0008761813451109292
Flavobacterium gilvum,0.0008718395815170009
Myroides sp. A21,0.0008718395815170009
Burkholderia metallica,0.0008718395815170009
Winogradskyella sp. PC-19,0.0008718395815170009
Thermoanaerobacterium sp. RBIITD,0.0008718395815170009
Actinomyces sp. Z16,0.0008718395815170009
Streptomyces sp. NHF165,0.0008718395815170009
Actinomyces sp. dk561,0.0008718395815170009
Flavobacterium commune,0.0008718395815170009
Microcystis panniformis,0.0008718395815170009
Flavobacteriaceae bacterium UJ101,0.0008718395815170009
Desulfosporosinus youngiae,0.0008718395815170009
Burkholderia stabilis,0.0008718395815170009
Burkholderia pyrrocinia,0.0008718395815170009
Ketogulonicigenium robustum,0.0008718395815170009
Burkholderia contaminans,0.0008718395815170009
Enterococcus hirae,0.0008672093110067211
Halovulum dunhuangense,0.0008531785298062757
Porphyromonas asaccharolytica,0.0008526310247072541
Enterobacter cloacae complex sp. ECNIH7,0.0008504709643229568
Magnetospirillum gryphiswaldense,0.0008471814923427828
Roseivivax sp. THAF30,0.000841084504254898
Aeromonas sp. ASNIH5,0.0008409153570443893
Providencia alcalifaciens,0.00083942503297342
Bifidobacterium gallinarum,0.0008383072899201932
Mycolicibacterium boenickei,0.0008377015600447226
Barnesiella viscericola,0.0008374689826302729
Dysosmobacter welbionis,0.0008331528715459054
Microbacterium paludicola,0.0008271298593879239
Polaromonas sp. JS666,0.0008196104970298519
Salicibibacter halophilus,0.0008162472935874875
Aminobacter sp. MSH1,0.0008138825988620542
Azoarcus communis,0.0008117225384777567
Roseibacterium elongatum,0.0008116666042650607
Neisseria sp. KEM232,0.0008080846681272775
Glutamicibacter nicotianae,0.000807429487224139
Haemophilus sp. oral taxon 036,0.0008022082983989154
Megasphaera elsdenii,0.000801359196124682
Providencia rettgeri,0.0008006766071282199
Spirosoma aerolatum,0.0007996631059605392
Cardinium endosymbiont of Encarsia pergandiella,0.0007996631059605392
Paenibacillus durus,0.0007979370408212913
Enterobacter sp. LU1,0.0007979370408212913
[Clostridium] ultunense,0.0007979370408212913
Clostridium sporogenes,0.0007979370408212913
Azotobacter vinelandii,0.0007979370408212913
[Candida] glabrata,0.0007974628101285533
Aquitalea sp. USM4,0.0007943427298266009
Marinobacter hydrocarbonoclasticus,0.0007916089451810806
Streptococcus suis,0.0007878019276200926
Bacillus thermoamylovorans,0.0007868911094717546
Paenibacillus glucanolyticus,0.0007857560310155784
Planococcus rifietoensis,0.0007833409296898685
Ruthenibacterium lactatiformans,0.000779610064935614
Cytophaga hutchinsonii,0.0007793717471136825
Desulfomicrobium orale,0.0007793717471136825
Frateuria aurantia,0.0007760085436713183
Granulicella tundricola,0.0007687740717623956
Aerosticca soli,0.00076677173451367
Bifidobacterium breve,0.00076677173451367
Simplicispira suum,0.00076677173451367
Kushneria sp. YCWA18,0.0007663214372100183
Aeromonas encheleia,0.0007555943039814008
Tolumonas auensis,0.0007555943039814008
Jeotgalibaca sp. H21T32,0.0007545907247079571
Methanosphaera sp. BMS,0.0007501875468867217
Mageeibacillus indolicus,0.0007501875468867217
Rhodanobacter denitrificans,0.0007501875468867217
Altererythrobacter atlanticus,0.000742133386107263
Stanieria sp. NIES-3757,0.000742133386107263
Microbacterium sp. SGAir0570,0.0007383263685462751
Sphingopyxis granuli,0.0007314621870913415
Candidatus Fonsibacter ubiquis,0.0007314621870913415
Agromyces sp. KACC 19306,0.0007192936913904162
Pelosinus fermentans,0.0007091335499796425
Paenibacillus sp. Cedars,0.0007091335499796425
Moraxella ovis,0.0007091335499796425
Hylemonella gracilis,0.0007036600842260847
Roseburia hominis,0.0007036600842260847
Leptotrichia sp. oral taxon 498,0.0007032571802512803
Leptotrichia hofstadii,0.0007032571802512803
[Clostridium] scindens,0.0006993497135491989
Wolbachia endosymbiont of Folsomia candida,0.000696969875576879
Maribius sp. THAF1,0.0006926578270334455
Brucella sp. 141012304,0.0006896023293234234
Candidatus Uzinura diaspidicola,0.0006877845587523007
Sphingobium sp. LF-16,0.000681986628017524
Alistipes finegoldii,0.0006806589467879791
Chelatococcus sp. CO-6,0.0006739670602722255
Carnobacterium divergens,0.00067372559901868
Plantactinospora sp. BB1,0.0006720430107526881
Lactobacillus nagelii,0.0006720430107526881
Faecalibaculum rodentium,0.0006720430107526881
Tatumella ptyseos,0.0006698229536147605
Bacteroides salanitronis,0.0006668734491315137
Lachnoclostridium phocaeense,0.0006668734491315137
Comamonas serinivorans,0.0006617038875103391
Rhodoferax sediminis,0.0006541845251522671
Glutamicibacter sp. ZJUTW,0.0006541845251522671
Olsenella umbonata,0.0006541845251522671
Dyella japonica,0.0006538796861377507
Vibrio cholerae,0.000644704592854207
Sulfitobacter sp. AM1-D1,0.000643182267959628
Roseovarius indicus,0.000643182267959628
Gordonia sp. HY186,0.0006426712103544803
Halomonas sp. GFAJ-1,0.0006365855267497856
Lacunisphaera limnophila,0.0006365855267497856
Nibricoccus aquaticus,0.0006365855267497856
Opitutus sp. GAS368,0.0006365855267497856
Staphylococcus kloosii,0.0006352506352506353
Micromonospora chokoriensis,0.0006338220270537706
Acidobacterium capsulatum,0.0006338220270537706
Enterobacter cloacae complex sp. FDA-CDC-AR_0164,0.0006325110689437065
Bordetella pseudohinzii,0.0006325110689437065
Dickeya sp. MK7,0.0006325110689437065
Citrobacter sp. CF971,0.0006325110689437065
Leclercia sp. LSNIH3,0.0006325110689437065
Enterobacter cloacae complex sp. FDA-CDC-AR_0132,0.0006325110689437065
Moraxella cuniculi,0.0006325110689437065
Enterobacter sp. HK169,0.0006325110689437065
Enterobacter sp. N18-03635,0.0006325110689437065
Sphingobium sp. RSMS,0.0006325110689437065
Enterobacter sp. E20,0.0006325110689437065
Sphingomonas sp. CSW-10,0.0006325110689437065
Citrobacter freundii complex sp. CFNIH4,0.0006325110689437065
Laribacter hongkongensis,0.0006325110689437065
bacterium enrichment culture clone 2b(2010),0.0006325110689437065
Xanthomonas axonopodis,0.0006325110689437065
Paenibacillus sp. FSL P4-0081,0.0006325110689437065
Haemophilus pittmaniae,0.0006325110689437065
Citrobacter sp. TBCP-5362,0.0006325110689437065
Pseudomonas sp. LTGT-11-2Z,0.0006325110689437065
Arachidicoccus sp. BS20,0.0006325110689437065
Xanthomonas hortorum,0.0006325110689437065
Exiguobacterium arabatum,0.0006325110689437065
Enterococcus virus SANTOR1,0.0006325110689437065
Fermentimonas caenicola,0.0006325110689437065
Paenibacillus riograndensis,0.0006325110689437065
bacterium enrichment culture clone 1(2010),0.0006325110689437065
Lactobacillus zhachilii,0.0006325110689437065
Sporomusa termitida,0.0006325110689437065
Staphylococcus sp. CDC3,0.0006325110689437065
Paenibacillus jilunlii,0.0006325110689437065
bacterium BFN5,0.0006325110689437065
Pseudomonas sp. SWI36,0.0006325110689437065
Pelosinus sp. UFO1,0.0006325110689437065
Paenibacillus graminis,0.0006325110689437065
Staphylococcus pseudintermedius,0.0006266346992153443
Methylorubrum zatmanii,0.0006203473945409429
Plantibacter flavus,0.0006129798482874876
Corynebacterium nuruki,0.0006092841277884571
Micromonospora tulbaghiae,0.0006013457626360852
Rhodococcus sp. ABRD24,0.0005985249937362296
Rhodovulum sp. P5,0.0005937067088858105
Gryllotalpicola sp. 2DFW10M-5,0.0005937067088858105
Acidaminococcus intestini,0.0005918554559463302
Planctomyces sp. SH-PL14,0.0005877096714223173
Roseimicrobium sp. ORNL1,0.0005877096714223173
Chromohalobacter salexigens,0.0005871099676759682
Opitutaceae bacterium TAV5,0.0005871099676759682
Mesorhizobium sp. Pch-S,0.0005846525118254291
Mesorhizobium sp. DCY119,0.0005846525118254291
Pseudoalteromonas sp. DL-6,0.0005833993007454317
Lactobacillus paraplantarum,0.0005812263876780006
Aggregatibacter actinomycetemcomitans,0.0005812263876780006
Eremothecium cymbalariae,0.0005812263876780006
Campylobacter ureolyticus,0.0005812263876780006
Bacillus velezensis,0.0005780699582898648
Aeromonas rivipollensis,0.0005763828344473507
Asticcacaulis excentricus,0.0005750159421245905
Amycolatopsis sp. AA4,0.0005733244700195026
Lactobacillus murinus,0.0005729003966686903
Streptococcus sobrinus,0.0005699561960206257
Micavibrio aeruginosavorus,0.0005653810343106183
Natronococcus occultus,0.0005653810343106183
Alistipes communis,0.0005647085339842118
Brevibacillus laterosporus,0.0005488118391344198
Agromyces sp. MF30-A,0.0005485383770572645
Agromyces sp. HY052,0.0005485383770572645
Alcanivorax pacificus,0.000545753474706572
Oceanicola sp. D3,0.0005442311498119928
Pseudoalteromonas donghaensis,0.0005442311498119928
Alienimonas californiensis,0.0005442311498119928
Vibrio fluvialis,0.0005442311498119928
Ancylobacter pratisalsi,0.0005382341123484999
Candidatus Accumulibacter phosphatis,0.0005376344086021505
Aquaspirillum sp. LM1,0.0005376344086021505
Opitutus terrae,0.0005376344086021505
Dechloromonas sp. HYN0024,0.0005376344086021505
Komagataeibacter nataicola,0.0005376344086021505
Dechloromonas aromatica,0.0005376344086021505
Methanothrix soehngenii,0.0005376344086021505
Halomonas sp. GT,0.0005376344086021505
Streptomyces lunaelactis,0.0005376344086021505
Halomonas sp. KO116,0.0005376344086021505
Streptomyces xiamenensis,0.0005376344086021505
Streptomyces spectabilis,0.0005376344086021505
Streptomyces hundungensis,0.0005376344086021505
Desulfovibrio desulfuricans,0.0005376344086021505
Halomonas sp. N3-2A,0.0005376344086021505
Halomonas sp. A3H3,0.0005376344086021505
Arthrobacter dokdonellae,0.0005363573672515517
Xylanimonas cellulosilytica,0.000532661646752521
Xylanimicrobium sp. FW10M-9,0.000532661646752521
Sporosarcina ureae,0.000532661646752521
Planctomycetales bacterium,0.000525540383050773
Saccharomonospora marina,0.0005238489109456851
Klebsiella quasivariicola,0.0005238489109456851
Lachnospiraceae bacterium oral taxon 500,0.0005152329749103942
Lonsdalea britannica,0.0005125422717944364
Novosphingobium pentaromativorans,0.0005117548853943075
Weissella paramesenteroides,0.0005100634132892197
Citrobacter braakii,0.0005085730892182504
Nocardia nova,0.000506849616289553
Bacillus amyloliquefaciens,0.0005064255429387406
Alistipes shahii,0.0005055147247904026
Bacteroides helcogenes,0.0005014474772539289
Pseudoalteromonas haloplanktis,0.0005014474772539289
Moritella marina,0.0005014474772539289
Pseudoalteromonas translucida,0.0005014474772539289
Intestinibaculum porci,0.0005014474772539289
Pseudoalteromonas nigrifaciens,0.0005014474772539289
Haloterrigena daqingensis,0.0004962779156327543
Rhodovulum sp. MB263,0.0004947555907381753
Rhodothermus marinus,0.0004947555907381753
Kutzneria albida,0.0004930641186330876
Streptomyces pactum,0.0004887585532746823
Streptomyces ambofaciens,0.0004887585532746823
Streptomyces fungicidicus,0.0004887585532746823
Myroides odoratimimus,0.0004887585532746823
Pontibacter akesuensis,0.0004887585532746823
Novibacillus thermophilus,0.0004887585532746823
Halorientalis sp. IM1011,0.0004887585532746823
Streptomyces sp. WAC 01438,0.0004887585532746823
Meiothermus ruber,0.00048539534983231796
Bordetella petrii,0.00048409690582704146
Variibacter gotjawalensis,0.0004760648239769554
Mycolicibacterium monacense,0.0004698246633730504
Actinomyces gaoshouyii,0.0004698246633730504
Dickeya zeae,0.00046533769074833794
Halomonas sp. NBT06E8,0.00046227932632049
Arthrobacter sp. ERGS1:01,0.0004597348862156157
Bacteroides intestinalis,0.0004569499838649231
Pseudomonas sp. QZS01,0.0004560391657165851
Apibacter sp. HY041,0.0004560391657165851
Methanobrevibacter smithii,0.0004560391657165851
Weissella jogaejeotgali,0.0004560391657165851
Gammaproteobacteria bacterium ESL0073,0.0004560391657165851
Clostridium tyrobutyricum,0.0004560391657165851
Longibaculum sp. KGMB06250,0.0004560391657165851
Gordonia phage Phinally,0.0004452800316643578
Salinibacter ruber,0.0004452800316643578
Pleurocapsa minor,0.0004452800316643578
Treponema sp. OMZ 838,0.00043591979075850045
Lactobacillus sp. C25,0.00043591979075850045
Geobacillus stearothermophilus,0.00043591979075850045
Porcine type-C oncovirus,0.00043591979075850045
Flavobacterium indicum,0.00043591979075850045
Candidatus Pelagibacter sp. IMCC9063,0.00043591979075850045
Pandoraea pnomenusa,0.00043591979075850045
Mycobacterium sp. QIA-37,0.00043591979075850045
Hyphomicrobium nitrativorans,0.00043591979075850045
Choristoneura fumiferana granulovirus,0.00043591979075850045
Lactobacillus kefiranofaciens,0.00043591979075850045
Arthrobacter sp. YN,0.0004314075497535571
Saccharopolyspora sp. E2A,0.00042980306190280464
Acidovorax citrulli,0.00042980306190280464
Aequorivita sublithincola,0.000427769679403078
Mesorhizobium oceanicum,0.00042658926490313784
Nordella sp. HKS 07,0.00042295139455265874
Amycolatopsis albispora,0.00042125992244757096
Shewanella sp. MR-7,0.00041280376724667244
Shewanella sp. MR-4,0.00041280376724667244
Cupriavidus necator,0.0004078984981419179
Psychrobacillus glaciei,0.00040747442479110546
Sphingobacterium sp. dk4302,0.00040747442479110546
Streptomyces sp. SCSIO 03032,0.00040747442479110546
Escherichia fergusonii,0.00040747442479110546
Stappia indica,0.0004054410422913788
Sulfitobacter sp. THAF37,0.0003958044725905403
Tateyamaria omphalii,0.0003958044725905403
Roseovarius sp. THAF9,0.0003958044725905403
Corynebacterium terpenotabidum,0.00039529341498539263
Methyloversatilis sp. RAC08,0.00039353349456282125
Lysinimonas sp. KACC 19322,0.00039047513013497337
Mycolicibacterium chitae,0.00039047513013497337
Legionella pneumophila,0.0003895643119866353
Desulfovibrio vulgaris,0.00038549706445016157
Raoultella electrica,0.000383385867256835
Actinopolyspora erythraea,0.00038032750282898707
Citrobacter amalonaticus,0.00038032750282898707
Acidovorax sp. HDW3,0.00038032750282898707
Aeromicrobium marinum,0.00037829412032926044
Rippkaea orientalis,0.00037711370582932033
Pseudomonas sp. SWI7,0.00037120485745112213
Leuconostoc garlicum,0.00037120485745112213
Vibrio casei,0.0003672356748749362
Tistrella mobilis,0.00036332820817285493
Aeromonas dhakensis,0.00036332820817285493
Halotalea alkalilenta,0.00035842293906810036
Gemmatimonas aurantiaca,0.00035842293906810036
Enterobacter virus KDA1,0.00035842293906810036
Halomonas sp. 1513,0.00035842293906810036
Phycisphaera mikurensis,0.00034632891351672274
Leisingera aquaemixtae,0.00034632891351672274
Shewanella algae,0.00034632891351672274
Monaibacterium sp. ALG8,0.00034632891351672274
Rhodobacteraceae bacterium 9Alg 56,0.00034632891351672274
Microchaete diplosiphon,0.00034632891351672274
Vibrio parahaemolyticus,0.00034632891351672274
Vibrio alginolyticus,0.00034632891351672274
Thalassococcus sp. S3,0.00034632891351672274
Vibrio natriegens,0.00034632891351672274
Trichormus azollae,0.00034632891351672274
Rhodothermaceae bacterium,0.00034632891351672274
Jannaschia sp. CCS1,0.00034632891351672274
Roseovarius sp. MME-070,0.00034632891351672274
Olsenella uli,0.00034463744141163496
Alloactinosynnema sp. L-07,0.00034463744141163496
Flavihumibacter sp. SB-02,0.00034463744141163496
Kibdelosporangium phytohabitans,0.00034463744141163496
Faecalitalea cylindroides,0.00034463744141163496
Halomonas elongata,0.00034463744141163496
Mobiluncus curtisii,0.0003400887529128178
Corynebacterium ulcerans,0.0003400887529128178
Mycobacterium sp. KMS,0.0003400887529128178
Lactobacillus lindneri,0.00033602150537634406
Flammeovirgaceae bacterium 311,0.00033602150537634406
Leishmania panamensis,0.00033602150537634406
[Clostridium] hylemonae,0.00033602150537634406
Caproiciproducens sp. NJN-50,0.00033602150537634406
Ruminococcaceae bacterium CPB6,0.00033602150537634406
Muribaculum sp. H5,0.00033602150537634406
Megamonas hypermegale,0.00033602150537634406
Leptotrichia sp. oral taxon 847,0.00033602150537634406
Leptotrichia trevisanii,0.00033602150537634406
Ruminococcus champanellensis,0.00033602150537634406
Bacillus sp. SPB7,0.00033602150537634406
Leptotrichia goodfellowii,0.00033602150537634406
Fusobacterium gonidiaformans,0.00033602150537634406
Bacillus vallismortis,0.00033602150537634406
Muribaculaceae bacterium DSM 108610,0.00033602150537634406
Capnocytophaga sp. oral taxon 323,0.00033602150537634406
Christensenella minuta,0.00033602150537634406
Butyricimonas faecalis,0.00033602150537634406
Mahella australiensis,0.00033602150537634406
Helicobacter cinaedi,0.00033602150537634406
Capnocytophaga ochracea,0.00033602150537634406
Muribaculum sp. TLL-A4,0.00033602150537634406
Draconibacterium orientale,0.00033602150537634406
Pseudomonas sp. NIBRBAC000502773,0.000332456431605922
Citrobacter koseri,0.00033085194375516956
Citrobacter sp. SNU WT2,0.00033085194375516956
Halomonas sp. PGE1,0.00033085194375516956
Citrobacter sp. CRE-46,0.00033085194375516956
Bacillus lentus,0.00033085194375516956
Bacillus pseudofirmus,0.00033085194375516956
Actinosynnema pretiosum,0.00033085194375516956
Bacillus cellulosilyticus,0.00033085194375516956
Bacillus krulwichiae,0.00033085194375516956
Oceanobacillus kimchii,0.00033085194375516956
Comamonas sp. NLF-7-7,0.00033085194375516956
Kosakonia oryzae,0.00033085194375516956
Limnohabitans sp. 63ED37-2,0.00033085194375516956
Verminephrobacter eiseniae,0.00033085194375516956
Clostridium sp. JN-1,0.00033085194375516956
Rhodoferax saidenbachensis,0.00033085194375516956
Olivibacter sp. LS-1,0.00033085194375516956
Cellvibrio sp. PSBB006,0.00033085194375516956
Bacillus sp. FJAT-18017,0.00033085194375516956
Aeromonas sp. ASNIH2,0.00033085194375516956
Blautia sp. N6H1-15,0.00033085194375516956
Geosporobacter ferrireducens,0.00033085194375516956
Bacillus sp. ABP14,0.00033085194375516956
Bacillus horikoshii,0.00033085194375516956
Bacillus sp. THAF10,0.00033085194375516956
Kosakonia arachidis,0.00033085194375516956
Bacillus filamentosus,0.00033085194375516956
Gloeothece citriformis,0.0003276381467555028
Pseudoalteromonas spongiae,0.0003240002764050236
Auritidibacter sp. NML130574,0.0003186709339494567
Candidatus Portiera aleyrodidarum,0.0003169110135268853
Leifsonia sp. 21MFCrub1.1,0.00031385264909903737
Pseudoalteromonas piscicida,0.00031385264909903737
Macrococcus canis,0.0003064899241437438
Human mastadenovirus C,0.0003064899241437438
Aequorivita sp. H23M31,0.0003064899241437438
TM7 phylum sp. oral taxon 488,0.00030530950964380364
Bifidobacterium thermophilum,0.00030530950964380364
Humibacter sp. WJ7-1,0.0003016716392933245
Tolypothrix sp. PCC 7910,0.00029685335444290523
Sulfitobacter sp. D7,0.00029685335444290523
Vibrio diabolicus,0.00029685335444290523
Cryobacterium arcticum,0.00029685335444290523
Oceanimonas sp. GK1,0.00029685335444290523
Nostoc carneum,0.00029685335444290523
Vibrio antiquarius,0.00029685335444290523
Mycobacterium sp. THAF192,0.00029685335444290523
Photobacterium damselae,0.00029685335444290523
Calothrix sp. NIES-3974,0.00029685335444290523
Flavobacterium sp. CJ74,0.00029685335444290523
Salinibacterium sp. dk2585,0.00029458237641518623
Streptomyces tsukubensis,0.00029458237641518623
Novosphingobium sp. PP1Y,0.00029152401198733824
Virgibacillus phasianinus,0.0002906131938390003
Lactobacillus gasseri,0.0002906131938390003
Dichelobacter nodosus,0.0002906131938390003
Lactobacillus sanfranciscensis,0.0002906131938390003
Mucilaginibacter gotjawali,0.0002906131938390003
Psychrobacter maritimus,0.0002906131938390003
Lactobacillus buchneri,0.0002906131938390003
Campylobacter gracilis,0.0002906131938390003
Capnocytophaga endodontalis,0.0002906131938390003
Tenacibaculum sp. SZ-18,0.0002906131938390003
Capnocytophaga stomatis,0.0002906131938390003
Leptotrichia hongkongensis,0.0002906131938390003
Fusobacterium sp. oral taxon 203,0.0002906131938390003
Bernardetia litoralis,0.0002906131938390003
Halomonas huangheensis,0.0002906131938390003
Mannheimia sp. USDA-ARS-USMARC-1261,0.0002906131938390003
Orrella dioscoreae,0.0002906131938390003
Porphyromonas cangingivalis,0.0002906131938390003
Human mastadenovirus E,0.0002906131938390003
Tatumella citrea,0.0002906131938390003
Pseudomonas phage phi-2,0.0002906131938390003
Acinetobacter phage Acj61,0.0002906131938390003
Aerococcus christensenii,0.0002906131938390003
Pseudomonas virus SM1,0.0002906131938390003
Saccharomyces eubayanus,0.0002906131938390003
Rickettsia endosymbiont of Bemisia tabaci,0.0002906131938390003
RD114 retrovirus,0.0002906131938390003
Saccharomyces paradoxus,0.0002906131938390003
Kitasatospora setae,0.0002793430021816254
Starkeya sp. ORNL1,0.00027816258768168525
Rhodococcus pyridinivorans,0.00027816258768168525
Mycobacterium marseillense,0.00027816258768168525
Leifsonia sp. PS1209,0.0002745247173312061
Wolbachia endosymbiont of Ctenocephalides felis,0.00026743545445306774
Sphingorhabdus sp. IMCC1753,0.00026437709002521986
Mycobacterium sp. DL440,0.00026437709002521986
Mycolicibacterium alvei,0.00026437709002521986
Mycobacterium sp. DL90,0.00026437709002521986
Cellvibrio japonicus,0.00026437709002521986
Wolbachia endosymbiont of Bemisia tabaci,0.00026437709002521986
Mycolicibacterium helvum,0.00026437709002521986
Thermus parvatiensis,0.00025583395056998613
Serratia sp. P2ACOL2,0.00025583395056998613
Polymorphum gilvum,0.00025583395056998613
Rhodococcus coprophilus,0.000252196080219507
Rhodococcus sp. WMMA185,0.000252196080219507
Vibrio virus VP4B,0.00024737779536908766
Vibrio rotiferianus,0.00024737779536908766
Pseudoalteromonas issachenkonii,0.00024737779536908766
Vibrio mediterranei,0.00024737779536908766
Mycolicibacterium pulveris,0.00024737779536908766
Vibrio campbellii,0.00024737779536908766
Pseudoalteromonas tetraodonis,0.00024737779536908766
Vibrio sp. EJY3,0.00024737779536908766
Vibrio harveyi,0.00024737779536908766
Corynebacterium uterequi,0.00024737779536908766
Vibrio vulnificus,0.00024737779536908766
Vibrio sp. dhg,0.00024737779536908766
Nocardia sp. CS682,0.00024737779536908766
Roseitalea porphyridii,0.00024737779536908766
Vibrio sp. THAF190c,0.00024737779536908766
Listonella phage phiHSIC,0.00024737779536908766
Vibrio phage pYD38-B,0.00024737779536908766
Vibrio ponticus,0.00024737779536908766
Vibrio navarrensis,0.00024737779536908766
Rhodothermaceae bacterium RA,0.00024737779536908766
Vibrio phage qdvp001,0.00024737779536908766
Ureibacillus thermosphaericus,0.00024204845291352073
Lactobacillus dextrinicus,0.00024204845291352073
Enterococcus wangshanyuanii,0.00024204845291352073
Planococcus versutus,0.00024204845291352073
Planococcus halocryophilus,0.00024204845291352073
Ruminococcus sp. JE7A12,0.00024204845291352073
Jonesia denitrificans,0.00024204845291352073
Escherichia marmotae,0.00024204845291352073
Bacillus butanolivorans,0.00024204845291352073
Saccharomonospora azurea,0.00024204845291352073
Xylanimonas allomyrinae,0.00024204845291352073
Austwickia chelonae,0.00022986744310780785
Thermobifida fusca,0.00022986744310780785
Psychrobacter alimentarius,0.00022986744310780785
Planococcus antarcticus,0.00022986744310780785
Rathayibacter tritici,0.00022986744310780785
Rathayibacter iranicus,0.00022986744310780785
Flaviflexus salsibiostraticola,0.00022986744310780785
Brucella sp. 09RB8471,0.00022986744310780785
Pseudactinotalea sp. HY158,0.00022986744310780785
Arthrobacter sp. PAMC 25486,0.00022986744310780785
Hypericibacter adhaerens,0.00022868702860786772
Nitratireductor sp. SY7,0.00022868702860786772
Halomonas sp. THAF12,0.00022868702860786772
Aminobacter aminovorans,0.00022868702860786772
Cobetia marina,0.00022868702860786772
Micromonospora coriariae,0.00022504915825738856
Candidatus Promineofilum breve,0.00021795989537925023
Shewanella sp. W3-18-1,0.00021795989537925023
Saccharibacillus brassicae,0.00021795989537925023
Algoriphagus sanaruensis,0.00021795989537925023
Methylomonas methanica,0.00021795989537925023
Bacillus smithii,0.00021795989537925023
Candidatus Sulcia muelleri,0.00021795989537925023
Blattabacterium clevelandi,0.00021795989537925023
Bradymonadales bacterium V1718,0.00021795989537925023
Tamlana sp. UJ94,0.00021795989537925023
Oryzomicrobium terrae,0.00021795989537925023
Mycoplasma nasistruthionis,0.00021795989537925023
Aquimarina sp. BL5,0.00021795989537925023
Bradyrhizobium ottawaense,0.00021795989537925023
Thermodesulfobium acidiphilum,0.00021795989537925023
Betapapillomavirus 1,0.00021795989537925023
Aeromonas sp. CA23,0.00021795989537925023
[Mycobacterium] stephanolepidis,0.00021795989537925023
Aeromonas sp. CU5,0.00021795989537925023
Lactobacillus mali,0.00021795989537925023
Raineyella sp. CBA3103,0.00021795989537925023
Yersinia enterocolitica,0.00021795989537925023
Bartonella bacilliformis,0.00021795989537925023
Sphingopyxis sp. LPB0140,0.00021795989537925023
Serratia sp. FGI94,0.00021795989537925023
Candidatus Fukatsuia symbiotica,0.00021795989537925023
Serratia sp. KUDC3025,0.00021795989537925023
Photobacterium gaetbulicola,0.00021490153095140232
Blastochloris viridis,0.00021490153095140232
Citrobacter sp. NMI7904_11,0.00021490153095140232
Zobellella denitrificans,0.00021490153095140232
Wolbachia pipientis,0.00021490153095140232
Streptomyces sp. KPB2,0.00021490153095140232
Marinobacter sp. LQ44,0.00021490153095140232
Nitrosospira multiformis,0.00021490153095140232
Vibrio chagasii,0.00019790223629527015
Pseudoalteromonas sp. SM9913,0.00019790223629527015
Deinococcus peraridilitoris,0.00019790223629527015
Shewanella chilikensis,0.00019790223629527015
Corynebacterium sp. 2039,0.00019790223629527015
Pseudoalteromonas phenolica,0.00019790223629527015
Micromonospora sp. HM134,0.00019790223629527015
Vibrio panuliri,0.00019790223629527015
Euzebya sp. DY32-46,0.00017921146953405018
Human gammaherpesvirus 4,0.00017921146953405018
Klebsiella phage vB_KpnM_KB57,0.00017921146953405018
Klebsiella sp. LY,0.00017921146953405018
Streptomyces albulus,0.00017921146953405018
Selenomonas sp. oral taxon 136,0.00017921146953405018
Dickeya virus JA11,0.00017921146953405018
Enterobacteriaceae bacterium S05,0.00017921146953405018
Selenomonas sp. oral taxon 478,0.00017921146953405018
Victivallales bacterium CCUG 44730,0.00017921146953405018
Candidatus Saccharimonas aalborgensis,0.00017921146953405018
Shigella dysenteriae,0.00017921146953405018
Pelagibacterium halotolerans,0.00017921146953405018
Thauera aromatica,0.00017921146953405018
Komagataeibacter hansenii,0.00017921146953405018
Burkholderia sp. KK1,0.00017921146953405018
Burkholderia seminalis,0.00017921146953405018
Mesorhizobium sp. M9A.F.Ca.ET.002.03.1.2,0.00017921146953405018
Rhodococcus sp. 2G,0.00017921146953405018
Massilistercora timonensis,0.00017921146953405018
Mesorhizobium sp. M1D.F.Ca.ET.043.01.1.1,0.00017921146953405018
Azoarcus sp. KH32C,0.00017921146953405018
Rhodococcus sp. p52,0.00017921146953405018
Azoarcus sp. DD4,0.00017921146953405018
Flavisolibacter tropicus,0.00017921146953405018
Azoarcus sp. CIB,0.00017921146953405018
Thauera chlorobenzoica,0.00017921146953405018
Simonsiella muelleri,0.00017921146953405018
Mesorhizobium sp. M3A.F.Ca.ET.080.04.2.1,0.00017921146953405018
Mesorhizobium sp. M4B.F.Ca.ET.058.02.1.1,0.00017921146953405018
Mesorhizobium loti,0.00017921146953405018
Lentibacillus amyloliquefaciens,0.00017921146953405018
Halomonas subglaciescola,0.00017921146953405018
Halomonas socia,0.00017921146953405018
Micromonospora sp. WMMA2032,0.00017921146953405018
Amycolatopsis keratiniphila,0.00017921146953405018
Azoarcus sp. SY39,0.00017921146953405018
Mesorhizobium amorphae,0.00017921146953405018
Aromatoleum aromaticum,0.00017921146953405018
Mesorhizobium sp. M1E.F.Ca.ET.045.02.1.1,0.00017921146953405018
Gemmatimonas phototrophica,0.00017921146953405018
Mesorhizobium sp. M1B.F.Ca.ET.045.04.1.1,0.00017921146953405018
Azoarcus sp. DN11,0.00017921146953405018
Haliscomenobacter hydrossis,0.00017921146953405018
Virgibacillus sp. 6R,0.00016542597187758478
Bacillus freudenreichii,0.00016542597187758478
Pradoshia sp. D12,0.00016542597187758478
Oceanobacillus sp. 160,0.00016542597187758478
Anoxybacillus amylolyticus,0.00016542597187758478
Xanthomonas virus f30,0.00016542597187758478
Virgibacillus necropolis,0.00016542597187758478
Virgibacillus sp. Bac330,0.00016542597187758478
Terriglobus albidus,0.00016542597187758478
Herbinix luporum,0.00016542597187758478
Deferribacter desulfuricans,0.00016542597187758478
Lactobacillus farciminis,0.00016542597187758478
Paenibacillus sp. DCT19,0.00016542597187758478
Psychrobacillus sp. AK 1817,0.00016542597187758478
Bacillus lehensis,0.00016542597187758478
Paenibacillus crassostreae,0.00016542597187758478
Bacillus halodurans,0.00016542597187758478
Bacillus muralis,0.00016542597187758478
Aeribacillus pallidus,0.00016542597187758478
Dehalobacterium formicoaceticum,0.00016542597187758478
Staphylococcus sp. AntiMn-1,0.00016542597187758478
Bacillus gobiensis,0.00016542597187758478
Fictibacillus arsenicus,0.00016542597187758478
Desulfotomaculum ruminis,0.00016542597187758478
Bacillus sp. FJAT-45348,0.00016542597187758478
Lachnospiraceae bacterium,0.00016542597187758478
Bacillus sp. OxB-1,0.00016542597187758478
Cellulosilyticum lentocellum,0.00016542597187758478
Clostridium drakei,0.00016542597187758478
Paenibacillus thiaminolyticus,0.00016542597187758478
Paenibacillus guangzhouensis,0.00016542597187758478
Methylomonas clara,0.00016542597187758478
Bacillus tropicus,0.00016542597187758478
Brachyspira pilosicoli,0.00016542597187758478
Bacillaceae bacterium TKL69,0.00016542597187758478
Clostridium sp. JN500901,0.00016542597187758478
Gracilibacillus sp. SCU50,0.00016542597187758478
Bacillus clausii,0.00016542597187758478
Bacillus vietnamensis,0.00016542597187758478
Arthrobacter citreus,0.00016542597187758478
Paenibacillus sp. HB172198,0.00016542597187758478
Cellulosilyticum sp. WCF-2,0.00016542597187758478
Xanthomonas virus f20,0.00016542597187758478
Providencia vermicola,0.00016542597187758478
Flavobacterium album,0.00016542597187758478
Paenisporosarcina sp. K2R23-3,0.00016542597187758478
Hydrogenophaga sp. PAMC20947,0.00016542597187758478
Azospirillum humicireducens,0.00016542597187758478
Azospirillum thiophilum,0.00016542597187758478
Azospirillum sp. TSH100,0.00016542597187758478
Paenisporosarcina antarctica,0.00016542597187758478
Enterobacteriaceae bacterium A-F18,0.00016542597187758478
Lactococcus petauri,0.00016542597187758478
Lactobacillus futsaii,0.00016542597187758478
Yersinia pestis,0.00016542597187758478
Klebsiella grimontii,0.00016542597187758478
Salmonella bongori,0.00016542597187758478
Photobacterium profundum,0.00016542597187758478
Simkania negevensis,0.00016542597187758478
Kosakonia radicincitans,0.00016542597187758478
Methanobrevibacter millerae,0.00016542597187758478
Dysgonomonas sp. HDW5A,0.00016542597187758478
Hydrogenophaga crassostreae,0.00016542597187758478
Gordonibacter pamelaeae,0.00016542597187758478
Rhodoferax ferrireducens,0.00016542597187758478
Rhodoferax antarcticus,0.00016542597187758478
Polaromonas vacuolata,0.00016542597187758478
Limnohabitans sp. 103DPR2,0.00016542597187758478
Olsenella sp. GAM18,0.00016542597187758478
Rhodoferax sp. Gr-4,0.00016542597187758478
Gordonibacter urolithinfaciens,0.00016542597187758478
Acidovorax cattleyae,0.00016542597187758478
Burkholderia glumae,0.00016542597187758478
Curvibacter sp. AEP1-3,0.00016542597187758478
Advenella mimigardefordensis,0.00016542597187758478
Alteromonas pelagimontana,0.00016542597187758478
Parolsenella catena,0.00016542597187758478
Providencia stuartii,0.00016542597187758478
Stenotrophomonas sp. YAU14A_MKIMI4_1,0.00016542597187758478
Sebaldella termitidis,0.00016542597187758478
Streptomyces olivaceus,0.00016542597187758478
Legionella jordanis,0.00016542597187758478
Xanthomonas virus Xc10,0.00016542597187758478
Francisella philomiragia,0.00016542597187758478
Sporosarcina psychrophila,0.00016542597187758478
Mycolicibacter terrae,0.00016542597187758478
Mycolicibacter hiberniae,0.00016542597187758478
Sporosarcina ureilytica,0.00016542597187758478
Mycolicibacter sinensis,0.00016542597187758478
Alistipes megaguti,0.00016542597187758478
Runella sp. SP2,0.00016542597187758478
Aeromonas sp. ASNIH1,0.00016542597187758478
Sporosarcina sp. PTS2304,0.00016542597187758478
Sporosarcina pasteurii,0.00016542597187758478
Paenibacillus alvei,0.00016542597187758478
Spodoptera littoralis nucleopolyhedrovirus,0.00016542597187758478
Chitinophaga sp. H33E-04,0.00016542597187758478
Alistipes dispar,0.00016542597187758478
Streptomyces sp. VN1,0.00016542597187758478
Geitlerinema sp. PCC 7407,0.00016542597187758478
Mycolicibacter minnesotensis,0.00016542597187758478
Trichoplusia ni single nucleopolyhedrovirus,0.00016542597187758478
Aeromonas sp. ASNIH3,0.00016542597187758478
Actinomadura amylolytica,0.0001532449620718719
Streptomyces xinghaiensis,0.0001532449620718719
Thermoactinomyces vulgaris,0.0001532449620718719
Micromonospora sp. B006,0.0001532449620718719
Rhodococcus sp. WAY2,0.0001532449620718719
Brevibacterium sp. Ap13,0.0001532449620718719
Rhodococcus sp. S2-17,0.0001532449620718719
Rhodococcus jostii,0.0001532449620718719
Pseudomonas sp. ADAK22,0.0001532449620718719
Rathayibacter rathayi,0.0001532449620718719
Enterococcus durans,0.0001532449620718719
Pseudomonas sp. LBUM920,0.0001532449620718719
Rathayibacter sp. VKM Ac-2762,0.0001532449620718719
Tomitella sp. HY188,0.00014842667722145261
Vibrio scophthalmi,0.00014842667722145261
Vibrio tubiashii,0.00014842667722145261
Mycobacterium seoulense,0.00014842667722145261
Alcanivorax xenomutans,0.00014842667722145261
Altererythrobacter sp. ZODW24,0.00014842667722145261
Salinimonas sp. KX18D6,0.00014842667722145261
Mycobacterium sp. ELW1,0.00014842667722145261
Vibrio owensii,0.00014842667722145261
Methylomicrobium album,0.00014842667722145261
Mycolicibacterium confluentis,0.00014842667722145261
Methylosinus trichosporium,0.00014842667722145261
Granulicella mallensis,0.00014842667722145261
Halomonas sp. AM6,0.00014842667722145261
Staphylococcus condimenti,0.0001260980401097535
Micromonospora krabiensis,0.0001260980401097535
Devosia sp. I507,0.0001260980401097535
Paracoccus haeundaensis,0.0001260980401097535
Mycobacterium branderi,9.895111814763508e-05
Vibrio europaeus,9.895111814763508e-05
Dyadobacter fermentans,9.895111814763508e-05
Nostoc sp. NIES-2111,9.895111814763508e-05
Mycolicibacterium aichiense,9.895111814763508e-05
Oblitimonas alkaliphila,9.895111814763508e-05
Epibacterium mobile,9.895111814763508e-05
Blastomonas sp. RAC04,9.895111814763508e-05
Mycolicibacterium thermoresistibile,9.895111814763508e-05
Vibrio taketomensis,9.895111814763508e-05
Wolbachia endosymbiont of Cimex lectularius,9.895111814763508e-05
Halomonas venusta,9.895111814763508e-05
Verrucomicrobium spinosum,9.895111814763508e-05
Mycobacterium sp. EPa45,9.895111814763508e-05
Gemmata massiliana,9.895111814763508e-05
Mycolicibacterium sarraceniae,9.895111814763508e-05
Nocardia mangyaensis,9.895111814763508e-05
Methylobacillus flagellatus,9.895111814763508e-05
Halomonas sp. SF2003,9.895111814763508e-05
Gemmata sp. SH-PL17,9.895111814763508e-05
Verrucomicrobia bacterium IMCC26134,9.895111814763508e-05
Chromobacterium sp. ATCC 53434,9.895111814763508e-05
Mycobacterium sp. DL592,9.895111814763508e-05
Corynebacterium cystitidis,9.895111814763508e-05
Pseudomonas virus EL,9.895111814763508e-05
Mycobacterium paraseoulense,9.895111814763508e-05
Cyanobacterium aponinum,9.895111814763508e-05
Mycobacterium colombiense,9.895111814763508e-05
Nocardia arthritidis,9.895111814763508e-05
Methylovirgula ligni,9.895111814763508e-05
Methylocystis parvus,9.895111814763508e-05
Phaeobacter gallaeciensis,9.895111814763508e-05
Dactylococcopsis salina,9.895111814763508e-05
Mycobacterium mantenii,9.895111814763508e-05
Mycobacterium conspicuum,9.895111814763508e-05
Blastochloris tepida,9.895111814763508e-05
Salinisphaera sp. LB1,9.895111814763508e-05
Gammapapillomavirus 1,7.662248103593595e-05
Helicobacter typhlonius,7.662248103593595e-05
Bacillus tequilensis,7.662248103593595e-05
Rhodococcus sp. WB9,7.662248103593595e-05
Pseudomonas sp. St29,7.662248103593595e-05
Jeotgalibaca arthritidis,7.662248103593595e-05
Marinilactibacillus sp. 15R,7.662248103593595e-05
Bacillus licheniformis,7.662248103593595e-05
Propionibacterium phage PAC1,7.662248103593595e-05
Micromonospora coxensis,7.662248103593595e-05
Staphylococcus virus Andhra,7.662248103593595e-05
Micromonospora siamensis,7.662248103593595e-05
Micromonospora purpureochromogenes,7.662248103593595e-05
Fusobacterium periodonticum,7.662248103593595e-05
Rathayibacter sp. VKM Ac-2805,7.662248103593595e-05
Geobacillus thermodenitrificans,7.662248103593595e-05
Streptomyces sp. QMT-12,7.662248103593595e-05
Staphylococcus phage St 134,7.662248103593595e-05
Exiguobacterium antarcticum,7.662248103593595e-05
Propionibacterium virus Ouroboros,7.662248103593595e-05
Carnobacterium sp. CP1,7.662248103593595e-05
Propionibacterium virus PHL070N00,7.662248103593595e-05
Streptomyces sp. GSSD-12,7.662248103593595e-05
Saccharomonospora cyanea,7.662248103593595e-05
Thermomonospora curvata,7.662248103593595e-05
Streptococcus parauberis,7.662248103593595e-05
Eikenella exigua,7.662248103593595e-05
Pectobacterium punjabense,7.662248103593595e-05
Enterococcus sp. FDAARGOS_553,7.662248103593595e-05
Enterococcus sp. M190262,7.662248103593595e-05
Enterococcus sp. HSIEG1,7.662248103593595e-05
Bordetella bronchiseptica,7.662248103593595e-05
Psychrobacter sp. DAB_AL62B,7.662248103593595e-05
Bordetella avium,7.662248103593595e-05
Devosia sp. 1566,7.662248103593595e-05
Methanosarcina thermophila,7.662248103593595e-05
Salegentibacter sp. T436,7.662248103593595e-05
Bergeyella cardium,7.662248103593595e-05
Thermaerobacter sp. FW80,7.662248103593595e-05
Natrinema versiforme,7.662248103593595e-05
Hydrogenophaga pseudoflava,7.662248103593595e-05
Lachnoclostridium sp. YL32,7.662248103593595e-05
Chelativorans sp. BNC1,7.662248103593595e-05
Enterococcus thailandicus,7.662248103593595e-05
Sphingobacterium psychroaquaticum,7.662248103593595e-05
Vibrio sp. HBUAS61001,7.662248103593595e-05
Enterococcus gilvus,7.662248103593595e-05
Agrobacterium sp. MA01,7.662248103593595e-05
Diaminobutyricimonas sp. LJ205,7.662248103593595e-05
Salinibacterium sp. CGMCC 1.16371,7.662248103593595e-05
Agrobacterium sp. H13-3,7.662248103593595e-05
Psychrobacter phage Psymv2,7.662248103593595e-05
Sinorhizobium sp. M14,7.662248103593595e-05
Paenibacillus xylanilyticus,7.662248103593595e-05
Lactobacillus gastricus,7.662248103593595e-05
Streptomyces sp. P3,7.662248103593595e-05
Streptomyces niveus,7.662248103593595e-05
Bacillus sp. WP8,7.662248103593595e-05
Propionibacterium virus Solid,7.662248103593595e-05
Propionibacterium virus PHL114L00,7.662248103593595e-05
Streptomyces globisporus,7.662248103593595e-05
Streptomyces anulatus,7.662248103593595e-05
Halostagnicola larsenii,7.662248103593595e-05
Propionibacterium virus P144,7.662248103593595e-05
Fusobacterium mortiferum,7.662248103593595e-05
Propionibacterium virus PHL041M10,7.662248103593595e-05
Staphylococcus agnetis,7.662248103593595e-05
Streptomyces scabiei,7.662248103593595e-05
Propionibacterium virus Attacne,7.662248103593595e-05
Propionibacterium virus PHL092M00,7.662248103593595e-05
Marinomonas primoryensis,7.662248103593595e-05
Lactobacillus amylophilus,7.662248103593595e-05
Capnocytophaga sp. oral taxon 878,7.662248103593595e-05
Propionibacterium phage QueenBey,7.662248103593595e-05
Pseudomonas sp. Os17,7.662248103593595e-05
Pseudomonas sp. BIOMIG1BAC,7.662248103593595e-05
Leuconostoc kimchii,7.662248103593595e-05
Paraoerskovia marina,7.662248103593595e-05
Acidipropionibacterium virtanenii,7.662248103593595e-05
Streptomyces alboflavus,4.947555907381754e-05
Pseudohalocynthiibacter aestuariivivens,4.947555907381754e-05
Methylosinus sp. C49,4.947555907381754e-05
Hyphomicrobium denitrificans,4.947555907381754e-05
Wolbachia endosymbiont of Trichogramma pretiosum,4.947555907381754e-05
Candidatus Nitrosocosmicus exaquare,4.947555907381754e-05
Oceanisphaera profunda,4.947555907381754e-05
Planctomycetes bacterium Poly30,4.947555907381754e-05
Nonlabens spongiae,4.947555907381754e-05
Sulfitobacter pseudonitzschiae,4.947555907381754e-05
Roseovarius sp. THAF8,4.947555907381754e-05
Humibacter sp. BT305,4.947555907381754e-05
Planctomycetes bacterium Pan44,4.947555907381754e-05
Pseudoalteromonas sp. NC201,4.947555907381754e-05
Planctomycetes bacterium I41,4.947555907381754e-05
Idiomarina sp. OT37-5b,4.947555907381754e-05
Chitinophaga pinensis,4.947555907381754e-05
Chelatococcus daeguensis,4.947555907381754e-05
Methylocella silvestris,4.947555907381754e-05
Methylocella tundrae,4.947555907381754e-05
Octadecabacter sp. SW4,4.947555907381754e-05
Celeribacter ethanolicus,4.947555907381754e-05
Antarctobacter heliothermus,4.947555907381754e-05
Pigmentiphaga sp. H8,4.947555907381754e-05
Candidatus Pelagibacter giovannonii,4.947555907381754e-05
Methylocystis bryophila,4.947555907381754e-05
Flavobacterium crassostreae,4.947555907381754e-05
Caulobacteraceae bacterium 0127_4,4.947555907381754e-05
Flavobacterium faecale,4.947555907381754e-05
Pseudoalteromonas espejiana,4.947555907381754e-05
Acetoanaerobium sticklandii,4.947555907381754e-05
Blastomonas fulva,4.947555907381754e-05
Boseongicola sp. CCM32,4.947555907381754e-05
Niastella koreensis,4.947555907381754e-05
Methylocystis rosea,4.947555907381754e-05
Hyphomonas sp. CACIAM 19H1,4.947555907381754e-05
Neisseria chenwenguii,4.947555907381754e-05
Vitreoscilla filiformis,4.947555907381754e-05
Litoreibacter sp. LN3S51,4.947555907381754e-05
Kingella kingae,4.947555907381754e-05
Hartmannibacter diazotrophicus,4.947555907381754e-05
Pseudomonas mosselii,4.947555907381754e-05
Cnuibacter physcomitrellae,4.947555907381754e-05
Anabaena sp. WA102,4.947555907381754e-05
Sulfitobacter sp. SK025,4.947555907381754e-05
Mycolicibacterium insubricum,4.947555907381754e-05
Mycobacterium virus Pixie,4.947555907381754e-05
Altererythrobacter ishigakiensis,4.947555907381754e-05
Citrobacter sp. CFNIH10,4.947555907381754e-05
Nocardia otitidiscaviarum,4.947555907381754e-05
Mycobacterium cookii,4.947555907381754e-05
Klebsiella virus IME260,4.947555907381754e-05
Wolbachia endosymbiont of Chrysomya megacephala,4.947555907381754e-05
Raoultella sp. NCTC 9189,4.947555907381754e-05
Mycobacterium kansasii,4.947555907381754e-05
Cryobacterium sp. GCJ02,4.947555907381754e-05
Geminocystis sp. NIES-3708,4.947555907381754e-05
Geminocystis sp. NIES-3709,4.947555907381754e-05
Arsenophonus endosymbiont of Aleurodicus dispersus,4.947555907381754e-05
Vibrio virus SSP002,4.947555907381754e-05
Mycolicibacterium fallax,4.947555907381754e-05
Kitasatospora albolonga,4.947555907381754e-05
Phascolarctobacterium faecium,4.947555907381754e-05
Marinobacter sp. JH2,4.947555907381754e-05
Roseovarius sp. THAF27,4.947555907381754e-05
Alteromonas sp. RKMC-009,4.947555907381754e-05
Streptomyces sp. 769,4.947555907381754e-05
Methylocystis heyeri,4.947555907381754e-05
Salinimonas sediminis,4.947555907381754e-05
Streptomyces cavourensis,4.947555907381754e-05
Mycobacterium parmense,4.947555907381754e-05
Desulfovibrio alaskensis,4.947555907381754e-05
Shewanella marisflavi,4.947555907381754e-05
Phaeobacter inhibens,4.947555907381754e-05
Wolbachia endosymbiont of Culex quinquefasciatus,4.947555907381754e-05
Phascolarctobacterium succinatutens,4.947555907381754e-05
Corynebacterium epidermidicanis,4.947555907381754e-05
Pseudoalteromonas carrageenovora,4.947555907381754e-05
Pseudarthrobacter sp. NIBRBAC000502772,0.0
Lactobacillus helsingborgensis,0.0
Serratia phage Eta,0.0
Alphapapillomavirus 4,0.0
Acidithiobacillus caldus,0.0
Pigmentiphaga aceris,0.0
Dyella thiooxydans,0.0
Rhodanobacter glycinis,0.0
Pseudoalteromonas arctica,0.0
Streptococcus pyogenes,0.0
Pseudoalteromonas sp. 16-SW-7,0.0
Lactobacillus sp. wkB8,0.0
Flavobacterium psychrophilum,0.0
Sulfuritortus calidifontis,0.0
Sterolibacteriaceae bacterium M52,0.0
Parageobacillus thermoglucosidasius,0.0
Rhodocyclaceae bacterium,0.0
Pseudarthrobacter sulfonivorans,0.0
