Species,hong_kong,london,ilorin,singapore,new_york_city,porto,barcelona,kyiv,doha,seoul,zurich,lisbon,stockholm,denver,berlin,offa,santiago,naples,paris,sacramento,hamilton,marseille,sofia,vienna,sendai,brisbane,kuala_lumpur,hanoi,auckland,minneapolis,baltimore
Cutibacterium acnes,0.848159509202454,0.7743467933491687,0.4307692307692308,0.7444444444444445,0.777027027027027,0.9099099099099099,0.75,0.7567567567567568,0.7272727272727273,0.6666666666666666,0.6346153846153846,,0.9069767441860465,0.8378378378378378,1.0,,0.6470588235294118,1.0,0.875,0.125,,1.0,0.9375,0.9333333333333333,1.0,0.7142857142857143,0.6428571428571429,0.21428571428571427,,0.8461538461538461,1.0
Bradyrhizobium sp. BTAi1,0.7607361963190185,,0.441025641025641,0.7722222222222223,0.3783783783783784,,,0.7972972972972973,0.16666666666666666,0.9666666666666667,0.5961538461538461,,0.8604651162790697,0.3783783783783784,,,,0.6875,0.6875,,,0.5625,0.875,0.8,0.5,1.0,0.9285714285714286,0.35714285714285715,,0.9230769230769231,1.0
Micrococcus luteus,0.5782208588957055,0.5771971496437055,0.47692307692307695,0.5,0.4864864864864865,0.5225225225225225,0.0625,0.5540540540540541,0.696969696969697,0.2,0.38461538461538464,0.11764705882352941,0.2558139534883721,0.7027027027027027,0.7222222222222222,,,0.4375,0.5625,0.0625,,0.8125,0.875,0.8,0.35714285714285715,0.14285714285714285,0.8571428571428571,0.7142857142857143,,0.3076923076923077,0.8333333333333334
Plasmodium relictum,0.5015337423312883,0.3824228028503563,0.39487179487179486,0.3,0.04054054054054054,0.6756756756756757,,0.581081081081081,0.5606060606060606,1.0,0.17307692307692307,0.0196078431372549,0.8604651162790697,0.6756756756756757,0.3888888888888889,,0.5882352941176471,0.125,0.0625,,,,0.1875,0.26666666666666666,,0.8571428571428571,0.21428571428571427,,,0.46153846153846156,0.9166666666666666
Cupriavidus metallidurans,0.46319018404907975,,0.14871794871794872,0.2,0.0472972972972973,,,0.22972972972972974,0.12121212121212122,0.7166666666666667,0.19230769230769232,,0.16279069767441862,0.21621621621621623,,,,0.4375,0.125,,,,0.375,0.13333333333333333,0.07142857142857142,0.9285714285714286,0.7142857142857143,0.07142857142857142,,0.46153846153846156,0.8333333333333334
Moraxella osloensis,0.2898773006134969,0.16864608076009502,0.041025641025641026,0.20555555555555555,0.24324324324324326,0.45045045045045046,0.6458333333333334,0.35135135135135137,0.7727272727272727,0.05,0.19230769230769232,0.27450980392156865,0.023255813953488372,0.10810810810810811,0.5277777777777778,,0.058823529411764705,0.0625,0.0625,,,0.75,0.375,0.06666666666666667,0.5,,,0.2857142857142857,,,0.08333333333333333
Bradyrhizobium sp. SK17,0.2668711656441718,,0.06153846153846154,0.25,0.0472972972972973,,,0.22972972972972974,0.06060606060606061,0.36666666666666664,0.1346153846153846,,0.2558139534883721,0.10810810810810811,,,,,,,,,0.1875,0.13333333333333333,,0.6428571428571429,0.42857142857142855,0.07142857142857142,,0.46153846153846156,0.6666666666666666
Malassezia restricta,0.25153374233128833,0.30641330166270786,0.16923076923076924,0.31666666666666665,0.5202702702702703,0.5855855855855856,0.21875,0.24324324324324326,0.2727272727272727,0.08333333333333333,0.17307692307692307,,0.18604651162790697,0.35135135135135137,0.4444444444444444,,0.11764705882352941,0.4375,0.4375,,,0.5625,0.625,0.4666666666666667,0.5,0.14285714285714285,0.14285714285714285,,,0.15384615384615385,0.8333333333333334
Bradyrhizobium sp. 6(2017),0.20398773006134968,,0.046153846153846156,0.2111111111111111,0.02702702702702703,,,0.21621621621621623,0.030303030303030304,0.21666666666666667,0.09615384615384616,,0.18604651162790697,0.05405405405405406,,,,,,,,,0.0625,0.06666666666666667,,0.6428571428571429,0.14285714285714285,0.07142857142857142,,0.15384615384615385,0.5833333333333334
Janibacter indicus,0.1901840490797546,0.13064133016627077,0.046153846153846156,0.022222222222222223,0.02702702702702703,0.018018018018018018,,0.08108108108108109,0.07575757575757576,,0.019230769230769232,,,,0.027777777777777776,,,,0.0625,,,0.0625,,0.13333333333333333,,,0.2857142857142857,0.14285714285714285,,,
Paracoccus sanguinis,0.18251533742331288,0.007125890736342043,0.08717948717948718,0.022222222222222223,0.006756756756756757,0.009009009009009009,,0.05405405405405406,0.045454545454545456,,0.019230769230769232,,,0.02702702702702703,0.027777777777777776,,,,,,,,,,,,0.21428571428571427,0.14285714285714285,,,
Mesorhizobium sp. NIBRBAC000500504,0.14570552147239263,,,0.18333333333333332,0.02027027027027027,,,0.0945945945945946,,,0.057692307692307696,,0.023255813953488372,,,,,,,,,,,,,0.6428571428571429,,,,0.38461538461538464,0.08333333333333333
Gordonia bronchialis,0.13496932515337423,0.014251781472684086,,0.011111111111111112,0.02702702702702703,,,,,,,,,,,,,,,,,,,,,,,,,,
Dermacoccus nishinomiyaensis,0.1334355828220859,0.1021377672209026,,0.016666666666666666,0.12162162162162163,0.009009009009009009,,0.06756756756756757,,,0.038461538461538464,0.0784313725490196,,,,,0.058823529411764705,,,,,,0.375,,0.21428571428571427,,0.14285714285714285,,,,0.08333333333333333
Kocuria palustris,0.1196319018404908,0.25653206650831356,0.26153846153846155,0.12777777777777777,0.05405405405405406,0.02702702702702703,,0.13513513513513514,0.18181818181818182,0.016666666666666666,0.057692307692307696,,,0.05405405405405406,0.027777777777777776,,,0.25,0.3125,,,0.0625,0.25,,0.14285714285714285,,0.6428571428571429,0.6428571428571429,,,
Geodermatophilus obscurus,0.10429447852760736,0.026128266033254157,0.03076923076923077,0.15555555555555556,,0.018018018018018018,,0.24324324324324326,0.45454545454545453,0.016666666666666666,0.19230769230769232,,,0.05405405405405406,,,,,,0.5,,,,,,,0.2857142857142857,,,,
Corynebacterium segmentosum,0.10276073619631902,0.014251781472684086,0.020512820512820513,0.044444444444444446,0.10135135135135136,0.0990990990990991,,0.02702702702702703,,,0.019230769230769232,,,,0.027777777777777776,,,,,,,,,0.06666666666666667,0.07142857142857142,,,0.14285714285714285,,0.07692307692307693,
Deinococcus sp. NW-56,0.09969325153374232,0.0023752969121140144,0.046153846153846156,0.08333333333333333,0.006756756756756757,,0.010416666666666666,0.02702702702702703,,,0.019230769230769232,,,,,,,0.0625,,,,,,,,,,0.5,,,
Gordonia terrae,0.09815950920245399,,0.02564102564102564,0.005555555555555556,,,,,0.030303030303030304,,,,,,,,,,,,,,,,,,,,,,
Gordonia sp. JH63,0.08742331288343558,,0.005128205128205128,0.005555555555555556,,,,,0.030303030303030304,,,,,,,,,,,,,,,,,,,,,,
Dietzia sp. oral taxon 368,0.07975460122699386,0.035629453681710214,,0.005555555555555556,0.006756756756756757,,,0.013513513513513514,0.015151515151515152,,,,,0.02702702702702703,,,,,,,,,,,,,,,,,
Modestobacter marinus,0.0736196319018405,0.16864608076009502,0.020512820512820513,0.08888888888888889,0.16891891891891891,0.05405405405405406,,0.06756756756756757,0.045454545454545456,0.05,0.4423076923076923,,,0.05405405405405406,0.027777777777777776,,,0.1875,0.3125,1.0,,0.1875,,0.13333333333333333,0.07142857142857142,0.07142857142857142,,0.14285714285714285,,0.23076923076923078,
Blastococcus saxobsidens,0.0736196319018405,0.0498812351543943,0.020512820512820513,0.05555555555555555,0.006756756756756757,0.018018018018018018,,0.05405405405405406,0.13636363636363635,0.05,0.21153846153846154,,,,,,,0.0625,,0.4375,,,,,,,,,,0.15384615384615385,
Luteimonas sp. YGD11-2,0.06901840490797546,,,,0.006756756756756757,,,,,,,,,,,,,,,,,,,,,,,,,,
Methylobacterium mesophilicum,0.06595092024539877,0.004750593824228029,0.010256410256410256,0.12222222222222222,0.013513513513513514,0.02702702702702703,,0.12162162162162163,,0.03333333333333333,0.09615384615384616,,,,,,,,,,,,,,,0.14285714285714285,,0.14285714285714285,,0.07692307692307693,
Chryseobacterium taklimakanense,0.06441717791411043,,0.010256410256410256,,,,,,,,,0.0392156862745098,,,,,,,,,,,,,,,,,,,
Kytococcus sedentarius,0.06441717791411043,0.009501187648456057,0.015384615384615385,0.03333333333333333,,,,,0.030303030303030304,0.016666666666666666,,,,,,,,0.0625,,,,,,,,,0.07142857142857142,0.07142857142857142,,,
Kocuria indica,0.06134969325153374,0.0688836104513064,0.010256410256410256,0.027777777777777776,0.006756756756756757,,,,0.045454545454545456,,,,,,,,,,,,,,,,,,,0.07142857142857142,,,
Chroococcidiopsis thermalis,0.06134969325153374,,,0.1388888888888889,,,,0.05405405405405406,,,0.019230769230769232,,,,,,,,,,,,,,,,,0.07142857142857142,,,
Xanthomonas campestris,0.05828220858895705,0.004750593824228029,0.005128205128205128,0.011111111111111112,0.02027027027027027,0.009009009009009009,,,,0.016666666666666666,,0.0196078431372549,,,,,,,0.0625,,,0.0625,0.0625,0.06666666666666667,,,,,,,0.08333333333333333
Methylobacterium brachiatum,0.05368098159509203,,0.010256410256410256,0.1111111111111111,0.013513513513513514,0.018018018018018018,,0.10810810810810811,,,0.07692307692307693,,0.023255813953488372,,,,,,,,,,,,,0.14285714285714285,,,,0.23076923076923078,
Brevundimonas mediterranea,0.04754601226993865,0.007125890736342043,,,0.006756756756756757,,,,,0.016666666666666666,,0.0392156862745098,,,,,,,,,,,,,,,,,,,
Kocuria sp. KD4,0.04447852760736196,0.04275534441805225,0.010256410256410256,0.027777777777777776,0.02027027027027027,,,,0.045454545454545456,0.016666666666666666,,,,,,,0.058823529411764705,,,,,,,,0.07142857142857142,,,0.07142857142857142,,,
Brevundimonas diminuta,0.04294478527607362,0.13539192399049882,0.005128205128205128,,0.033783783783783786,0.009009009009009009,0.052083333333333336,,,,,0.0784313725490196,,0.02702702702702703,,0.058823529411764705,,,,,0.0625,,,,,,,,,,
Brevundimonas naejangsanensis,0.04294478527607362,0.20190023752969122,0.005128205128205128,,0.033783783783783786,0.009009009009009009,0.052083333333333336,,,,0.019230769230769232,0.09803921568627451,,0.02702702702702703,,0.058823529411764705,,,,,0.1875,,,0.06666666666666667,,,,,,,
Deinococcus metallilatus,0.04294478527607362,,,0.1111111111111111,0.006756756756756757,,,0.06756756756756757,,,0.038461538461538464,,,,,,,0.0625,,,,,,,,,,0.14285714285714285,,,
Brevundimonas sp. SGAir0440,0.04141104294478527,0.004750593824228029,,,0.013513513513513514,,,0.013513513513513514,,,,0.058823529411764705,,,,,,,,,,,,0.06666666666666667,,,,,0.07692307692307693,,
Paracoccus sp. Arc7-R13,0.03987730061349693,0.27790973871733965,0.17435897435897435,0.08888888888888889,0.22972972972972974,0.13513513513513514,0.07291666666666667,0.04054054054054054,0.045454545454545456,,0.17307692307692307,,0.046511627906976744,0.02702702702702703,0.2777777777777778,,0.8823529411764706,0.4375,0.25,0.0625,,0.5625,0.25,0.2,,,0.07142857142857142,0.07142857142857142,,0.23076923076923078,
Corynebacterium simulans,0.03834355828220859,,,,0.006756756756756757,,,,,,,,,,,,,,,,,,,,0.14285714285714285,0.07142857142857142,,,,,
Methylobacterium sp. WL1,0.03680981595092025,0.004750593824228029,,0.03888888888888889,,0.018018018018018018,,0.0945945945945946,,,0.057692307692307696,,,,,,,,,,,,,,,,,,,,
Zymoseptoria tritici,0.03680981595092025,0.004750593824228029,0.1282051282051282,0.10555555555555556,,0.18018018018018017,,0.0945945945945946,0.015151515151515152,,0.057692307692307696,0.0196078431372549,,,,,,,,,0.0625,,,,,0.07142857142857142,,0.14285714285714285,0.07692307692307693,,
Hymenobacter sp. DG01,0.03374233128834356,,0.005128205128205128,0.022222222222222223,,0.018018018018018018,,,,0.016666666666666666,0.019230769230769232,,,,,,0.058823529411764705,0.0625,,,,,,,,,,,,,
Pseudomonas aeruginosa,0.03374233128834356,0.019002375296912115,,0.005555555555555556,,,0.041666666666666664,,0.015151515151515152,,,0.058823529411764705,,,,0.058823529411764705,,,,,,,,0.06666666666666667,,,,,,,
Deinococcus gobiensis,0.032208588957055216,,,0.027777777777777776,0.006756756756756757,0.009009009009009009,,0.05405405405405406,,,0.038461538461538464,,,,,,,,,,,,,,,,,0.14285714285714285,,,
Corynebacterium sanguinis,0.032208588957055216,0.014251781472684086,,,,,,,0.015151515151515152,,,,,0.02702702702702703,,,,0.0625,,,,,,,,,,,,,
Luteipulveratus mongoliensis,0.032208588957055216,,,,,,,,,,,,,,,,,,,,,,,,,,,,,,
Sphingomonas sp. PAMC26645,0.03067484662576687,0.011876484560570071,,0.05,0.013513513513513514,0.02702702702702703,,0.04054054054054054,,,0.28846153846153844,0.0196078431372549,0.023255813953488372,,0.027777777777777776,,0.058823529411764705,,0.375,,,,,,,,,,,,
Staphylococcus cohnii,0.03067484662576687,0.06175771971496437,0.046153846153846156,0.022222222222222223,0.006756756756756757,0.09009009009009009,0.08333333333333333,0.02702702702702703,0.07575757575757576,0.21666666666666667,0.019230769230769232,,0.20930232558139536,0.08108108108108109,0.05555555555555555,,0.058823529411764705,,,0.0625,,,,,,,,,,,
Lysobacter oculi,0.03067484662576687,,0.005128205128205128,,,,,0.013513513513513514,0.015151515151515152,,,,,,,,,,,,,0.125,0.0625,0.13333333333333333,,,,,,,
Corynebacterium ureicelerivorans,0.029141104294478526,0.07838479809976247,0.010256410256410256,0.044444444444444446,0.14189189189189189,0.009009009009009009,,0.04054054054054054,0.12121212121212122,,0.019230769230769232,,,0.02702702702702703,0.027777777777777776,,,0.0625,,,,0.1875,,0.13333333333333333,,0.07142857142857142,,,,,0.5
Friedmanniella sagamiharensis,0.029141104294478526,0.332541567695962,,0.1,0.006756756756756757,0.02702702702702703,,0.08108108108108109,,0.06666666666666667,0.46153846153846156,,0.046511627906976744,0.02702702702702703,0.027777777777777776,,,0.125,0.3125,0.5,,0.125,,0.06666666666666667,,0.21428571428571427,,0.14285714285714285,,0.23076923076923078,
Dietzia lutea,0.027607361963190184,0.023752969121140142,,,,,,,0.015151515151515152,,,,,,,,,,,,,,,,,,,,,,
Deinococcus wulumuqiensis,0.027607361963190184,,,0.027777777777777776,,,,0.013513513513513514,0.030303030303030304,,,,,,,,,,,,,,,,,,,,,,
Paracoccus sp. AK26,0.027607361963190184,0.0166270783847981,0.2,0.027777777777777776,0.013513513513513514,,,0.08108108108108109,0.015151515151515152,0.016666666666666666,,,,,,,,,,0.1875,,,,,,,0.21428571428571427,0.2857142857142857,,0.07692307692307693,
Serinicoccus chungangensis,0.02607361963190184,,,,,,,,,,,,,,,,,,,,,,,,,,,,,,
Deinococcus swuensis,0.02607361963190184,,,,0.12162162162162163,,,,,,,,,,,,,,,,,,,,,,,,,,
Methylobacterium sp. 17Sr1-43,0.023006134969325152,,0.020512820512820513,0.05,0.006756756756756757,0.018018018018018018,,0.04054054054054054,,,0.038461538461538464,,,,,,,,,,,,,,,,,0.14285714285714285,,,
Kocuria turfanensis,0.023006134969325152,0.014251781472684086,,0.016666666666666666,,,0.020833333333333332,,0.15151515151515152,,0.019230769230769232,,,,,,0.11764705882352941,,,,,,,,,,,0.07142857142857142,,,
Pseudomonas oryzihabitans,0.02147239263803681,0.004750593824228029,0.13846153846153847,0.022222222222222223,0.04054054054054054,0.02702702702702703,,,0.13636363636363635,,,0.13725490196078433,,,0.027777777777777776,,,,,,,0.0625,,,,,0.07142857142857142,,0.07692307692307693,,
Cercospora beticola,0.02147239263803681,0.007125890736342043,0.18461538461538463,0.06666666666666667,,0.15315315315315314,,0.0945945945945946,0.015151515151515152,,0.057692307692307696,0.0196078431372549,,,,,,,,,0.0625,,,,,0.07142857142857142,,0.14285714285714285,0.07692307692307693,,
Skermanella pratensis,0.02147239263803681,0.0023752969121140144,,,,0.009009009009009009,,0.013513513513513514,0.030303030303030304,,,,,,,,,,,,,,,,,,0.07142857142857142,,,,
Sphingobium yanoikuyae,0.019938650306748466,0.009501187648456057,0.005128205128205128,0.011111111111111112,,,0.010416666666666666,0.04054054054054054,,,,0.058823529411764705,,,0.027777777777777776,,,,,,,,,0.06666666666666667,,,,,,,
Cutibacterium granulosum,0.019938650306748466,0.03800475059382423,0.05128205128205128,0.08888888888888889,0.27702702702702703,0.09009009009009009,0.010416666666666666,0.06756756756756757,0.030303030303030304,0.016666666666666666,0.057692307692307696,,0.023255813953488372,0.08108108108108109,0.027777777777777776,,,,0.0625,,,0.1875,0.3125,0.3333333333333333,,,,,,0.15384615384615385,0.16666666666666666
Corynebacterium striatum,0.018404907975460124,,,,,,,,,,,,,,,,,,,,,,,,,,,,,,
Rothia mucilaginosa,0.018404907975460124,0.035629453681710214,0.020512820512820513,0.09444444444444444,0.08108108108108109,0.08108108108108109,0.020833333333333332,0.10810810810810811,0.015151515151515152,0.016666666666666666,0.038461538461538464,0.0196078431372549,0.20930232558139536,0.02702702702702703,,,,,0.0625,,,0.125,0.0625,0.13333333333333333,0.07142857142857142,,0.07142857142857142,,,0.15384615384615385,0.08333333333333333
Microbacterium aurum,0.018404907975460124,0.026128266033254157,0.010256410256410256,0.011111111111111112,,,,,0.030303030303030304,,,,,,0.1111111111111111,,,,,,,0.125,0.0625,0.13333333333333333,,,,,,,
Rubrobacter sp. SCSIO 52909,0.018404907975460124,,0.005128205128205128,0.022222222222222223,,,,,,,,,,,,,,,,,,,,,,,,,,,
Gloeocapsa sp. PCC 7428,0.01687116564417178,,,,,,,,,,,,,,,,,,,,,,,,,,,,,,
Microbacterium sp. 1S1,0.01687116564417178,0.05463182897862233,,,,0.009009009009009009,,,,,,,,,,,,,,,,,,,,,,,,,
Pseudoxanthomonas suwonensis,0.01687116564417178,,0.015384615384615385,0.005555555555555556,0.006756756756756757,,,,,,,0.0196078431372549,,,,,,,,,,,,,,,,,,,
Pseudomonas stutzeri,0.01687116564417178,0.2209026128266033,0.5538461538461539,0.03888888888888889,0.14189189189189189,0.09009009009009009,0.0625,0.05405405405405406,0.803030303030303,0.016666666666666666,0.038461538461538464,0.5686274509803921,0.023255813953488372,0.05405405405405406,0.027777777777777776,0.8235294117647058,0.4117647058823529,0.0625,,,,,,,,,0.6428571428571429,0.14285714285714285,0.07692307692307693,0.07692307692307693,
Deinococcus sp. AJ005,0.01687116564417178,0.0023752969121140144,,,,,,,,,,,,,,,,,,,,,,,,,,,,,
Aspergillus oryzae,0.015337423312883436,,0.05128205128205128,0.022222222222222223,,0.09009009009009009,,0.02702702702702703,,,,0.0196078431372549,,,0.027777777777777776,,,,,,,,,,,0.07142857142857142,,,,,
Stenotrophomonas maltophilia,0.015337423312883436,0.13539192399049882,0.08717948717948718,0.027777777777777776,0.08108108108108109,0.02702702702702703,,0.013513513513513514,0.3939393939393939,0.016666666666666666,0.057692307692307696,0.21568627450980393,0.023255813953488372,0.13513513513513514,,0.17647058823529413,0.11764705882352941,,,,0.625,0.0625,0.0625,0.06666666666666667,,,,,0.3076923076923077,,
Janibacter melonis,0.015337423312883436,0.0665083135391924,0.05128205128205128,,,,,,0.030303030303030304,,0.019230769230769232,,,,,,,,,,,,,0.13333333333333333,,,,0.2857142857142857,,,
Acinetobacter johnsonii,0.015337423312883436,0.06175771971496437,0.010256410256410256,0.03888888888888889,0.02702702702702703,0.21621621621621623,0.22916666666666666,0.02702702702702703,0.10606060606060606,0.016666666666666666,,0.0196078431372549,0.023255813953488372,0.05405405405405406,0.19444444444444445,,0.29411764705882354,0.1875,,,,0.125,0.125,0.13333333333333333,,,,,,,
Actinomyces sp. oral taxon 171,0.015337423312883436,0.0023752969121140144,,0.005555555555555556,0.02027027027027027,0.009009009009009009,,,,,,,,0.02702702702702703,,,,,,,,,0.0625,,,,,,,0.07692307692307693,
Serinicoccus marinus,0.015337423312883436,,,,,,,,,,,,,,,,,,,,,,,,,,,,,,
Gardnerella vaginalis,0.013803680981595092,0.0166270783847981,0.005128205128205128,0.011111111111111112,0.006756756756756757,0.018018018018018018,0.020833333333333332,,,,,,0.046511627906976744,,0.027777777777777776,,,,0.0625,,,,0.0625,,,,,,,,
Paracoccus contaminans,0.013803680981595092,0.0023752969121140144,0.05128205128205128,,0.006756756756756757,,,,0.015151515151515152,,,,,,,,,,,,,,,,,,,,,,
Gemmatirosa kalamazoonesis,0.013803680981595092,,,0.03888888888888889,,,,0.02702702702702703,,,0.019230769230769232,,,,,,,,,,,,,,,,,,,,
Brevundimonas sp. 'scallop',0.013803680981595092,0.004750593824228029,,,0.006756756756756757,,,,,,,0.0196078431372549,,,,,,,,,,,,0.06666666666666667,,,,,0.07692307692307693,,
Brevundimonas sp. GW460-12-10-14-LB2,0.013803680981595092,0.004750593824228029,,,0.006756756756756757,,,,,,,0.0196078431372549,,,,,,,,,,,,0.06666666666666667,,,,,0.07692307692307693,,
Brevundimonas sp. MF30-B,0.013803680981595092,,,,,,,,,,,0.0392156862745098,,,,,,,,,,,,,,,,,,0.07692307692307693,
Brevundimonas vancanneytii,0.013803680981595092,0.08076009501187649,,,0.02027027027027027,0.009009009009009009,0.041666666666666664,,,,,0.0196078431372549,,,,,,,,,0.0625,,,,,,,,,,
Paracoccus yeei,0.012269938650306749,0.16389548693586697,0.035897435897435895,0.005555555555555556,0.013513513513513514,0.07207207207207207,0.010416666666666666,0.02702702702702703,0.015151515151515152,0.016666666666666666,,,,,0.25,,,,0.125,,,0.75,0.0625,0.13333333333333333,,,0.21428571428571427,,,,
Aspergillus fumigatus,0.012269938650306749,,0.035897435897435895,0.016666666666666666,,0.02702702702702703,,0.013513513513513514,,,,0.0196078431372549,,,,,,,,,,,,,,,,,,,
Tsukamurella tyrosinosolvens,0.012269938650306749,,,,0.006756756756756757,,,,,,,,,,,,,,,,,,,,0.07142857142857142,,,,,,
Sphingomonas sp. XS-10,0.012269938650306749,,,,,,,,,,,,,,,,,,,,,,,,,,,,,,
Sphingomonas sp. AAP5,0.012269938650306749,,,,,0.009009009009009009,,,,,0.057692307692307696,0.0196078431372549,,,,,,,,,,,,,,,,,0.07692307692307693,,
Acinetobacter ursingii,0.012269938650306749,0.004750593824228029,0.015384615384615385,,0.013513513513513514,0.009009009009009009,,0.013513513513513514,0.030303030303030304,,0.057692307692307696,0.0196078431372549,,0.02702702702702703,,,,,,,,,,,,,,,,,
Neurospora crassa,0.012269938650306749,,0.07179487179487179,0.027777777777777776,,0.09009009009009009,,0.04054054054054054,,,,0.0196078431372549,,,,,,,,,,,,,,0.07142857142857142,,,,,
Pseudomonas alcaligenes,0.012269938650306749,,0.015384615384615385,,,,,0.013513513513513514,,0.016666666666666666,0.019230769230769232,,,,,,,0.0625,,,,,0.0625,0.06666666666666667,,,,,,,0.08333333333333333
Streptococcus mitis,0.012269938650306749,0.0332541567695962,,0.016666666666666666,0.006756756756756757,0.3783783783783784,0.10416666666666667,0.013513513513513514,0.015151515151515152,0.016666666666666666,0.019230769230769232,,0.09302325581395349,0.05405405405405406,0.1111111111111111,,,0.0625,0.0625,,,0.0625,,,,,,,,,
Hymenobacter sp. APR13,0.012269938650306749,,,0.005555555555555556,0.006756756756756757,0.02702702702702703,,,,,0.019230769230769232,,,,0.027777777777777776,,,0.0625,,,,,,,,,,,,,
Thermothielavioides terrestris,0.010736196319018405,,0.03076923076923077,0.022222222222222223,,0.02702702702702703,,0.04054054054054054,,,,0.0196078431372549,,,,,,,,,,,,,,,,,,,
Micrococcus sp. KBS0714,0.010736196319018405,0.0023752969121140144,,,,,,,,,,0.0392156862745098,,0.02702702702702703,,,,,,,,,,,,,,,,,
Chondrocystis sp. NIES-4102,0.010736196319018405,,,,,,,,,,,,,,,,,,,,,,,,,,,,,,
Rubrobacter sp. SCSIO 52915,0.010736196319018405,,0.005128205128205128,0.016666666666666666,,,,,,,,,,,,,,,,,,,,,,,,,,,
Corynebacterium aurimucosum,0.010736196319018405,,0.010256410256410256,,0.02027027027027027,,,,,,,,,,,,,,,,,,,,0.07142857142857142,,,,,,
Klebsiella oxytoca,0.010736196319018405,,0.041025641025641026,0.011111111111111112,,,,0.013513513513513514,,0.06666666666666667,,0.0196078431372549,0.023255813953488372,0.02702702702702703,,0.058823529411764705,,,,,,,,,,,,,,,
Hymenobacter sp. PAMC 26554,0.010736196319018405,0.0023752969121140144,,0.011111111111111112,,0.04504504504504504,,0.04054054054054054,,0.016666666666666666,0.057692307692307696,,0.023255813953488372,,,,,,,0.0625,,,,,,,,,,,
Colletotrichum higginsianum,0.010736196319018405,,0.03076923076923077,0.027777777777777776,,0.05405405405405406,,0.02702702702702703,,,,0.0196078431372549,,,,,,,,,,,,,,,,,,,
Pseudomonas putida,0.010736196319018405,0.023752969121140142,0.02564102564102564,0.03333333333333333,0.08108108108108109,0.06306306306306306,,,0.030303030303030304,,,0.17647058823529413,,,,,0.058823529411764705,,0.0625,,0.4375,,0.0625,,,,,,0.23076923076923078,0.07692307692307693,0.08333333333333333
Botrytis cinerea,0.010736196319018405,,0.020512820512820513,0.022222222222222223,,0.14414414414414414,,0.02702702702702703,,,,0.0196078431372549,,,,,,,,,,,,,,0.07142857142857142,,,,,
Methylorubrum populi,0.009202453987730062,,0.02564102564102564,0.03888888888888889,0.006756756756756757,,,0.02702702702702703,,,0.019230769230769232,,,,,,,,,,,,,,,0.07142857142857142,,,,,
Agrococcus carbonis,0.009202453987730062,0.007125890736342043,,,,,,,,,,,,,,,,,,,,,,,,,,,,,
Corynebacterium singulare,0.009202453987730062,0.0023752969121140144,,,0.02702702702702703,,,0.02702702702702703,,,,,,,,,,0.0625,,,,,,0.06666666666666667,0.07142857142857142,,,,,,
Brachybacterium saurashtrense,0.009202453987730062,0.0166270783847981,0.005128205128205128,,,,,,,,,,,,,,,,,,,,,,,,,0.07142857142857142,,,
Brevundimonas sp. M20,0.009202453987730062,,,,,,,,0.015151515151515152,,,0.0196078431372549,,,,,,,,,,,,,,,,,,,
Hymenobacter sp. BRD72,0.009202453987730062,,,,,0.036036036036036036,,0.02702702702702703,,,0.057692307692307696,,0.023255813953488372,,,,,,,0.0625,,,,,,,,,,,
Streptococcus sanguinis,0.009202453987730062,0.007125890736342043,,0.005555555555555556,,0.018018018018018018,,,,,,,0.023255813953488372,,0.027777777777777776,,,0.0625,,,,,,,,,,,,,
Rhodobacter sphaeroides,0.009202453987730062,,,,,,,,,,,,,,,,,,,,,,,,,,,,,,
Thermothelomyces thermophilus,0.009202453987730062,,0.03076923076923077,0.016666666666666666,,0.02702702702702703,,0.02702702702702703,,,,0.0196078431372549,,,,,,,,,,,,,,,,,,,
Neisseria mucosa,0.009202453987730062,0.011876484560570071,,0.005555555555555556,,0.018018018018018018,,0.02702702702702703,0.015151515151515152,0.016666666666666666,0.019230769230769232,0.0196078431372549,0.023255813953488372,,0.027777777777777776,,,0.0625,,,,,,,,,,,,,
Vibrio diabolicus,0.009202453987730062,,,,,,,,,,,,,,,,,,,,,,,,,,,,,,
Corynebacterium minutissimum,0.007668711656441718,,0.005128205128205128,,0.02027027027027027,,,,,,,,,,,,,,,,,,0.0625,,,,,,,,
Sphingomonas sp. FARSPH,0.007668711656441718,,0.005128205128205128,0.005555555555555556,,0.009009009009009009,,,,,0.019230769230769232,0.0196078431372549,,,,,,,,,,,,,,,,,0.07692307692307693,,
Corynebacterium matruchotii,0.007668711656441718,0.011876484560570071,0.005128205128205128,0.022222222222222223,0.006756756756756757,0.018018018018018018,0.020833333333333332,,,,0.019230769230769232,,,,0.027777777777777776,,,,,,,,0.125,,0.07142857142857142,,,0.07142857142857142,,,
Lautropia mirabilis,0.007668711656441718,0.007125890736342043,,,0.013513513513513514,,0.010416666666666666,0.013513513513513514,,0.016666666666666666,0.019230769230769232,,0.023255813953488372,,0.027777777777777776,,,0.125,,,,,,,,,,,,,
Brevundimonas sp. LM2,0.007668711656441718,,,,,,,,,,,0.0196078431372549,,,,,,,,,,,,,,,,,,,
Haemophilus parainfluenzae,0.007668711656441718,0.004750593824228029,,0.016666666666666666,0.006756756756756757,0.02702702702702703,,0.04054054054054054,0.030303030303030304,,,,0.06976744186046512,,0.027777777777777776,,,0.0625,,,,0.0625,,,,,,,,,
Vibrio alginolyticus,0.007668711656441718,,,,,,,,,,,,,,,,,,,,,,,,,,,,,,
Klebsiella pneumoniae,0.007668711656441718,0.06175771971496437,0.035897435897435895,0.044444444444444446,0.013513513513513514,0.11711711711711711,0.052083333333333336,0.04054054054054054,0.25757575757575757,0.016666666666666666,0.07692307692307693,0.0392156862745098,0.13953488372093023,0.08108108108108109,,0.17647058823529413,0.29411764705882354,,,,,,,,,0.07142857142857142,,,,,
Schaalia odontolytica,0.007668711656441718,0.009501187648456057,0.005128205128205128,0.05,0.033783783783783786,,0.020833333333333332,0.0945945945945946,,,,,0.11627906976744186,,0.027777777777777776,,,,0.0625,,,0.0625,,,,,0.07142857142857142,,,0.07692307692307693,
Rubrobacter indicoceani,0.007668711656441718,,,,,,,,,,,,,,,,,,,,,,,,,,,,,,
Brachybacterium sp. SGAir0954,0.007668711656441718,0.004750593824228029,,,,,,,0.015151515151515152,,,,,,,,,,,,,,,,,,,0.07142857142857142,,,
Vibrio sp. THAF190c,0.007668711656441718,,,,,,,,,,,,,,,,,,,,,,,,,,,,,,
Mycolicibacterium psychrotolerans,0.007668711656441718,,,0.011111111111111112,,,,,,,,,,,,,,,,,,,,,0.07142857142857142,,,,,,
Comamonas kerstersii,0.006134969325153374,,0.015384615384615385,,,,,,,,,,,,,,,,,,,,,,,,,,,,
Microbacterium sp. LKL04,0.006134969325153374,,0.020512820512820513,,,,,,,,,,,,,,,,,,,,,,,,,,,,
Comamonas aquatica,0.006134969325153374,0.0023752969121140144,0.015384615384615385,0.011111111111111112,,,,,0.015151515151515152,0.016666666666666666,,,,,,,,,,,,,,0.06666666666666667,,,,,,,
Dickeya zeae,0.006134969325153374,,,,,,,,,,,,,,,,,,,,,,,,,,,,,,
Fibrella aestuarina,0.006134969325153374,,,,,,,,,,,,,,,,,,,,,,,,,,,,,,
Rothia dentocariosa,0.006134969325153374,0.014251781472684086,,,,0.02702702702702703,,,,,,,0.023255813953488372,,,,,,,,,,,,,,,,,,0.08333333333333333
Methylobacterium radiotolerans,0.006134969325153374,,0.005128205128205128,0.06111111111111111,0.02027027027027027,,,0.04054054054054054,,,0.019230769230769232,,,,,,,,,,,,,,,,,,,0.15384615384615385,
Roseomonas mucosa,0.006134969325153374,0.007125890736342043,,,,0.009009009009009009,,,,,,0.0196078431372549,,,,,,,,,,,,,,,0.07142857142857142,,,,
Bradyrhizobium betae,0.006134969325153374,,,0.15555555555555556,0.02027027027027027,,,0.0945945945945946,,,0.057692307692307696,,,,,,,,,,,,,,,,,,,0.07692307692307693,
Pochonia chlamydosporia,0.006134969325153374,,0.005128205128205128,0.011111111111111112,,0.018018018018018018,,0.013513513513513514,,,,0.0196078431372549,,,,,,,,,,,,,,,,,,,
Actinomyces sp. oral taxon 414,0.006134969325153374,0.007125890736342043,0.005128205128205128,0.022222222222222223,,,,0.013513513513513514,,,0.019230769230769232,,,0.02702702702702703,,,,,,,,,0.0625,,,,0.07142857142857142,,,,
Kocuria rosea,0.004601226993865031,0.36104513064133015,0.015384615384615385,0.25555555555555554,0.28378378378378377,0.02702702702702703,0.4270833333333333,0.22972972972972974,0.12121212121212122,0.1,0.4807692307692308,,0.2558139534883721,0.21621621621621623,0.08333333333333333,,0.9411764705882353,0.625,0.3125,0.5625,,0.75,0.3125,0.3333333333333333,,,,0.2857142857142857,,0.23076923076923078,
Sorangium cellulosum,0.004601226993865031,,,,,,,,,,,,,,,,,,,,,,,,,,,,,,
Hymenobacter sp. PAMC 26628,0.004601226993865031,,,,,0.018018018018018018,,0.013513513513513514,,,,,,,,,,,,0.0625,,,,,,,,,,,
Streptococcus pneumoniae,0.004601226993865031,0.007125890736342043,,0.005555555555555556,,0.036036036036036036,0.052083333333333336,0.013513513513513514,0.015151515151515152,,,,,,0.027777777777777776,,,,,,,,,,,,,,,,
Epidermidibacterium keratini,0.004601226993865031,,,,,,,,,,,,,,,,,,,,,,,,,,,,,,
Streptococcus oralis,0.004601226993865031,0.014251781472684086,,0.005555555555555556,,0.09009009009009009,,0.013513513513513514,,,,0.0196078431372549,0.046511627906976744,,,,,0.0625,,,,,0.0625,,,,,,,,
Hymenobacter nivis,0.004601226993865031,,,,,0.018018018018018018,,,,,,,,,,,,,,,,,,,,,,,,,
Bacteroides vulgatus,0.004601226993865031,0.0023752969121140144,,,,,,,,,,,,,,,,,,,,,,,0.07142857142857142,,,0.07142857142857142,,,
Brachybacterium ginsengisoli,0.004601226993865031,0.011876484560570071,,,,,,,,,,,,,,,,,,,,,,,,,,,,,
Mycolicibacterium gilvum,0.004601226993865031,,,,,,,,,0.016666666666666666,,,,,,,,,,,,,,,,,,,,,
Rothia aeria,0.004601226993865031,0.0023752969121140144,,,,,,,,,,,,0.02702702702702703,,,,0.0625,,,,,,,,,,,,,
Cutibacterium avidum,0.004601226993865031,,,,,,,,,,,,,,,,,,,,,,,,,,,,,,
Microbacterium sp. PM5,0.004601226993865031,,,,,,,,,,,,,,0.027777777777777776,,,,,,,,,,,,,,,,
Brachybacterium faecium,0.004601226993865031,0.011876484560570071,,,,,,,,,,,,,,,,,,,,,,,,,,,,,
Rhodococcus sp. PBTS 1,0.004601226993865031,,,0.011111111111111112,0.006756756756756757,,,,,,,,,,,,,,,,,,,,,,,,,,
Enterobacter cloacae,0.004601226993865031,,0.06666666666666667,0.022222222222222223,,,,0.02702702702702703,,,0.07692307692307693,0.058823529411764705,,,,0.11764705882352941,,,,,,,,,,,,,,,
Pseudoalteromonas donghaensis,0.004601226993865031,,,,,,,,,,,,,,,,,,,,,,,,,,,,,,
Altererythrobacter sp. NS1,0.004601226993865031,,,,,,,,,,,,,,,,,,,,,,,,,,,,,,
Massilia oculi,0.004601226993865031,0.011876484560570071,0.05641025641025641,0.027777777777777776,0.11486486486486487,0.04504504504504504,,0.013513513513513514,0.030303030303030304,0.03333333333333333,,0.1568627450980392,0.023255813953488372,0.02702702702702703,,0.29411764705882354,0.5294117647058824,,,,0.0625,,0.0625,0.06666666666666667,,,,0.14285714285714285,0.07692307692307693,0.07692307692307693,
Pseudomonas mendocina,0.004601226993865031,,0.041025641025641026,0.011111111111111112,0.006756756756756757,,0.020833333333333332,,0.045454545454545456,,,0.0196078431372549,,,,,,,,,,,,0.06666666666666667,,,,,,,0.08333333333333333
Vibrio natriegens,0.004601226993865031,,,,,,,,,,,,,,,,,,,,,,,,,,,,,,
Brevundimonas subvibrioides,0.004601226993865031,,,,,,,,,,,0.0196078431372549,,,,,,,,,,,,,,,,,,,
Pseudoxanthomonas spadix,0.004601226993865031,,0.005128205128205128,,,,,,,,,0.0196078431372549,,,,,,,,,,,,,,,,,,,
Vibrio parahaemolyticus,0.004601226993865031,,,,,,,,,,,,,,,,,,,,,,,,,,,,,,
Rheinheimera sp. LHK132,0.004601226993865031,,0.005128205128205128,,,,,,,0.016666666666666666,,,,,,,0.058823529411764705,,,,,,,,,,,,,,
Acidovorax sp. 1608163,0.004601226993865031,,,,,,,,0.015151515151515152,0.016666666666666666,,,,,,,,,,,,,,,,,,,,,
Porphyrobacter neustonensis,0.004601226993865031,,,,,,,,,,,,,,,,,,,,,,,,,,,,,,
Herbaspirillum seropedicae,0.003067484662576687,,,0.005555555555555556,,,,,,,,,,,,,,,,,,,,,,,,,,,
Microcoleus sp. PCC 7113,0.003067484662576687,,,,,,,,,,,,,,,,,,,,,,,,,,,,,,
Paracoccus sp. BM15,0.003067484662576687,,,,,,,,,,,,,,,,,,,,,,,,,,,,,,
Duganella sp. GN2-R2,0.003067484662576687,,0.015384615384615385,0.005555555555555556,0.013513513513513514,0.009009009009009009,,,,0.016666666666666666,,0.0196078431372549,,,,,,,,0.0625,,,,,,,,,,0.07692307692307693,
Acinetobacter towneri,0.003067484662576687,,0.010256410256410256,,,,,,,,,,,,,,,,,,,,,,,,,,,,
Pseudomonas oleovorans,0.003067484662576687,0.0023752969121140144,0.005128205128205128,,,,0.010416666666666666,,0.015151515151515152,,,,,,,,,,,,,,0.0625,0.06666666666666667,,,,,,,
Sphingomonas koreensis,0.003067484662576687,,,,,,,,,,,0.0196078431372549,,,,,,,,,,,,,,,,,,,
Pistricoccus aurantiacus,0.003067484662576687,,,,,,,,,,,,,,,,,,,,,,,,,,,,,,
Sphingomonas taxi,0.003067484662576687,0.004750593824228029,,,,0.02702702702702703,,,,,0.038461538461538464,0.0196078431372549,,,,,,,,,,,,,,,,,0.07692307692307693,,
Roseomonas gilardii,0.003067484662576687,,0.005128205128205128,0.005555555555555556,0.006756756756756757,,,0.013513513513513514,,,,,,0.02702702702702703,,,,,,,,,,,0.07142857142857142,,,,,,
Sphingomonas ginsengisoli An et al. 2013,0.003067484662576687,,,,,,,,,,,,,,,,,,,,,,,,,,,,,,
Serinicoccus profundi,0.003067484662576687,0.009501187648456057,,0.016666666666666666,,,,,,,,,,,,,,0.0625,,,,,,0.06666666666666667,,,,,,,
Agrobacterium tumefaciens,0.003067484662576687,0.004750593824228029,,,,,,,,,,0.0196078431372549,,,,,,,,,,,0.0625,,,,,,0.07692307692307693,,
Brachybacterium sp. P6-10-X1,0.003067484662576687,0.004750593824228029,,,,,,,,,,,,,,,,,,,,,,,,,,,,,
Hymenobacter sedentarius,0.003067484662576687,,,,,0.018018018018018018,,,,0.016666666666666666,,,,,,,,,,,,,,,,,,,,,
Marinobacter hydrocarbonoclasticus,0.003067484662576687,,,,,,,,,,,,,,,,,,,,,,,,,,,,,,
Mycolicibacterium aurum,0.003067484662576687,,,,,,,,,,,,,,,,,,,,,,,,,,,,,,
Sphingopyxis macrogoltabida,0.003067484662576687,,,,,,,,,,,,,,,,,,,,,,,,,,,,,,
Mycolicibacterium duvalii,0.003067484662576687,,,,,,,,,,,,,,,,,,,,,,,,,,,,,,
Lactococcus lactis,0.003067484662576687,0.026128266033254157,0.005128205128205128,0.005555555555555556,,0.02702702702702703,,0.013513513513513514,,,,,,,,0.058823529411764705,,,,,0.0625,,,,,,,,,,
Actinomyces oris,0.003067484662576687,0.004750593824228029,,0.005555555555555556,0.02702702702702703,,,,,,,,,0.02702702702702703,,,,,,,,,0.0625,,,,,,,0.07692307692307693,
Leishmania mexicana,0.003067484662576687,,,,,0.009009009009009009,,0.013513513513513514,,,,,,0.02702702702702703,,,,,,,,,,,,,,,,,
Brevundimonas vesicularis,0.003067484662576687,0.0023752969121140144,,,,,,,,,,0.0196078431372549,,,,,,,,,,,,,,,,,0.07692307692307693,,
Actinomyces sp. oral taxon 897,0.003067484662576687,,,,,,,,,,,,,,,,,,,,,,,,,,,,,,0.08333333333333333
Actinomyces naeslundii,0.003067484662576687,0.0023752969121140144,,0.005555555555555556,0.02027027027027027,,,,,,,,,0.02702702702702703,,,,,,,,,0.0625,,,,,,,0.07692307692307693,
Neisseria subflava,0.003067484662576687,0.014251781472684086,0.005128205128205128,0.03888888888888889,0.02027027027027027,0.009009009009009009,,0.05405405405405406,0.015151515151515152,,,0.0392156862745098,0.046511627906976744,,,,,,,,,,0.0625,,,,,,,,
Neisseria elongata,0.003067484662576687,,,0.005555555555555556,,,,,,,,0.0196078431372549,,,,,,0.0625,,,,,,,,,,,,,
Roseateles depolymerans,0.003067484662576687,,,,,,,,,,,,,,,,,,,,,,,,,,,,,,
Propionibacterium acidifaciens,0.003067484662576687,,,,,,,,,,,,,,,,,,,,,,,,,,,,,,
Rubrobacter radiotolerans,0.003067484662576687,,,0.005555555555555556,,,,,,,,,,,,,,,,,,,,,,,,,,,
Archangium gephyra,0.003067484662576687,,0.015384615384615385,,0.006756756756756757,,,,0.015151515151515152,,,,0.023255813953488372,,,,,,,,,,,,,,,,,,
Bosea sp. Tri-49,0.003067484662576687,,,,,,,,,,,,,,,,,,,,,,,,,,,,,,
Streptococcus thermophilus,0.003067484662576687,0.007125890736342043,,,,0.04504504504504504,,0.013513513513513514,0.030303030303030304,,0.019230769230769232,,,0.02702702702702703,,,,0.0625,,,,,,,,,,,,,
Nocardioides sp. S-1144,0.003067484662576687,,,,,,,,,,,,,,,,,,,,,,,,,,,,,,
Faecalibacterium prausnitzii,0.003067484662576687,0.0023752969121140144,0.005128205128205128,0.005555555555555556,,,,,,,,,,,,,,,0.0625,0.0625,,,,0.06666666666666667,0.14285714285714285,,,0.07142857142857142,,,0.08333333333333333
Acinetobacter junii,0.003067484662576687,,0.015384615384615385,,,,0.7708333333333334,,0.06060606060606061,,,,,,,,,,,,,,,,,0.07142857142857142,,0.07142857142857142,,,0.08333333333333333
Corynebacterium kroppenstedtii,0.003067484662576687,0.030878859857482184,,0.005555555555555556,0.08783783783783784,0.05405405405405406,0.010416666666666666,0.013513513513513514,0.015151515151515152,,,,,0.05405405405405406,,,,0.0625,,,,,0.0625,0.2,,,,,,0.07692307692307693,
Acidovorax sp. KKS102,0.003067484662576687,,,0.005555555555555556,,,,,0.015151515151515152,,,,,,,,,,,,,,,,,,,,,,
Corynebacterium genitalium,0.003067484662576687,,,,0.006756756756756757,,,,0.015151515151515152,,,,,,,,,,,,,,,,,,,,,,
Methylobacterium terrae,0.003067484662576687,,0.010256410256410256,,,,,,,,,,,,,,,,,,,,,,,,,,,,
Methylobacterium durans,0.003067484662576687,,,,,0.009009009009009009,,0.013513513513513514,,,0.038461538461538464,,,,,,,,,,,,,,,,,,,,
Streptococcus gordonii,0.003067484662576687,0.009501187648456057,,,,0.036036036036036036,,,,,,,,,,,,,,,,0.0625,,,,,,,,,
Baekduia soli,0.0015337423312883436,,,,,,,,,,,,,,,,,,,,,,,,,,,,,,
Chryseobacterium sp. F5649,0.0015337423312883436,0.007125890736342043,,,,,,0.04054054054054054,0.015151515151515152,,0.019230769230769232,0.0196078431372549,,,,,,,,,,,,,,,,,0.07692307692307693,,
Cellvibrio sp. KY-GH-1,0.0015337423312883436,,0.005128205128205128,,,,,,,,,,,,,,,,,,,,,,,,,,,,
Flavobacterium sp. KBS0721,0.0015337423312883436,,,,,,,,,,,,,0.02702702702702703,,,,,,,,,,,,,,,,,
Chryseobacterium sp. H6466,0.0015337423312883436,0.007125890736342043,,,,,,0.04054054054054054,0.015151515151515152,,0.019230769230769232,0.0196078431372549,,,0.027777777777777776,,,,,,,,,,,,,,0.07692307692307693,,
Scytonema sp. HK-05,0.0015337423312883436,,,,,,,,,,,,,,,,,,,,,,,,,,,,,,
Conexibacter woesei,0.0015337423312883436,,,,,,,,,,,,,,,,,,,,,,,,,,,,,,
Rhizobium sp. S41,0.0015337423312883436,0.0023752969121140144,,,,,,,,,,,,,,,,,,,,,,,,,,,,,
Deinococcus geothermalis,0.0015337423312883436,,,0.005555555555555556,0.006756756756756757,,,,,,0.019230769230769232,,,,,,,,,,,,,,,,,,,,
Stanieria cyanosphaera,0.0015337423312883436,,,,,,,,,,,,,,,,,,,,,,,,,,,,,,
Oceanimonas sp. GK1,0.0015337423312883436,,,,,,,,,,,,,,,,,,,,,,,,,,,,,,
Deinococcus radiodurans,0.0015337423312883436,,,0.011111111111111112,,,,,,,,,,,,,,,,,,,,,,,,0.14285714285714285,,,
Caulobacter vibrioides,0.0015337423312883436,,,,,,,,,,,,,,,,,,,,,,0.0625,,,,,,,,
Halomonas sp. NBT06E8,0.0015337423312883436,,,,,,,,,,,,,,,,,,,,,,,,,,,,,,
Halomonas meridiana,0.0015337423312883436,,,,,,,,,,,,,,,,,,,,,,,,,,,,,,
Deinococcus ficus,0.0015337423312883436,,0.005128205128205128,,,,,,,,,,,,,,,,,,,,,,,,,0.14285714285714285,,,
Candidatus Portiera aleyrodidarum,0.0015337423312883436,,,,,,,,,,,,,,,,,,,,,,,,,,,,,,
Caulobacter sp. FWC26,0.0015337423312883436,,,,,,,,,,,,,,,,,,,,,,0.0625,,,,,,,,
Caulobacter flavus,0.0015337423312883436,,,,,,,,,0.016666666666666666,,,,,,,,,,,,,,0.06666666666666667,,,,,,,
Alistipes onderdonkii,0.0015337423312883436,,,0.005555555555555556,,,,,,,,,,,,,,,,,,,,,,,,,,,
Sphingobacterium sp. CZ-2,0.0015337423312883436,,,,0.006756756756756757,,,,,,,,,,,,,,,,,,,,,,,,,,
Arsenophonus nasoniae,0.0015337423312883436,,,,,,,,,,,,,,,,,,,,,,,,,,,,,,
Toxoplasma gondii,0.0015337423312883436,0.009501187648456057,,0.005555555555555556,0.006756756756756757,0.02702702702702703,0.020833333333333332,0.02702702702702703,0.015151515151515152,,,,0.046511627906976744,0.02702702702702703,0.027777777777777776,,0.058823529411764705,,,,,,,,,,,,,,
Acinetobacter baumannii,0.0015337423312883436,,0.015384615384615385,0.005555555555555556,0.08108108108108109,,0.5,,0.06060606060606061,,0.038461538461538464,0.11764705882352941,,0.40540540540540543,0.027777777777777776,,,,,,0.0625,,,,,,,,,,
Acinetobacter indicus,0.0015337423312883436,,0.09743589743589744,,0.08108108108108109,0.009009009009009009,0.21875,,,,,0.09803921568627451,,0.02702702702702703,,,0.058823529411764705,,,,0.0625,,,,,,,,0.07692307692307693,,
Acinetobacter schindleri,0.0015337423312883436,0.004750593824228029,0.19487179487179487,0.005555555555555556,0.23648648648648649,0.009009009009009009,,,0.16666666666666666,,,0.3333333333333333,,0.4864864864864865,,0.6470588235294118,0.058823529411764705,,,0.125,0.0625,,,,,,,0.14285714285714285,0.07692307692307693,,
Neomicrococcus aestuarii,0.0015337423312883436,0.004750593824228029,,,,,,,0.045454545454545456,,,,,,,,,,,,,,,0.06666666666666667,,,,,,,
Mycolicibacterium gadium,0.0015337423312883436,,,,,,,,,,,,,,,,,,,,,,,,,,0.07142857142857142,,,,
Streptomyces sp. 769,0.0015337423312883436,,,,,,,,,,,,,,,,,,,,,,,,,,,,,,
Serratia odorifera,0.0015337423312883436,,,,,,,,,,,,,,,,,,,,,,,,,,,,,,
Acinetobacter haemolyticus,0.0015337423312883436,,0.015384615384615385,,,,0.53125,,,,,,,,,,,,,,,,,,,,,,,,
Actinomyces viscosus,0.0015337423312883436,0.004750593824228029,,0.005555555555555556,0.006756756756756757,,,,,,,,,0.02702702702702703,,,,,,,,,,,,,,,,,
Pantoea stewartii,0.0015337423312883436,,0.010256410256410256,,,,,,,,,0.0196078431372549,,,,,,,,,,,,,,,,,,,
Pauljensenia hongkongensis,0.0015337423312883436,,,,,,,,,,,,,,,,,,,,,,0.125,,,,,,,,
Bifidobacterium asteroides,0.0015337423312883436,,,,,,,,,,,,,,,,,,0.0625,,,,,,,,,,,,
Deinococcus puniceus,0.0015337423312883436,,,,0.006756756756756757,,,,,,,,,,,,,,,,,,,,,,,,,,
Klebsiella michiganensis,0.0015337423312883436,,0.005128205128205128,,,,,,,,,,,,,,,,,,,,,,,,,,,,
Wolbachia endosymbiont of Bemisia tabaci,0.0015337423312883436,,,,,,,,,,,,,,,,,,,,,,,,,,,,,,
Acinetobacter guillouiae,0.0015337423312883436,0.004750593824228029,0.005128205128205128,,,0.009009009009009009,,,,0.016666666666666666,,,,,0.027777777777777776,,,,,,0.0625,,,,,,,,,,
Acinetobacter venetianus,0.0015337423312883436,,,,,,0.010416666666666666,,,,,,,,,,,,,,,,,,,,,,,,
Shewanella chilikensis,0.0015337423312883436,,,,,,,,,,,,,,,,,,,,,,,,,,,,,,
Planctomyces sp. SH-PL14,0.0015337423312883436,,,,,,,,,,,,,,,,,,,,,,,,,,,,,,
Salinimonas sp. KX18D6,0.0015337423312883436,,,,,,,,,,,,,,,,,,,,,,,,,,,,,,
Alteromonas macleodii,0.0015337423312883436,,,,,,,,,,,,,,,,,,,,,,,,,,,,,,
Luteimonas yindakuii,0.0015337423312883436,,,,,,,,,,,,,,,,,,,,,,,,,,,,,,
Bacteroides uniformis,0.0015337423312883436,,,0.005555555555555556,,,,,,,,,,,,,,,,,,,,,,,,,,,
Lysobacter enzymogenes,0.0015337423312883436,0.0023752969121140144,,,,,,0.02702702702702703,,,,,,,,,,,,,,,,,,,,,,,
Porphyromonas gingivalis,0.0015337423312883436,,,0.005555555555555556,,,,,,,,,,,,,,,,,,,,,,,,,,,
Pseudomonas graminis,0.0015337423312883436,,,,0.006756756756756757,,,,,,,,,,,,,,,,0.3125,,,,,,,,0.15384615384615385,,
Fusarium graminearum,0.0015337423312883436,,,,0.006756756756756757,,,,,,,,,,,,,,,,,,,,,,,,,,
Pseudomonas balearica,0.0015337423312883436,0.004750593824228029,0.12307692307692308,,0.006756756756756757,,,,,,,0.058823529411764705,,,,0.5882352941176471,,,,,,,,,,,,,,,
Fusarium venenatum,0.0015337423312883436,,0.005128205128205128,0.011111111111111112,,,,,,,,0.0196078431372549,,,,,,,,,,,,,,,,,,,
Fusarium fujikuroi,0.0015337423312883436,,0.005128205128205128,,,,,,,,,,,,,,,,,,,,,,,,,,,,
Pseudomonas extremaustralis,0.0015337423312883436,,,,,,,,,,,,,,,,,,,,,,,,,,,,,,
Pseudomonas denitrificans (nomen rejiciendum),0.0015337423312883436,,,,,,,,,,,,,,,,,,,,,,,,,,,,,,
Pyricularia oryzae,0.0015337423312883436,,,,,,,,,,,,,,,,,,,,,,,,,,,,,,
Pseudomonas nitroreducens,0.0015337423312883436,,,,,,,,,,,,,,,,,,,,,,,,,,,,,,
Pseudomonas sp. phDV1,0.0015337423312883436,,0.005128205128205128,,,,0.010416666666666666,,0.015151515151515152,,,,,,,,,,,,,,0.0625,0.06666666666666667,,,,,,,
Rhizobium rhizoryzae,0.0015337423312883436,,,,,,,,,,,,,,,,,,,,,,,,,,,,,,
Methylibium petroleiphilum,0.0015337423312883436,,,,,,,,,,,,,,,,,,,,,,,,,,,,,,
Bradyrhizobium sp. 1(2017),0.0015337423312883436,,,0.016666666666666666,0.02027027027027027,,,,,,0.019230769230769232,,,,,,,,,,,,,,,,,,,,
Streptococcus parasanguinis,0.0015337423312883436,0.007125890736342043,,,,,,0.013513513513513514,,,,,0.023255813953488372,,,,,,,,,,,,,,,,,,
Lactobacillus fermentum,0.0015337423312883436,0.04513064133016627,,,,,0.041666666666666664,,,,,,,,,,,,,,,,,0.06666666666666667,,,,,,,
Kocuria flava,0.0015337423312883436,0.009501187648456057,0.010256410256410256,0.005555555555555556,,,,0.013513513513513514,0.18181818181818182,,,,,,,,0.058823529411764705,,,,,,,,,,,0.14285714285714285,,,
Ralstonia pickettii,0.0015337423312883436,,,0.022222222222222223,,,,,,,,,,,,,,,,,,,,,,,,,,,
Ralstonia insidiosa,0.0015337423312883436,,,0.10555555555555556,0.02027027027027027,,,,,,,,,,,,,,,,,,,,,,,,,0.23076923076923078,
Cupriavidus oxalaticus,0.0015337423312883436,0.011876484560570071,0.015384615384615385,0.005555555555555556,,,0.0625,,0.030303030303030304,0.03333333333333333,,,,,,,0.058823529411764705,,,,,,,,,,,,,,
Janthinobacterium sp. LM6,0.0015337423312883436,,,,,,,,,,,,,,,,,,,,,,,,,,,,,,
Massilia violaceinigra,0.0015337423312883436,0.0023752969121140144,,,0.006756756756756757,,,,,,,,0.023255813953488372,,,,,,,,,,,,,,,,0.07692307692307693,,
Massilia putida,0.0015337423312883436,,0.015384615384615385,0.011111111111111112,,,,,,0.016666666666666666,,,,,,,,,,0.0625,,,,,,,,,,0.07692307692307693,
Massilia sp. WG5,0.0015337423312883436,,0.020512820512820513,0.011111111111111112,0.013513513513513514,,,,,0.016666666666666666,,0.0196078431372549,,,,,,,,0.0625,,,,,,,,0.14285714285714285,,0.07692307692307693,
Qipengyuania sediminis,0.0015337423312883436,,,0.005555555555555556,,,,,,,,,,,,,,,,,,,,,,,,,,,
Microbacterium sp. RG1,0.0015337423312883436,,,,,,,,,,,,,,,,,,,,,,,,,,,,,,
Microbacterium oleivorans,0.0015337423312883436,,,,,,,,,,,,,,,,,,,,,,,,,,,,,,
Microbacterium chocolatum,0.0015337423312883436,,,,,,0.010416666666666666,,,,,,,,0.027777777777777776,,,,,,,,,,,,,,,,
Porphyrobacter sp. CACIAM 03H1,0.0015337423312883436,,,,,,,,,,,,,,,,,,,,,,,,,,,,,,
Cellulomonas sp. Y8,0.0015337423312883436,0.0166270783847981,,,,,,,,,,0.0196078431372549,,,,,,,,,,,,,,,,,0.07692307692307693,,
Serinicoccus sp. JLT9,0.0015337423312883436,,,,,,,,,,,,,,,,,,,,,,,,,,,,,,
Porphyrobacter sp. YT40,0.0015337423312883436,,,,,,,,,,,,,,,,,,,,,,,,,,,,,,
Streptococcus gwangjuense,0.0015337423312883436,,,,,,,,,,,,,,,,,,,,,,,,,,,,,,
Acidovorax sp. T1,0.0015337423312883436,,,,,,,,,,,,,,,,0.058823529411764705,,,,,,,,,,,,,,
Pseudonocardia sp. AL041005-10,0.0015337423312883436,,0.005128205128205128,,,,,,,,0.019230769230769232,,,,,,,,,,,,,,0.07142857142857142,,,,,,
Variovorax paradoxus,0.0015337423312883436,,,0.005555555555555556,,,,,,,0.057692307692307696,,,,,,,,0.125,0.125,,,0.0625,,,,,,,,
Neisseria flavescens,0.0015337423312883436,,,0.005555555555555556,,,,0.013513513513513514,,,,0.0196078431372549,0.023255813953488372,,,,,,,,,,,,,,,,,,
Neisseria sp. oral taxon 014,0.0015337423312883436,,,,,,,,,,,,,,,,,0.0625,,,,,,,,,,,,,
Myxococcus xanthus,0.0015337423312883436,,,,,,,,,,,,,,,,,,,,,,,,,,,,,,
Myxococcus stipitatus,0.0015337423312883436,,,,,,,,,,,,,,,,,,,,,,,,,,,,,,
Corallococcus macrosporus,0.0015337423312883436,,,,,,,,,,,,,,,,,,,,,,,,,,,,,,
Melittangium boletus,0.0015337423312883436,,0.07179487179487179,,0.006756756756756757,,,,,,0.019230769230769232,,,,,,,,,,,,,,,,,,,,
Cystobacter fuscus,0.0015337423312883436,,0.08205128205128205,0.005555555555555556,0.006756756756756757,,,,,,0.019230769230769232,,,,,,,,,,,,,,,,0.07142857142857142,,,,
Comamonas testosteroni,0.0015337423312883436,0.0023752969121140144,0.015384615384615385,,,,,,,,,,,,,,,,,,,,,,,,,,,,
Lachnospiraceae bacterium GAM79,0.0015337423312883436,,,,,,,,,,,,,,,,,,,,,,,,,,,,,,
Roseburia intestinalis,0.0015337423312883436,,,,,,,,,,,,,,,,,,,,,,,,,,,,,,
Staphylococcus aureus,0.0015337423312883436,0.0831353919239905,,0.016666666666666666,,0.018018018018018018,0.8229166666666666,0.04054054054054054,0.030303030303030304,0.016666666666666666,,,0.023255813953488372,,,,,,,,,,,,,0.07142857142857142,,,,,
Staphylococcus epidermidis,0.0015337423312883436,0.28741092636579574,0.005128205128205128,,0.07432432432432433,0.5765765765765766,0.17708333333333334,,0.15151515151515152,,,,0.023255813953488372,0.16216216216216217,0.8333333333333334,,0.11764705882352941,,,,,,,,,,,,,,
Enterobacter roggenkampii,0.0015337423312883436,,,0.022222222222222223,0.006756756756756757,0.009009009009009009,,0.02702702702702703,,,0.038461538461538464,0.0196078431372549,,,,,,,,,,,,,,,,,,,
Staphylococcus xylosus,0.0015337423312883436,,0.005128205128205128,,,0.009009009009009009,,0.013513513513513514,,0.03333333333333333,,0.0196078431372549,,,,,,,,,,,,,,,,,,,
Staphylococcus pettenkoferi,0.0015337423312883436,,,,,,,,,,,,,,,,,,,,,,,,,,,,,,
Streptococcus sp. oral taxon 431,0.0015337423312883436,0.007125890736342043,0.005128205128205128,0.005555555555555556,,0.009009009009009009,0.010416666666666666,0.02702702702702703,,,,,,,,,,,,,,,,,,,,,,,
Streptococcus sp. LPB0220,0.0015337423312883436,0.009501187648456057,,,,,,0.013513513513513514,,,,,,,,,,,,,,,,,,,,,,,
Erythrobacter aureus,0.0015337423312883436,,,,,,,,,,,,,,,,,,,,,,,,,,,,,,
Erythrobacter flavus,0.0015337423312883436,,,,,,,,,,,,,,,,,,,,,,,,,,,,,,
Erythrobacter gangjinensis,0.0015337423312883436,,,,,,,,,,,,,,,,,,,,,,,,,,,,,,
Brevibacterium luteolum,0.0015337423312883436,0.014251781472684086,0.010256410256410256,0.005555555555555556,0.006756756756756757,,,,,0.016666666666666666,,,,,,,,,,,,,,,,,,,,,
Sphingobium sp. PAMC28499,0.0015337423312883436,,,,,,,,,,,0.0196078431372549,,,,,,,,,,,,,,,,,,,
Sphingomonas sanxanigenens,0.0015337423312883436,,,,,,,,,,,0.0196078431372549,,,,,,,,,,,,,,,,,,,
Corynebacterium jeikeium,0.0015337423312883436,,0.005128205128205128,0.011111111111111112,0.060810810810810814,0.009009009009009009,,,,,,,,,,,,,,,,,,,,,,,,,
Paracoccus zhejiangensis,0.0015337423312883436,,,,,,,0.02702702702702703,,,,,,,,,,,,,,,,0.06666666666666667,,,,,,,
Paracoccus sp. 2251,0.0015337423312883436,0.0023752969121140144,0.005128205128205128,0.005555555555555556,0.006756756756756757,,,,,,0.019230769230769232,,,,,,,,,,,,,,,,,,,0.07692307692307693,
Gordonia sp. KTR9,0.0015337423312883436,,,,,,,,,,,,,,,,,,,,,,,,,,,,,,
Roseomonas sp. FDAARGOS_362,0.0015337423312883436,,,,,,,,,,,,,0.02702702702702703,,,,,,,,,,,,,,,,,
Gordonia polyisoprenivorans,0.0015337423312883436,,,0.005555555555555556,,,,,,,,,,,,,,,,,,,,,,,,,,,
Rhizobacter gummiphilus,0.0015337423312883436,,,,,,,,,,,,,,0.027777777777777776,,,,,,,,,,,,,,,,
Microvirga ossetica,0.0015337423312883436,,,,,,,,,,,,,,,,,,,,,,,,,,,,,,
Dietzia psychralcaliphila,0.0015337423312883436,0.0166270783847981,,,,,,,,,,,,,,,,,,,,,,,,,,,,,
Dietzia timorensis,0.0015337423312883436,,,0.011111111111111112,,,,0.013513513513513514,,,,,,,,,,,,,,,,,,,0.07142857142857142,,,,
Nocardioides sp. zg-579,0.0015337423312883436,,,,,,,,,,,,,,,,,,,,,,,,,,,,,,
Methylobacterium sp. 17Sr1-1,0.0015337423312883436,,0.010256410256410256,0.005555555555555556,,,,,,,,,,,,,,,,,,,,,,,,,,,
Methylobacterium sp. 4-46,0.0015337423312883436,,,,,,,,,,0.019230769230769232,,,,,,,,,,,,,,,,,,,,
Actinoplanes sp. OR16,0.0015337423312883436,,,,0.006756756756756757,,,,,,,,,,,,,,,,,,,,,,,,,,
Actinoplanes derwentensis,0.0015337423312883436,,,,,,,,,,,,,,,,,,,,,0.0625,,,,,,,,,
Sphingopyxis sp. QXT-31,0.0015337423312883436,,,,,,,,,,,,,,,,,,,,,,,,,,,,,,
Sphingopyxis sp. PAMC25046,0.0015337423312883436,,,,,,,,,,,,,,,,,,,,,,,,,,,,,,
Sphingopyxis sp. EG6,0.0015337423312883436,,,,,,,,,,,,,,,,,,,,,,,,,,,,,,
Sphingopyxis sp. FD7,0.0015337423312883436,,,,,,,,,,,,,,,,,,,,,,,,,,,,,,
Erythrobacter litoralis,0.0015337423312883436,,,,,,,,,,,,,,,,,,,,,,,,,,,,,,
Erythrobacter seohaensis,0.0015337423312883436,,,,,,,,,,,,,,,,,,,,,,,,,,,,,,
Altererythrobacter dongtanensis,0.0015337423312883436,,,,,,,,,,,,,,,,,,,,,,,,,,,,,,
Sphingopyxis alaskensis,0.0015337423312883436,,,,,,,,,,,,,,,,,,,,,,,,,,,,,,
Sphingopyxis fribergensis,0.0015337423312883436,,,,,,,,0.015151515151515152,,,,,,,,,,,,,,,,,,,,,,
Sphingopyxis lindanitolerans,0.0015337423312883436,,,,,,,,,,,,,,,,,,,,,,,,,,,,,,
Mycolicibacterium parafortuitum,0.0015337423312883436,,,,,,,,,,,,,,,,,,,,,,,,,,,,,,
Mycolicibacterium doricum,0.0015337423312883436,,0.015384615384615385,,,0.018018018018018018,,,,,,,,,,,,,,,,,,,,,,,,,
Mycobacterium gallinarum,0.0015337423312883436,,,,,,,,,,,,,,,,,,,,,,,,,,0.07142857142857142,,,,
Mycolicibacterium vanbaalenii,0.0015337423312883436,,,,,,,,,,,,,,,,,,,,,,,,,,,,,,
Mycolicibacterium vaccae,0.0015337423312883436,,,,,,,,,,,,,,,,,,,,,,,,,,,,,,
Mycolicibacterium chubuense,0.0015337423312883436,,,,,,,,,,,,,,,,,,,,,,,,,,,,,,
Mycolicibacterium rhodesiae,0.0015337423312883436,,,,,,,,,,,,,,,,,,,,,,,,,,,,,,
Mycolicibacterium phocaicum,0.0015337423312883436,,,,,,,0.013513513513513514,,,0.019230769230769232,,,,,,,,,,,,,,0.21428571428571427,,,,,,
Mycobacterium sp. JS623,0.0015337423312883436,,,,,,,,,,,,,,,,,,,,,,,,,,,,,,
Mycobacterium paragordonae,0.0015337423312883436,,,,,,,,,,,,,,,,,,,,,,,,,,,,,,
Gordonia phthalatica,0.0015337423312883436,,,,,,,,,,,,,,,,,,,,,,,,,,,,,,
Staphylococcus hominis,,0.37767220902612825,,,0.0472972972972973,0.21621621621621623,0.11458333333333333,,0.19696969696969696,,,0.0392156862745098,0.023255813953488372,0.05405405405405406,0.5277777777777778,,,0.0625,,,,,,,,,,,,,
Xanthomonas euvesicatoria,,0.3657957244655582,0.005128205128205128,,0.060810810810810814,0.8018018018018018,,,0.7272727272727273,0.016666666666666666,,0.0196078431372549,0.09302325581395349,0.35135135135135137,0.5,,0.5882352941176471,,,,,,,,,,,,,,
Friedmanniella luteola,,0.332541567695962,,0.07222222222222222,,,0.010416666666666666,0.0945945945945946,,0.016666666666666666,0.4230769230769231,,,,0.05555555555555555,,0.058823529411764705,,0.25,0.75,,,,0.2,,,,,,,
Ochrobactrum anthropi,,0.17814726840855108,,,,,,,,,,,,,,,,,,,,,,,,,,,,,
Marmoricola scoriae,,0.14014251781472684,0.010256410256410256,,,,,,,,0.019230769230769232,,,,,,,,,,,,,,,,,,,,
Microbacterium sp. PAMC 28756,,0.1377672209026128,,,,0.009009009009009009,,,,,,,,,,,,,,,,,,,,,,,,,
Leuconostoc mesenteroides,,0.1163895486935867,,0.005555555555555556,0.006756756756756757,0.018018018018018018,,,,,,,,,,,,,0.0625,,,,,,,,,,,,
Arthrobacter sp. YC-RL1,,0.10688836104513064,,,,,,,,,,,,,,,,,,,,,,,,,,,,,
Stenotrophomonas sp. LM091,,0.09501187648456057,,,0.02702702702702703,0.018018018018018018,,,,,,0.0784313725490196,,,,,0.11764705882352941,,,,0.4375,,,0.06666666666666667,,,,,0.23076923076923078,,
Stenotrophomonas rhizophila,,0.09026128266033254,,,0.02702702702702703,0.018018018018018018,,,,,,0.21568627450980393,0.023255813953488372,,0.19444444444444445,0.058823529411764705,0.29411764705882354,,,,0.75,,,0.06666666666666667,,,,,0.23076923076923078,,
Corynebacterium variabile,,0.09026128266033254,0.005128205128205128,,,,,,,,,,,,,,,,,,,,,,,,,,,,
Sphingobacterium daejeonense,,0.0831353919239905,0.010256410256410256,,0.006756756756756757,,,,,,,0.0392156862745098,,,0.1388888888888889,,,,,,,,,,,,,,,,
Achromobacter xylosoxidans,,0.08076009501187649,0.015384615384615385,,0.006756756756756757,0.009009009009009009,,,,,,0.0196078431372549,,,,0.11764705882352941,,,,,,,,,,,,,,,
Enterococcus faecalis,,0.07363420427553444,0.005128205128205128,,,,0.041666666666666664,,,,,0.0392156862745098,,,,,,,,,,,,,,,,,,,
Psychrobacter sp. P11F6,,0.0665083135391924,0.005128205128205128,,,0.018018018018018018,,,0.015151515151515152,,,,,,,,0.058823529411764705,,,,,,,,,,,,0.15384615384615385,,
Microbacterium foliorum,,0.057007125890736345,,,,,,,,,,,,,,,,,,,,,0.0625,,,,,,,,
Rhodococcus erythropolis,,0.052256532066508314,,,,,,,,,,,,,,,,,,,,,,,,,,,,,
Listeria monocytogenes,,0.047505938242280284,,,,,0.041666666666666664,,,,,,,,,,,,,,,,,,,,,,,,
Microbacterium sp. Y-01,,0.047505938242280284,,,,,,,,,,,,,,,,,,,,,,,,,,,,,
Ochrobactrum quorumnocens,,0.04513064133016627,,,,,,,,,,,,,,,,,,,,,,,,,,,0.07692307692307693,,
Microbacterium sp. str. 'China',,0.03800475059382423,,,,,,,,,,,,,,,,,,,,,,,,,,,,,
Psychrobacter sp. DAB_AL43B,,0.03800475059382423,,,,,,,0.015151515151515152,,,,,,,,0.058823529411764705,,,,,,,,,,,,,,
Kocuria sp. BT304,,0.035629453681710214,,0.005555555555555556,,,,,,,,,,,,,,,,,,,,,,,,,,,
Kocuria rhizophila,,0.035629453681710214,,0.005555555555555556,,,,,,,,,,,,,,,,,,,,,,,,,,,
Zhihengliuella sp. ISTPL4,,0.0332541567695962,,,,,,,,,,,,,,,,,,,,,,,,,,,,,
Arsenicicoccus sp. oral taxon 190,,0.030878859857482184,,,,,,,,,,,,,,,,,,0.125,,,,,,,,,,,
Salmonella enterica,,0.030878859857482184,0.010256410256410256,,,,0.40625,,,,,,,,,,,,,,,,,0.06666666666666667,,,,,,,
Microbacterium paraoxydans,,0.030878859857482184,,,,,,,,,,,,,,,,,,,,,,,,,,,,,
Microbacterium oxydans,,0.030878859857482184,,,,,,,,,,,,,,,,,,,,,0.0625,,,,,,,,
Psychrobacter arcticus,,0.023752969121140142,,,,,,,,,,,,,,,,,,,,,,,,,,,,,
Glutamicibacter creatinolyticus,,0.023752969121140142,,,,,,,,,,,,,,,,,,0.0625,,,,,,,,,,,
Escherichia coli,,0.023752969121140142,0.041025641025641026,0.011111111111111112,,,0.041666666666666664,,,,,,,,,0.17647058823529413,,,,,,,,0.13333333333333333,,,,0.14285714285714285,,,
Brevibacterium sp. CS2,,0.023752969121140142,,0.027777777777777776,,,,,,,,,,,,,,0.0625,,,,,,,,,,,,,
Janibacter limosus,,0.023752969121140142,,,0.013513513513513514,,,,,,,,,,,,,,,,,,,,,,,,,,
Psychrobacter sp. G,,0.021377672209026127,,,,,,,,,,,,,,,,,,,,,,,,,,,,,
Chryseobacterium carnis,,0.019002375296912115,,,,,,,,,,0.0196078431372549,,,,,,,,,,,,,,,,,,,
Psychrobacter sp. AntiMn-1,,0.019002375296912115,,,,,,,,,,,,,,,,,,,,,,,,,,,0.07692307692307693,,
Psychrobacter sp. P11G3,,0.019002375296912115,,,,,,,,,,,,,,,,,,,,,,,,,,,0.07692307692307693,,
Brevibacterium linens,,0.019002375296912115,0.010256410256410256,,,,,,,,,,,,,,,,,,,,,,,,,,,,
Staphylococcus capitis,,0.019002375296912115,0.005128205128205128,,0.006756756756756757,0.16216216216216217,,,0.015151515151515152,,,,,0.02702702702702703,,,,,,,,,,,,,,,,,
Psychrobacter cryohalolentis,,0.0166270783847981,,,,,,,,,,,,,,,,,,,,,,,,,,,,,
Carnobacterium inhibens,,0.0166270783847981,,,,,,,,,,,,,,,,,,,,,,,,,,,,,
Rathayibacter sp. VKM Ac-2759,,0.0166270783847981,,,,,,,,,,,,,,,,,,,,,,,,,,,,,
Microbacterium sp. TPU 3598,,0.0166270783847981,,,,,,,,,,,,,,,,,,,,,,,,,,,,,
Glutamicibacter arilaitensis,,0.014251781472684086,,,,,,,,,,,,,,,,,,,,,0.0625,,,,,,,,
Lysinibacillus sphaericus,,0.014251781472684086,0.015384615384615385,,0.006756756756756757,,,,,,,0.0392156862745098,,,,,,,,,0.0625,,,,,,,,0.23076923076923078,,
Enterobacter hormaechei,,0.014251781472684086,0.041025641025641026,,,,,,,,,0.09803921568627451,,,,0.29411764705882354,,,,,,,,,,,,,,,
Microlunatus phosphovorus,,0.014251781472684086,,,,,,,,,,,,,0.027777777777777776,,,,,,,,,,,,,,,,
Psychrobacter sp. P11G5,,0.014251781472684086,,,,,,,,,,,,,,,,,,,,,,,,,,,,,
Stenotrophomonas sp. 364,,0.014251781472684086,,,,,,,,,,0.0196078431372549,,,0.1388888888888889,,,,,,0.25,,,,,,,,0.07692307692307693,,
Chryseobacterium antarcticum,,0.014251781472684086,,,,,,,,,,0.0196078431372549,,,,,,,,,,,,,,,,,,,
Rhodococcus fascians,,0.011876484560570071,,,,,,,,,,,,,,,,,,,,,,,,,,,,,
Oerskovia sp. KBS0722,,0.011876484560570071,,,,,,,,,,,,,,,,,,,,,,,,,,,,,
Chryseobacterium sp. SNU WT5,,0.011876484560570071,,,,,,,,,,0.0196078431372549,,,,,,,,,,,,,,,,,,,
Microbacterium sp. CBA3102,,0.011876484560570071,,,,,,,,,,,,,,,,,,,,,,,,,,,,,
Lacrimispora sphenoides,,0.011876484560570071,0.08205128205128205,,0.006756756756756757,,,,,,,0.1568627450980392,,,,0.7647058823529411,,,,,0.0625,,,,,,,,,,
Rhodococcus sp. PBTS 2,,0.011876484560570071,,,,,,,,,,,,,,,,,,,,,,,,,,,,,
Streptococcus salivarius,,0.011876484560570071,0.005128205128205128,,,0.009009009009009009,0.010416666666666666,0.013513513513513514,,,,,0.046511627906976744,,,,,,0.0625,,,0.0625,,,,,,,,,
Carnobacterium maltaromaticum,,0.011876484560570071,,,,,,,,,,,,,,,,,,,,0.0625,,,,,,,,,
Prevotella melaninogenica,,0.009501187648456057,,0.011111111111111112,0.006756756756756757,,0.03125,0.04054054054054054,,,,,,,,,,,0.0625,,,,,,,,,,0.07692307692307693,,
Oscillatoria nigro-viridis,,0.009501187648456057,,,,0.018018018018018018,,,,,,,,,0.05555555555555555,,,,0.0625,,,0.0625,,,,,,,,,
Rhodococcus qingshengii,,0.009501187648456057,,,,,,,,,,,,,,,,,,,,,,,,,,,,,
Staphylococcus saprophyticus,,0.009501187648456057,0.010256410256410256,,,0.018018018018018018,,,,,,0.0196078431372549,,,,,,,,,,,,,,,,,,,
Macrococcus caseolyticus,,0.009501187648456057,,,,,,,,,,,,,,,,,,,,,,,,,,,,,
Tessaracoccus flavescens,,0.009501187648456057,,,,,,,,,,,,,,,,,,,,,,,,,,,,,
Brevibacterium aurantiacum,,0.009501187648456057,,,,,,,,,,,,,,,,,,,,,,,,,,,,,
Cellulosimicrobium cellulans,,0.009501187648456057,0.005128205128205128,,,,,,,,,,,,,,,,,,,,,,,,,,,,
Enterococcus casseliflavus,,0.009501187648456057,,,,,,,,,,0.058823529411764705,,,,,,,,,,,,,,,,,,,
Haematobacter massiliensis,,0.009501187648456057,,0.011111111111111112,,,,,0.030303030303030304,,,,,,0.027777777777777776,,,,,,,,,,,,,,,,
Brachybacterium avium,,0.009501187648456057,,,,,,,,,,,,,,,,,,,,,,,,,,,,,
Plantibacter sp. PA-3-X8,,0.009501187648456057,,,,,,,,,,,,,,,,,,,,,,,,,,,,,
Paracoccus jeotgali,,0.009501187648456057,0.005128205128205128,,0.006756756756756757,,,0.02702702702702703,,,,,,,,,,,,,,,,,,,,,,,
Brachybacterium vulturis,,0.009501187648456057,,,,,,,,,,,,,,,,,,,,,,,,,,,,,
Microbacterium sp. CGR1,,0.009501187648456057,,,,,,,,,,,,,,,,,,,,,,,,,,,,,
Sanguibacter keddieii,,0.009501187648456057,,,,,,,,,,,,,,,,,,,,,,,,,,,,,
Microbacterium sp. 1.5R,,0.009501187648456057,,,,,,,,,,,,,,,,,,,,,,,,,,,,,
Achromobacter spanius,,0.009501187648456057,0.010256410256410256,,0.006756756756756757,,,,,,,0.0392156862745098,,,,,,,,,,,,,,,,,,,
Cellulomonas sp. 40-2,,0.009501187648456057,,,,,,,,,,,,,,,,,,,,,,,,,,,,,
Cellulosimicrobium sp. BI34T,,0.007125890736342043,0.005128205128205128,,,,,,,,,,,,,,,,,,,,,,,,,,,,
Rhodococcus sp. YL-1,,0.007125890736342043,,,,,,,,,,,,,,,,,,,,,,,,,,,,,
Rhodococcus sp. NJ-530,,0.007125890736342043,,,,,,,,,,,,,,,,,,,,,,,,,,,,,
Rhodococcus sp. 008,,0.007125890736342043,,,,,,,,,,,,,,,,,,,,,,,,,,,,,
Acidipropionibacterium acidipropionici,,0.007125890736342043,,,,,,,,,,,,,,,,,,,,,,,,,,,,,
Pseudomonas sp. J380,,0.007125890736342043,,,,,,,,,,,,,,,,,,,,,,,0.07142857142857142,,,,,,
Curtobacterium flaccumfaciens,,0.007125890736342043,,,,,,0.013513513513513514,,,0.019230769230769232,,,,,,,,,,,,,,,0.07142857142857142,,,,,
Sphingobacterium mizutaii,,0.007125890736342043,0.005128205128205128,,,,,,,,,,,,,,,,,,,,,,,,,,,,
Aerococcus viridans,,0.007125890736342043,0.010256410256410256,,,0.009009009009009009,,,,,,0.0392156862745098,,0.13513513513513514,,,,,,,,,,,,,,,0.07692307692307693,,
Aerococcus urinaeequi,,0.007125890736342043,0.010256410256410256,,,0.009009009009009009,,,,,,0.0392156862745098,,0.05405405405405406,,,,,,,,,,,,,,,0.07692307692307693,,
Veillonella dispar,,0.007125890736342043,,,,,0.03125,0.02702702702702703,,,,,0.023255813953488372,,,,,,,,,,,,,,,,,,
Chryseobacterium sp. NBC 122,,0.007125890736342043,,,,,,,,,,0.0196078431372549,,,,,,,,,,,,,,,,,,,
Arabia massiliensis,,0.007125890736342043,,,,0.009009009009009009,0.052083333333333336,,,,,,,,,,,,,,,,,,,,,,,,
Corynebacterium flavescens,,0.007125890736342043,,,,,,,,,,,,,,,,,,,,,,,,,,,,,
Enterococcus hirae,,0.007125890736342043,,,,,,,,,,,,,,,,,,,,,,,,,,,,,
Rhodococcus sp. BH4,,0.007125890736342043,,,,,,,,,,,,,,,,,,,,,,,,,,,,,
Psychrobacter sp. P2G3,,0.007125890736342043,,,,,,,,,,,,,,,,,,,,,,,,,,,,,
Acinetobacter lwoffii,,0.007125890736342043,0.005128205128205128,0.011111111111111112,0.21621621621621623,0.08108108108108109,0.08333333333333333,0.02702702702702703,0.18181818181818182,,,0.47058823529411764,,0.21621621621621623,0.05555555555555555,0.17647058823529413,0.058823529411764705,,,,0.0625,,0.0625,,,,,,0.07692307692307693,,
Pseudomonas xanthomarina,,0.007125890736342043,,,0.013513513513513514,0.009009009009009009,,,,,,,,,,,,,,,,,,,,,,,,,
Pseudomonas fluorescens,,0.007125890736342043,,,0.006756756756756757,,0.0625,,,,0.019230769230769232,,,0.1891891891891892,,,,0.0625,,,0.5625,,,,,,,,0.23076923076923078,,
Exiguobacterium sibiricum,,0.007125890736342043,,,,,,,,,,,,,,,,,,,,,,,,,,,,,
Staphylococcus haemolyticus,,0.007125890736342043,,,0.006756756756756757,0.018018018018018018,,,0.030303030303030304,,,,,0.3783783783783784,0.027777777777777776,,,,,,,,,,,,,,,,
Achromobacter sp. MFA1 R4,,0.007125890736342043,0.005128205128205128,,,,,,,,,0.0196078431372549,,,,,,,,,,,,,,,,,,,
Staphylococcus simulans,,0.007125890736342043,,,,,,,,0.016666666666666666,,,,,0.027777777777777776,,,,,,,,,,,,,,,,
Stenotrophomonas sp. DAIF1,,0.007125890736342043,,,0.006756756756756757,,,,,,,,,,,,,,,,0.0625,,,,,,,,,,
Psychrobacter urativorans,,0.007125890736342043,,,,,,,,,,,,,,,,,,,,,,,,,,,,,
Georgenia sp. Z294,,0.004750593824228029,,,,,,,,,,,,,,,,,,,,,,,,,,,,,
Brevibacterium sandarakinum,,0.004750593824228029,,,,,,,,,,,,,,,,,,,,,,,,,,,,,
Cellulosimicrobium sp. 72-3,,0.004750593824228029,,,,,,,,,,,,,,,,,,,,,,,,,,,,,
Rhizobium flavum,,0.004750593824228029,0.005128205128205128,,,,,,,,,,,,,0.11764705882352941,,,,,,,,,,,,,,,
Cellulosimicrobium sp. TH-20,,0.004750593824228029,,,,,,,,,,,,,,,,,,,,,,,,,,,,,
Ochrobactrum pituitosum,,0.004750593824228029,,,,,,,,,,,,,,,,,,,,,,,,,,,0.07692307692307693,,
Ochrobactrum pseudogrignonense,,0.004750593824228029,,,,,,,,,,,,,,,,,,,,,,,,,,,0.07692307692307693,,
Agrococcus jejuensis,,0.004750593824228029,,,,,,,,,,,,,,,,,,,,,,,,,,,,,
Leucobacter triazinivorans,,0.004750593824228029,,,,,,,,,,,,,,,,,,,,,,,,,,,,,
Leucobacter sp. DSM 101948,,0.004750593824228029,,,,,,,,,,,,,,,,,,,,,,,,,,,,,
Clavibacter michiganensis,,0.004750593824228029,,,,,,,,,0.019230769230769232,,,,,,,,0.0625,,,,,,,,,,,,
Enterococcus faecium,,0.004750593824228029,0.005128205128205128,,,,,,,,,,,,,,,,,,,,,,,,,,,,
Brochothrix thermosphacta,,0.004750593824228029,,,,0.04504504504504504,,,,,,,,,,,,0.0625,,,,,,,,,,,,,
Luteimonas sp. 100111,,0.004750593824228029,0.005128205128205128,,,,,,,,,,,,,,,,,,,,,,,,,,0.07692307692307693,,
Atlantibacter hermannii,,0.004750593824228029,0.035897435897435895,,,,,,0.12121212121212122,,,0.09803921568627451,,,,0.17647058823529413,,,,,,,,,,,,,,,
Pantoea sp. PSNIH1,,0.004750593824228029,0.08717948717948718,0.005555555555555556,0.006756756756756757,0.009009009009009009,,,0.19696969696969696,,,0.17647058823529413,,0.02702702702702703,0.027777777777777776,0.11764705882352941,,,,,,0.0625,,,,,,,0.07692307692307693,,
Pantoea agglomerans,,0.004750593824228029,0.005128205128205128,,0.013513513513513514,0.036036036036036036,,,0.015151515151515152,,0.019230769230769232,0.09803921568627451,,,0.08333333333333333,0.17647058823529413,,,,,0.25,,0.0625,0.06666666666666667,,,,,0.23076923076923078,,
Brevibacterium sp. YB235,,0.004750593824228029,0.010256410256410256,,,,,,,,,,,,,,,,,,,,,,,,,,,,
Brevibacterium sp. WO024,,0.004750593824228029,,,,,,,,,,,,,,,,,,,,,,,,,,,,,
Plantibacter flavus,,0.004750593824228029,,,,,,,,,,,,,,,,,,,,,,,,,,,,,
Buchnera aphidicola,,0.004750593824228029,,,,0.009009009009009009,,,,,,,,,,,,,,,,,,,0.07142857142857142,,,,,,
Prevotella jejuni,,0.004750593824228029,,0.005555555555555556,,,,0.013513513513513514,,,,,0.023255813953488372,,,,,,0.0625,,,,,,,,,,,,
Chryseobacterium jeonii,,0.004750593824228029,,,,,,,,,,0.0196078431372549,,,,,,,,,,,,,,,,,,,
Pseudomonas moraviensis,,0.004750593824228029,,,0.013513513513513514,,,,,,,,,,,,,,,,0.0625,,,,,,,,0.15384615384615385,,
Aeromicrobium choanae,,0.004750593824228029,,,,,,,,,,,,,,,,,,,,,,,,,,,,,
Microbacterium testaceum,,0.004750593824228029,0.010256410256410256,,,,,,,,,,,,,,,,,,,,,,,,,,,,
Rhodococcus hoagii,,0.004750593824228029,,,,,,,,,,,,,,,,,,,,,,,,,,,,,
Nocardioides sp. CF8,,0.004750593824228029,,,,,,,,,,,,,,,,,,,,,,,,,,,,,
Dolosigranulum pigrum,,0.004750593824228029,,,,0.009009009009009009,,,,,,,,,,,,,,,,,,,,,,,,,
Achromobacter sp. B7,,0.004750593824228029,,,0.006756756756756757,,,,,,,,,,,,,,,,,,,,,,,,,,
Bacillus cereus,,0.004750593824228029,0.015384615384615385,,,,,,,,,0.0392156862745098,,,,,,,,,0.0625,,,,,,,,,,
Leuconostoc pseudomesenteroides,,0.004750593824228029,,,,0.018018018018018018,,,,,,,,,,,,,,,,,,,,,,,,,
Leuconostoc citreum,,0.004750593824228029,,,,,,,,,,,,,,,,,,,,,,,,,,,,,
Veillonella parvula,,0.004750593824228029,,0.005555555555555556,,0.04504504504504504,0.020833333333333332,0.013513513513513514,,,,,,,,,,,,,,,,,,,,,,,
Bacillus safensis,,0.004750593824228029,,,,,,,,,,,,,,,,,,,,,,,,,,,,,
Lysinibacillus sp. YS11,,0.004750593824228029,0.03076923076923077,,0.006756756756756757,,,,,,,0.0196078431372549,,,,0.17647058823529413,,,,,0.0625,,,,,,,,0.07692307692307693,,
Streptococcus sp. HSISM1,,0.004750593824228029,,,,,,0.013513513513513514,,,,,,,,,,,,,,,,,,,,,,,
Microbacterium sp. BH-3-3-3,,0.004750593824228029,0.010256410256410256,,,,,,,,,,,,,,,,,,,,,,,,,,,,
Achromobacter denitrificans,,0.004750593824228029,0.005128205128205128,,,,,,,,,,,,,0.11764705882352941,,,,,,,,,,,,,,,
Staphylococcus sp. M0911,,0.004750593824228029,,,,,,,,,,,,0.02702702702702703,,,,,,,,,,,,,,,,,
Cupriavidus taiwanensis,,0.004750593824228029,,,,0.009009009009009009,,,,,,,,,,,,,,,,,,,,,,,,,
Kurthia zopfii,,0.004750593824228029,,,,,,,,,,,,,,,,,,,,,,,,,,,,,
Microbacterium sp. XT11,,0.004750593824228029,,,,,,,,,,,,,,,,,,,,,,,,,,,,,
Empedobacter brevis,,0.0023752969121140144,0.015384615384615385,,,0.009009009009009009,,,0.015151515151515152,,,0.0784313725490196,,,,,,,,,,,,,,,,,,,
Moraxella bovis,,0.0023752969121140144,,,,,,,,,,,,,,,,,,,,,,,,,,,,,
Bacillus butanolivorans,,0.0023752969121140144,,,,,,,,,,,,,,,,,,,,,,,,,,,,,
Sphingomonas sp. IC081,,0.0023752969121140144,0.005128205128205128,,,,,,,,,,,,,,,,,,,,,,,,,,,,
Sphingobacterium sp. B29,,0.0023752969121140144,0.005128205128205128,,,,,,,,,0.0196078431372549,,,,,,,,,,,,,,,,,,,
Sphingobacterium sp. ML3W,,0.0023752969121140144,,,,,,,,,,,,,,,,,,,,,,,,,,,,,
Sphingobacterium sp. G1-14,,0.0023752969121140144,0.005128205128205128,,,,,,,,,0.0392156862745098,,,,,,,,,,,,,,,,,,,
Moraxella catarrhalis,,0.0023752969121140144,,,,0.009009009009009009,0.010416666666666666,,,,,,,,,,,,,,,,,,,,,,,,
Carnobacterium sp. 17-4,,0.0023752969121140144,,,,,,,,,,,,,,,,,,,,,,,,,,,,,
Sphingobacterium psychroaquaticum,,0.0023752969121140144,,,,,,,,,,,,,,,,,,,,,,,,,,,,,
Bacteroides sp. CBA7301,,0.0023752969121140144,,,,,,,,,,,,,,,,,,,,,,,,,,,,,
Chryseobacterium balustinum,,0.0023752969121140144,,,,,,,,,,,,,0.1111111111111111,,,,,,,,,,,,,,0.07692307692307693,,
Chryseobacterium sp. 17S1E7,,0.0023752969121140144,,,,,,,,,,,,,,,,,,,,,,,,,,,,,
Chryseobacterium indoltheticum,,0.0023752969121140144,,,,,,,,,,,,,0.19444444444444445,,,,,,0.0625,,,,,,,,0.23076923076923078,,
Pseudomonas sp. LG1E9,,0.0023752969121140144,,0.005555555555555556,,,,0.013513513513513514,,,,,,,,,,,,,,,,,,,,,,,
Nakamurella multipartita,,0.0023752969121140144,,0.005555555555555556,,,,,,,,,,,,,0.058823529411764705,,,,,,,,,,,0.14285714285714285,,,
Pseudomonas sp. ADAK22,,0.0023752969121140144,,,,,,,,,,,,,,,,,,,,,,,,,,,,,
Pseudomonas sp. s211(2017),,0.0023752969121140144,,,,,,,,,,,,,,,,,,,,,,,,,,,,,
Chryseobacterium sp. NEB161,,0.0023752969121140144,,,,,,,,,,,,,,,,,,,,,,,,,,,0.07692307692307693,,
Chryseobacterium gleum,,0.0023752969121140144,0.005128205128205128,,,,,,,,,,,,,0.11764705882352941,,,,,,,,,,,,,0.07692307692307693,,
Pseudomonas sp. LBUM920,,0.0023752969121140144,,,,,,,,,,,,,,,,,,,,,,,,,,,,,
Pseudomonas sp. NIBRBAC000502773,,0.0023752969121140144,,,,,,,,,,,,,,,,,,,,,,,,,,,,,
Bacillus ciccensis,,0.0023752969121140144,0.005128205128205128,,,,,,,,,,,,,,,,,,,,,,,,,,,,
Chryseobacterium sp. H3001,,0.0023752969121140144,,,,,,,,,,0.0392156862745098,,,,,,,,,,,,,,,,,,,
Bacillus pumilus,,0.0023752969121140144,,,,,,,,,,0.0196078431372549,,,,,,,,,,,,,,,,,,,
Chryseobacterium indologenes,,0.0023752969121140144,,,,,,,,,,,,,,0.11764705882352941,,,,,,,,,,,,,0.07692307692307693,,
Lactobacillus crispatus,,0.0023752969121140144,,,,0.018018018018018018,,0.013513513513513514,,,,,,,,,,,,,,,,,,,,,,,
Lactobacillus iners,,0.0023752969121140144,,,,0.009009009009009009,0.010416666666666666,,,,,,,,,,,,,,,,,,,,,,,,
Saccharomyces cerevisiae,,0.0023752969121140144,,,,,0.020833333333333332,,,,,,,,,,,,,,,,,,,,,,,,
Plantibacter sp. M259,,0.0023752969121140144,,,,,,,,,,,,,,,,,,,,,,,,,,,,,
Corynebacterium efficiens,,0.0023752969121140144,0.005128205128205128,,0.006756756756756757,,,,,,,,,,,,,,,,,,,,,,,,,,
Corynebacterium halotolerans,,0.0023752969121140144,,,,,,,,,,,,,,,,,,,,,,,,,,,,,
Erwinia gerundensis,,0.0023752969121140144,,,0.013513513513513514,0.02702702702702703,,,,,,,,,,,,,,,0.1875,,,,,,,,,,
Streptococcus parauberis,,0.0023752969121140144,,,,,,,,,,,,,,,,,,,,,,,,,,,,,
Pantoea rwandensis,,0.0023752969121140144,0.005128205128205128,,,,,,,,,0.0392156862745098,,,,,,,,,0.25,,,,,,,,0.07692307692307693,,
Rhizobium oryzihabitans,,0.0023752969121140144,,,,,,,,,,,,,,,,,,,,,,,,,,,,,
Staphylococcus vitulinus,,0.0023752969121140144,,,,,,,,,,,,,,,,,,,,,,,,,,,,,
Staphylococcus condimenti,,0.0023752969121140144,,,,,,,,,,,,,,,,,,,,,,,,,,,,,
Staphylococcus warneri,,0.0023752969121140144,,,,,,,,,,,,0.02702702702702703,,,,,,,,,,,,,,,,,
Enterobacteriaceae bacterium strain FGI 57,,0.0023752969121140144,,,,,,,,,,,,,,,,,,,,,,,,,,,,,
Macrococcus canis,,0.0023752969121140144,,,,,,,,,,,,,,,,,,,,,,,,,,,,,
Klebsiella variicola,,0.0023752969121140144,,,,,0.3020833333333333,,,,,,,,,0.058823529411764705,,,,,,,,,,,,,,,
Rhodococcus sp. AQ5-07,,0.0023752969121140144,,,,,,,,,,,,,,,,,,,,,,,,,,,,,
Mixta calida,,0.0023752969121140144,0.005128205128205128,0.005555555555555556,0.0472972972972973,0.018018018018018018,,,0.09090909090909091,,0.019230769230769232,0.0392156862745098,,,0.027777777777777776,0.11764705882352941,,,,0.0625,,,,,,,,,,,
Leucobacter sp. HDW9B,,0.0023752969121140144,,,,,,,,,,,,,,,,,,,,,,,,,,,,,
Candida orthopsilosis,,0.0023752969121140144,0.005128205128205128,0.011111111111111112,,,,,,,,,,,,,,,,,,,,,,,,,,,
Paenibacillus odorifer,,0.0023752969121140144,0.005128205128205128,,0.006756756756756757,0.009009009009009009,,,,,,0.0392156862745098,,,,,,,,,0.3125,,,,,,,,0.07692307692307693,,
Debaryomyces hansenii,,0.0023752969121140144,,,,0.018018018018018018,,,,,,,,,0.027777777777777776,,,,,,,,,,,,,,,,
Lactobacillus murinus,,0.0023752969121140144,0.005128205128205128,,,,,,,,,,,,,,,,,,,,,,,,,,,,
Bacillus thuringiensis,,0.0023752969121140144,,,,,,,,,,,,,,,,,,,0.0625,,,,,,,,,,
Acinetobacter radioresistens,,0.0023752969121140144,0.02564102564102564,,0.10810810810810811,0.009009009009009009,0.0625,,,,,0.1568627450980392,,0.02702702702702703,,0.058823529411764705,0.058823529411764705,,,,0.0625,,,,,,,,,,
Lactococcus piscium,,0.0023752969121140144,,,,,,,,,,,,,,,,,,,,,,,,,,,,,
Babesia bigemina,,0.0023752969121140144,0.02564102564102564,,,0.009009009009009009,,,,,0.019230769230769232,,0.023255813953488372,,,,,,,,,,,,,,,,,,
Lysinibacillus fusiformis,,0.0023752969121140144,0.005128205128205128,,,,,,,,,,,,,,,,,,,,,,,,,,,,
Serratia symbiotica,,0.0023752969121140144,,,,0.009009009009009009,,,,,,,,,,,,,,,,,,,,,,,,,
Pseudomonas sp. MYb193,,0.0023752969121140144,,,,,,,,,,,,,,,,,,,,,,,0.07142857142857142,,,,,,
Pseudomonas sp. A214,,0.0023752969121140144,,,,,,,,,,,,,,,,,,,,,,,,,,,,,
Rhizobium pusense,,0.0023752969121140144,,,,,,,,,,,,,,,,,,,,,,,,,,,,,
Serratia liquefaciens,,0.0023752969121140144,,0.005555555555555556,,,,,,,,,,,,,,,,,,,,,,,,,,,
Serratia sp. P2ACOL2,,0.0023752969121140144,,,,,,,,,,,,,,,,,,,,,,,,,,,,,
Paenibacillus sp. Y412MC10,,0.0023752969121140144,,,,,,,,,,0.0392156862745098,,,,,,,,,,,,,,,,,,,
Bacillus subtilis,,0.0023752969121140144,0.005128205128205128,,,,,,,,,,,,,,,,,,,,,,,,,,,,
Tessaracoccus flavus,,0.0023752969121140144,,,,,,,,,,,,,,,,,,,,,,,,,,0.07142857142857142,,,
Pseudomonas synxantha,,0.0023752969121140144,,,0.006756756756756757,,,,,,,,,,,,,,,,,,,,,,,,,,
Neorhizobium sp. NCHU2750,,0.0023752969121140144,,,,,,,,,,0.0196078431372549,,,,,,,,,,,,,,,,,0.15384615384615385,,
Xylanimonas cellulosilytica,,0.0023752969121140144,,,,,,,,,,,,,,,,,,,,,,,,,,,,,
Isoptericola dokdonensis,,0.0023752969121140144,,,,,,,,,,,,,,,,,,,,,,,,,,,,,
Isoptericola variabilis,,0.0023752969121140144,,,,,,,,,,,,,,,,,,,,,,,,,,,,,
Xylanimicrobium sp. FW10M-9,,0.0023752969121140144,,,,,,,,,,,,,,,,,,,,,,,,,,,,,
Brevibacterium sp. o2,,0.0023752969121140144,,,,,,,,,,,,,,,,,,,,,,,,,,,,,
Rhizobium sp. Y9,,0.0023752969121140144,,,,,,,,,,,,,,,,,,,,,,,,,,,,,
Rhizobium sp. IRBG74,,0.0023752969121140144,,,,,,,,,,,,,,,,,,,,,,,,,,,,,
Rhizobium sp. Khangiran2,,0.0023752969121140144,0.005128205128205128,,,,,,,,,,,,,0.11764705882352941,,,,,,,,,,,,,,,
Delftia tsuruhatensis,,0.0023752969121140144,,,,,,,,,,0.0196078431372549,,,,,,,,,,,,,,,,,,,
Delftia acidovorans,,0.0023752969121140144,,,,,,,,,,,,,,,,,,,0.0625,,,,,,,,,,
Eikenella corrodens,,0.0023752969121140144,,,,,,,,,,,,,,,,,,,,,,,,,,,,,
Massilia lutea,,0.0023752969121140144,,,,,,,,,,,,,,,,,,,,,,,,,,,0.07692307692307693,,
Pseudonocardia sp. Gen01,,0.0023752969121140144,,0.005555555555555556,,,,,,,,,,,,,,,,,,,,,,,,,,,
Ensifer adhaerens,,0.0023752969121140144,,,,0.009009009009009009,,,,,,,,,,,,,,,,,,,,,,,,,
Curtobacterium pusillum,,0.0023752969121140144,,,,,,,,,0.019230769230769232,,,,,,,,,,,,,,,,,,,,
Stappia indica,,0.0023752969121140144,,,,,,,,,,,,,,,,,,,,,,,,,,,,,
Rathayibacter sp. VKM Ac-2760,,0.0023752969121140144,,,,,,,,,,,,,,,,,,,,,,,,,,,,,
Sphingobium sp. YG1,,0.0023752969121140144,,,,,,,,,,0.0196078431372549,,,,,,,,,,,,,,,,,,,
Leucobacter sp. HDW9C,,0.0023752969121140144,,,,,,,,,,,,,,,,,,,,,,,,,,,,,
Agrococcus sp. SGAir0287,,0.0023752969121140144,,,,,,,,,,,,,,,,,,,,,,,,,,,,,
Achromobacter sp. AONIH1,,0.0023752969121140144,0.005128205128205128,,,,,,,,,,,,,,,,,,,,,,,,,,,,
Achromobacter insolitus,,0.0023752969121140144,0.005128205128205128,,,,,,,,,,,,,,,,,,,,,,,,,,,,
Ornithinimicrobium sp. HY006,,0.0023752969121140144,,,,,,,,,,,,,,,,,,,,,,,,,,,,,
Ornithinimicrobium flavum,,0.0023752969121140144,0.10256410256410256,,,,,,,,,,,,,,,,,,,,,,,,,,,,
Massilia albidiflava,,0.0023752969121140144,,,,,,,,,,,,,,,,,,,,,,,,,,,0.07692307692307693,,
Brevundimonas sp. Bb-A,,0.0023752969121140144,,,,,,,,,,,,,,,,,,,,,,,,,,,,,
Brevundimonas sp. DS20,,0.0023752969121140144,,,0.006756756756756757,,,,,,,,,,,,,,,,,,,,,,,,,,
Methyloversatilis sp. RAC08,,0.0023752969121140144,,,,,,,,,,,,,,,,,,,,,,,,,,,,,
Corallococcus coralloides,,0.0023752969121140144,,,,,,,0.015151515151515152,,,,,,,,,,,,,,,,,,,,,,
Stenotrophomonas sp. ZAC14A_NAIMI4_1,,0.0023752969121140144,,,,,,,,,,,,,,,,,,,,,,,,,,,,,
Stenotrophomonas sp. SAU14A_NAIMI4_5,,0.0023752969121140144,0.020512820512820513,,,,,,,,,0.0196078431372549,,,,,,,,,,,,,,,,,,,
Stenotrophomonas sp. ESTM1D_MKCIP4_1,,0.0023752969121140144,,,,,,,,,0.019230769230769232,0.0196078431372549,,,,,,,,,,,,,,,,,0.07692307692307693,,
Pseudomonadaceae bacterium SI-3,,0.0023752969121140144,,,,,,,,,,,,,,,,,,,,,,,,,,,,,
Leuconostoc lactis,,0.0023752969121140144,,,0.006756756756756757,,,,,,,,,,,,,,,,,,,,,,,,,,
Pseudomonas rhizosphaerae,,0.0023752969121140144,,,0.006756756756756757,0.009009009009009009,,,,,,,,,,,0.058823529411764705,,,,0.3125,,,,,,,,0.07692307692307693,,
Pseudomonas saudiphocaensis,,0.0023752969121140144,0.005128205128205128,,0.006756756756756757,0.009009009009009009,,,,,,,,,,,,,,,,,,,,,,,,,
Pseudomonas umsongensis,,0.0023752969121140144,,,0.006756756756756757,,,,,,,,,,,,,,,,,,,,,,,,,,
Pseudomonas lundensis,,0.0023752969121140144,,,,,,,0.22727272727272727,,,,,0.40540540540540543,,,,,,,0.0625,,,,,,,,,,
Pseudomonas rhodesiae,,0.0023752969121140144,,,,0.009009009009009009,,,,,,,,,,,,,,,0.0625,,,,,,,,,,
Pseudomonas azotoformans,,0.0023752969121140144,,,,,,,,,,,,,,,,,,,0.0625,,,,,,,,,,
Tessaracoccus sp. T2.5-30,,0.0023752969121140144,0.010256410256410256,,,,,,,,,,,,,,,,,,,,,,,,,,,,
Curtobacterium sp. BH-2-1-1,,0.0023752969121140144,,,,,,,,,0.019230769230769232,,,,,,,,,,,,,,,,,,,,
Acidipropionibacterium jensenii,,0.0023752969121140144,,,,,,,,,,,,,,,,,,,,,,,,,,,,,
Pseudomonas protegens,,0.0023752969121140144,,,,,,,,,,,,,,,,,,,0.0625,,,,,,,,,,
Gordonia iterans,,0.0023752969121140144,,,,,,,,,,,,,,,,,,,,,,,,,,,,,
Stenotrophomonas sp. G4,,0.0023752969121140144,,,0.013513513513513514,,,,,,,,,,,,,,,,0.0625,,,,,,,,,,
Weissella cibaria,,0.0023752969121140144,,,0.013513513513513514,,,,,,,,,,,,,,,,,,,,,,,,,,
Pseudoalteromonas spongiae,,0.0023752969121140144,,,,,,,,,,,,,,,,,,,,,,,,,,,,,
Clostridium botulinum,,0.0023752969121140144,0.020512820512820513,,,0.009009009009009009,,,,,0.019230769230769232,0.0392156862745098,0.023255813953488372,0.10810810810810811,,0.11764705882352941,,,,,,,,,,,,,,,
Clostridium argentinense,,0.0023752969121140144,,,,,,,,,,0.0196078431372549,,,,,,,,,,,,,,,,,,,
Georgenia sp. ZLJ0423,,0.0023752969121140144,,,,,,,,,,,,,,,,,,,,,,,,,,,,,
Veillonella atypica,,0.0023752969121140144,,,,,,0.013513513513513514,,,,,,,,,,,0.0625,,,,,,,,,,,,
Corynebacterium ammoniagenes,,0.0023752969121140144,,,,,,,,,,,,,,,,,,,,,,,,,,,,,
Finegoldia magna,,0.0023752969121140144,,,,0.036036036036036036,,,,,,,,,,,,,,,,,,,,,,,,,
Stenotrophomonas acidaminiphila,,0.0023752969121140144,0.020512820512820513,,0.006756756756756757,,,,,,,0.058823529411764705,,,,,,,,,,,,,,,,,0.15384615384615385,,
Corynebacterium stationis,,0.0023752969121140144,0.005128205128205128,,,,,,,,,,,,,,,,,,,,,,,,,,,,
Corynebacterium doosanense,,0.0023752969121140144,,,,,,,,,,,,,,,,0.0625,,,,,,,,,,,,,
Stenotrophomonas sp. MYb57,,0.0023752969121140144,,,0.006756756756756757,,,,,,,,,,,,,,,,0.0625,,,,,,,,,,
Corynebacterium casei,,0.0023752969121140144,,,,0.009009009009009009,,,,,,,,,,,,,,,,,,,,,,,,,
Sanguibacter sp. HDW7,,0.0023752969121140144,,,,,,,,,,,,,,,,,,,,,,,,,,,,,
Acinetobacter sp. ACNIH1,,,0.15897435897435896,0.005555555555555556,0.16216216216216217,,,,0.015151515151515152,,,0.23529411764705882,,0.02702702702702703,,0.4117647058823529,0.058823529411764705,,,0.125,0.0625,,,,,,,,0.07692307692307693,,
Sphingobacterium hotanense,,,0.035897435897435895,,,,,,,,,,,,,,,,,,,,,,,,,,,,
Kosakonia cowanii,,,0.035897435897435895,,,,,,,,0.019230769230769232,,,,,0.17647058823529413,,,,,,,,,,,,,,,
Pantoea dispersa,,,0.035897435897435895,0.03888888888888889,0.02027027027027027,,,,0.015151515151515152,,0.038461538461538464,0.0784313725490196,,,,0.058823529411764705,,,,,0.0625,,,,,,,,0.07692307692307693,,
Bacillus circulans,,,0.035897435897435895,,0.013513513513513514,0.009009009009009009,,,,,,0.0196078431372549,,,,0.058823529411764705,,,,,,,,,,,,,,,
Leclercia sp. W17,,,0.02564102564102564,,0.006756756756756757,,,,,,,,,,,0.058823529411764705,,,,,0.0625,,,,,,,,,,
Leclercia adecarboxylata,,,0.02564102564102564,0.005555555555555556,0.02702702702702703,,,,,,,0.1568627450980392,,,,,,,,,0.125,,,,,,,,,,
Lacrimispora saccharolytica,,,0.02564102564102564,,,,,,,,,0.0392156862745098,,,,0.35294117647058826,,,,,,,,,,,,,,,
Leclercia sp. W6,,,0.02564102564102564,,0.006756756756756757,,,,,,,,,,,0.058823529411764705,,,,,0.0625,,,,,,,,,,
Leclercia sp. J807,,,0.02564102564102564,,0.006756756756756757,,,,,,,,,,,0.11764705882352941,,,,,0.0625,,,,,,,,,,
Enterobacter sp. E76,,,0.020512820512820513,,,,,,,,,0.0196078431372549,,,,0.17647058823529413,,,,,,,,,,,,,,,
Fusarium verticillioides,,,0.020512820512820513,0.011111111111111112,,0.009009009009009009,,,,,,0.0196078431372549,,,,,,,,,,,,,,,,,,,
Pseudomonas luteola,,,0.020512820512820513,,0.02702702702702703,0.018018018018018018,,,0.045454545454545456,,,0.0196078431372549,,,,,,,,,,,,,,,,,,,
Collinsella aerofaciens,,,0.015384615384615385,,,0.009009009009009009,,,,,,,,,,,,,,,,,,,0.07142857142857142,,,,,,
Pseudescherichia vulneris,,,0.015384615384615385,,0.02702702702702703,0.009009009009009009,,,0.045454545454545456,,,0.1568627450980392,,,,0.29411764705882354,,,,0.0625,0.25,,,,,,,,,,
Pseudomonas fulva,,,0.015384615384615385,,,,,,,,,,,,,,,,,,,,,,,,,,0.07692307692307693,,
Pseudomonas sp. R2A2,,,0.015384615384615385,,0.013513513513513514,,,,,,,0.0392156862745098,,,,0.11764705882352941,,,,,,,,,,,,,,,
Pseudomonas sp. THAF7b,,,0.015384615384615385,,0.006756756756756757,,,,,,,,,,,0.11764705882352941,,,,,,,,,,,,,,,
Plautia stali symbiont,,,0.015384615384615385,,0.006756756756756757,,,,,,,0.0196078431372549,,,,0.058823529411764705,,,,,,,,,,,,,,,
Sporisorium graminicola,,,0.015384615384615385,,,0.009009009009009009,,0.013513513513513514,,,0.019230769230769232,,,,,,,,,,,,,,,,,,,,
Acinetobacter sp. TTH0-4,,,0.010256410256410256,,0.006756756756756757,,,,,,,0.0196078431372549,,,,,,,,,0.0625,,,,,,,,,,
Sphingomonas sp. LK11,,,0.010256410256410256,0.005555555555555556,0.013513513513513514,,,,,,,0.0196078431372549,,,,,,,,,,,,,,,,,,,
Pseudomonas sp. LTJR-52,,,0.010256410256410256,,0.02027027027027027,,,,0.045454545454545456,,,0.0196078431372549,,,,,,,,,,,,,,,,,,,
Exiguobacterium mexicanum,,,0.010256410256410256,,,,,,,,,,,,,,,,,,,,,,,,,0.07142857142857142,,,
Stigmatella aurantiaca,,,0.010256410256410256,0.005555555555555556,,,,,,,,,,,,,,,,,,,,,,,,,,,
Lysinibacillus varians,,,0.010256410256410256,,,,,,,,,,,,,,,,,,,,,,,,,,,,
Pantoea vagans,,,0.010256410256410256,,0.02027027027027027,0.018018018018018018,,,0.07575757575757576,,,0.09803921568627451,,,,0.17647058823529413,,,,,0.3125,,,,,,,,0.3076923076923077,,
Kosakonia sp. CCTCC M2018092,,,0.010256410256410256,,,,,,,,,,,,,0.058823529411764705,,,,,,,,,,,,,,,
Paeniclostridium sordellii,,,0.010256410256410256,,,,,,,,,,,,,,,,,,,,,,,,,,,,
Oscillibacter valericigenes,,,0.010256410256410256,,,,,,,,,,,,,,,,,,,,,,,,,,,,
Citrobacter werkmanii,,,0.010256410256410256,,,,,,,,,,,,,,,,,,,,,,,,,,,,
Cronobacter sakazakii,,,0.010256410256410256,,,,,,,,,,,,,,,,,,,,,,,,,,,,
Enterobacter bugandensis,,,0.010256410256410256,,,,,,,,,0.0196078431372549,,,,,,,,,,,,,,,,,,,
Vagococcus teuberi,,,0.010256410256410256,,,0.018018018018018018,,,,,,,,,,,,,,,,,,,,,,,,,
Stenotrophomonas sp. Pemsol,,,0.010256410256410256,,,,,,,,,,,,,0.058823529411764705,,,,,,,,,,,,,,,
Bifidobacterium longum,,,0.010256410256410256,,,,,,,,0.019230769230769232,,,,,,,,,,,,,,0.07142857142857142,,,,,,
Methylobacterium aquaticum,,,0.010256410256410256,,,0.009009009009009009,,,,,0.019230769230769232,,,,,,,,,,,,,,,,,,,,
Methylobacterium currus,,,0.010256410256410256,0.005555555555555556,,,,,,,0.019230769230769232,,,,,,,,,,,,,,,,,,,,
Stenotrophomonas sp. pho,,,0.010256410256410256,,,,,,,,,,,,,0.058823529411764705,,,,,,,,,,,,,,,
Corynebacterium maris,,,0.005128205128205128,,,,,,0.030303030303030304,,,,0.023255813953488372,,,,,,,,,,,,,,,,,,
Corynebacterium riegelii,,,0.005128205128205128,,,,,,,,,,,,,,,,,,,,,,,,,,,,
Microbacterium sp. ABRD_28,,,0.005128205128205128,,,,,,,,,,,,,,,,,,,,,,,,,,,,
Saccharopolyspora sp. ASAGF58,,,0.005128205128205128,,,,,,,,,,,,,,,,,,,,,,,,,,,,
Saccharopolyspora erythraea,,,0.005128205128205128,,,,,,,,,,,,,,,,,,,,,,,,,,,,
Bacteroides fragilis,,,0.005128205128205128,,,,,,,,,,,,,,,,0.0625,,,,,,,,,0.14285714285714285,,,
Flavobacterium anhuiense,,,0.005128205128205128,,,,,,,,,,,,,,,,,,,,,,,,,,,,
Microbacterium sp. SGAir0570,,,0.005128205128205128,,,,,,,,,,,,,,,,,,,,,,,,,,,,
Lactobacillus delbrueckii,,,0.005128205128205128,,,,,0.013513513513513514,,,,,,,,,,,,,,,,,,,,,,,
Lactobacillus pentosus,,,0.005128205128205128,,,,,,,,,,,,,,,,,,,,,,,,,,,,
Lactobacillus plantarum,,,0.005128205128205128,,,0.009009009009009009,,,,,,,,,,,,,,,,,,,,,,,,,
Lactobacillus dextrinicus,,,0.005128205128205128,,,,,,,,,,,,,,,,,,,,,,,,,,,,
Rubrobacter xylanophilus,,,0.005128205128205128,0.011111111111111112,,,,,,,,,,,,,,,,,,,,,,,,,,,
Weissella confusa,,,0.005128205128205128,,0.02027027027027027,,,,,,,,,,,,,,,,,,,,,,,,,,
Weissella paramesenteroides,,,0.005128205128205128,,,,,,,,,,,,,,,,,,,,,,,,,,,,
Olsenella sp. oral taxon 807,,,0.005128205128205128,,,,,,,,,,,,,,,,,,,,,,,,,,,,
Microbacterium sediminis,,,0.005128205128205128,,,,,,0.015151515151515152,,,,,,,,,,,,,,,,,,,,,,
Curtobacterium sp. SGAir0471,,,0.005128205128205128,,,,,0.013513513513513514,,,0.019230769230769232,,,,,,,,,,,,,,,0.07142857142857142,,,,,
Actinoplanes missouriensis,,,0.005128205128205128,,,,,,,,,,,,,,,,,,,,,,,,,,,,
Cloacibacterium normanense,,,0.005128205128205128,,,,,,0.030303030303030304,,,,,,,,,,,,,,,,,,,,,,
Hymenobacter sp. BT18,,,0.005128205128205128,,,0.018018018018018018,,,,,,,,,,,,,,,,,,,,,,,,,
Corynebacterium xerosis,,,0.005128205128205128,0.016666666666666666,,,,,,,0.038461538461538464,,,,,,,,0.0625,0.0625,,,,,,,,,,,
Gordonia sp. 1D,,,0.005128205128205128,,,,,,,,,,,,,,,,,,,,,,,,,,,,
Pichia kudriavzevii,,,0.005128205128205128,,,,,,,,,,,,,,,,,,,,,,,,,,,,
Sphingobacterium thalpophilum,,,0.005128205128205128,,,,,,,,,,,,,,,,,,,,,,,,,,,,
Nocardioides sp. HDW12B,,,0.005128205128205128,,,,,,,,,,,,,,,,0.0625,,,,,,,,,,,,
Fusarium oxysporum,,,0.005128205128205128,,,,,,,,,0.0196078431372549,,,,,,,,,,,,,,,,,,,
Sebaldella termitidis,,,0.005128205128205128,,,,,,,,,,,,,,,,,,,,,,,,,,,,
Microbacterium paludicola,,,0.005128205128205128,,,,,,,,,,,,,,,,,,,,,,,,,,,,
Diaphorobacter sp. HDW4A,,,0.005128205128205128,,,,,,,,,,,,,,,,,,,,,,,,,,,,
Gammaproteobacteria bacterium ESL0073,,,0.005128205128205128,,,,,,,,,,,,,,,,,,,,,,,,,,,,
Pseudomonas sp. QZS01,,,0.005128205128205128,,,,,,,,,,,,,,,,,,,,,,,,,,,,
Pseudomonas tolaasii,,,0.005128205128205128,,,,,,,,,,0.16279069767441862,0.02702702702702703,,,,,,,,,,,,0.07142857142857142,,,,,0.08333333333333333
Stenotrophomonas sp. ZAC14D2_NAIMI4_7,,,0.005128205128205128,,,,,,,,,,,,,,,,,,,,,,,,,,,,
Stenotrophomonas sp. YAU14D1_LEIMI4_1,,,0.005128205128205128,,,,,,,,,,,,,,,,,,,,,,,,,,,,
Stenotrophomonas sp. ZAC14D2_NAIMI4_6,,,0.005128205128205128,,,,,,,,,,,,,,,,,,,,,,,,,,,,
Xanthomonas albilineans,,,0.005128205128205128,,,,,,,,,,,,,,,,,,,,,,,,,,,,
Xanthomonas cassavae,,,0.005128205128205128,,,,,,,,,,,,,,,,,,,,,,,,,,,,
Luteimonas sp. Gr-4,,,0.005128205128205128,,,,,,,,,,,,,,,,,,,,,,,,,,,,
Aerosticca soli,,,0.005128205128205128,,,,,0.013513513513513514,,,,,,,,,,,,,,,,,,,,,,,
Shewanella sp. ANA-3,,,0.005128205128205128,,,,,,,,,,,,,,,,,,,,,,,,,,,,
Shewanella putrefaciens,,,0.005128205128205128,,0.006756756756756757,,,,,,,,,,,,,,,,,,,,,,,,,,
Shewanella decolorationis,,,0.005128205128205128,,,,,,,,,,,,,,,,,,,,,,,,,,,,
Pseudoalteromonas haloplanktis,,,0.005128205128205128,,,,,,,,,,,,,,,,,,,,,,,,,,,,
Pseudoalteromonas nigrifaciens,,,0.005128205128205128,,,,,,,,,,,,,,,,,,,,,,,,,,,,
Halomonas sp. PGE1,,,0.005128205128205128,,,,,,,,,,,,,,,,,,,,,,,,,,,,
Halomonas hydrothermalis,,,0.005128205128205128,0.011111111111111112,,,,,,,,,,,,,,,,,,,,0.06666666666666667,,,,,,,
Aeromonas caviae,,,0.005128205128205128,,,,,,,,,,,,,,,,,,,,,,,,,,,,
Acinetobacter soli,,,0.005128205128205128,,0.02027027027027027,,,,,,,,,,,,,,,,,,,,,,,,,,
Leclercia sp. LSNIH1,,,0.005128205128205128,,0.006756756756756757,,,,,,,,,,,0.058823529411764705,,,,,0.0625,,,,,,,,,,
Enterobacter sp. SA187,,,0.005128205128205128,,0.006756756756756757,,,,,,,0.0392156862745098,,,,,,,,,0.0625,,,,,,,,,,
Enterobacter cancerogenus,,,0.005128205128205128,,,,,,,,,0.0196078431372549,,,,,,,,,,,,,,,,,,,
Enterobacter cloacae complex sp.,,,0.005128205128205128,,,,,,,,,0.0196078431372549,,,,,,,,,,,,,,,,,,,
Enterobacter oligotrophica,,,0.005128205128205128,,,,,,,,,0.0196078431372549,,,,,,,,,,,,,,,,,,,
Cronobacter dublinensis,,,0.005128205128205128,,,,,,,,,,,,,,,,,,,,,,,,,,,,
Cronobacter condimenti,,,0.005128205128205128,,,,,,,,,,,,,,,,,,,,,,,,,,,,
Cronobacter turicensis,,,0.005128205128205128,,0.006756756756756757,,,,,,,0.0196078431372549,,,,,,,,,,,,,,,,,,,
Cronobacter universalis,,,0.005128205128205128,,,,,,,,,,,,,,,,,,,,,,,,,,,,
Klebsiella sp. FDAARGOS_511,,,0.005128205128205128,,,,,,,,,,,,,,,,,,,,,,,,,,,,
Citrobacter koseri,,,0.005128205128205128,,,,,,,,,,,,,,,,,,,,,,,,,,,,
Leclercia sp. 1106151,,,0.005128205128205128,,0.006756756756756757,,,,,,,,,,,0.058823529411764705,,,,,0.0625,,,,,,,,,,
Acinetobacter bereziniae,,,0.005128205128205128,,,,,,,,,,,,0.027777777777777776,0.058823529411764705,,,,,,,,,,,,,,,
Pluralibacter gergoviae,,,0.005128205128205128,0.011111111111111112,,,,0.013513513513513514,,,,,,,,,,,,,,,,,,,,,,,
Cedecea neteri,,,0.005128205128205128,,,,,,,,,,,,,,,,,,,,,,,,,,,,
Serratia marcescens,,,0.005128205128205128,,,,,,,,,,,,,,,,,,,,,,,,,,,,
Acinetobacter sp. ACNIH2,,,0.005128205128205128,,,,,,,,,,,,,,,,,,,,,,,,,,,,
Acinetobacter nosocomialis,,,0.005128205128205128,,0.060810810810810814,0.009009009009009009,,,,,0.038461538461538464,,,,,,,,,,,,,,,,,,,,
Acinetobacter tandoii,,,0.005128205128205128,,,,,,,,,,,,,,,,,,,,,,,,,,,,
Anaerobutyricum hallii,,,0.005128205128205128,,,,,,,,,,,,,,,,,,,,,,,,,,,,
Desulfitobacterium hafniense,,,0.005128205128205128,,,,,,,,,,,,,0.058823529411764705,,,,,,,,,,,,,,,
Paraclostridium bifermentans,,,0.005128205128205128,,,,,,,,,,,,,,,,,,,,,,,,,,,,
Bacillus megaterium,,,0.005128205128205128,,,,,,0.030303030303030304,,,,,,,,,,,,,,,,,,,,,,
Bacillus flexus,,,0.005128205128205128,,,,,,0.030303030303030304,,,,,,,,,,,,,,,,,,,,,,
Lysinibacillus sp. SGAir0095,,,0.005128205128205128,,,,,,,,,,,,,,,,,,,,,,,,,,,,
Lysinibacillus sp. 2017,,,0.005128205128205128,,,,,,,,,,,,,,,,,,,,,,,,,,,,
Oceanobacillus kimchii,,,0.005128205128205128,,,,,,,,,,,,,,,,,,,,,,,,,,,,
Exiguobacterium sp. MH3,,,0.005128205128205128,,,,,,,,,0.0196078431372549,,,,,,,,,,,,,,,,,,,
Exiguobacterium sp. AT1b,,,0.005128205128205128,,,,,,,,,,,,,,,,,,,,,,,,,,,,
Solibacillus silvestris,,,0.005128205128205128,,,,,,0.030303030303030304,,,,,,,,,,,,,,,,,,,,,,
Solibacillus sp. R5-41,,,0.005128205128205128,,,,,,,,,,,,,,,,,,,,,,,,,,,,
Rummeliibacillus stabekisii,,,0.005128205128205128,,,,,,,,,,,,,,,,,,0.0625,,,,,,,,,,
Kurthia sp. 11kri321,,,0.005128205128205128,,,,,,,,,,,,,,,,,,,,,,,,,,,,
Staphylococcus arlettae,,,0.005128205128205128,,,,,,,,,,,,,,,,,,,,,,,,,,,,
Staphylococcus nepalensis,,,0.005128205128205128,,,,,,,,,,,,,,,,,,,,,,,,,,,,
Jeotgalicoccus saudimassiliensis,,,0.005128205128205128,,,,,,,,,,,,,,,,,,,,,,,,,,,,
Blautia sp. SC05B48,,,0.005128205128205128,,,,,,,,,,,,,,,,,,,,,,,,,,,,
Clostridium perfringens,,,0.005128205128205128,,0.006756756756756757,,,,,,,0.0196078431372549,,,,0.058823529411764705,,,,,,,,,,,,,,,
Azospirillum humicireducens,,,0.005128205128205128,,,,,,,,,,,,,,,,,,,,,,,,,,,,
Rhizobium sp. TCK,,,0.005128205128205128,,,,,,,,,,,,,0.058823529411764705,,,,,,,,,,,,,,,
Agrobacterium larrymoorei,,,0.005128205128205128,,,,,,,,,,,,,,,,,,,,,,,,,,,,
Methylobacterium sp. C1,,,0.005128205128205128,0.05555555555555555,0.013513513513513514,,,0.013513513513513514,,,,,,,,,,,,,,,,,,,,,,0.07692307692307693,
Azospirillum brasilense,,,0.005128205128205128,,,,,,,,,0.0196078431372549,,,,0.058823529411764705,,,,,,,,,,,,,,,
Azospirillum sp. M2T2B2,,,0.005128205128205128,,,,,,,,,,,,,,,,,,,,,,,,,,,,
Azospirillum sp. TSA2s,,,0.005128205128205128,,,,,,,,,,,,,,,,,,,,,,,,,,,,
Azospirillum sp. TSH100,,,0.005128205128205128,,,,,,,,,,,,,,,,,,,,,,,,,,,,
Azospirillum lipoferum,,,0.005128205128205128,,,,,,,,,,,,,,,,,,,,,,,,,,,,
Azospirillum thiophilum,,,0.005128205128205128,,,,,,,,,,,,,,,,,,,,,,,,,,,,
Diaphorobacter sp. HDW4B,,,0.005128205128205128,,,,,,,,,,,,,,,,,,,,,,,,,,,,
Alcaligenes faecalis,,,0.005128205128205128,,,,,,,,,,,,,,,,,,,,,,,,,,,,
Limnobacter sp. SAORIC-580,,,0.005128205128205128,,,,,,,,,,,,,,,,,,,,,,,,,,,,
Xanthomonas virus Xc10,,,0.005128205128205128,,,,,,,,,,,,,,,,,,,,,,,,,,,,
Bradyrhizobium guangzhouense,,,,0.06111111111111111,0.02027027027027027,,,,,,0.038461538461538464,,,,,,,,,,,,,,,,,,,,
Methylorubrum extorquens,,,,0.03333333333333333,0.006756756756756757,0.018018018018018018,,0.013513513513513514,,0.016666666666666666,0.038461538461538464,,0.023255813953488372,,,,,,,,,,,,,,,,,,
Bradyrhizobium guangdongense,,,,0.027777777777777776,0.02027027027027027,,,,,,0.019230769230769232,,,,,,,,,,,,,,,,,,,,
Rhodopseudomonas palustris,,,,0.022222222222222223,0.02027027027027027,,,,,,0.019230769230769232,,0.16279069767441862,,,,,,,,,,,,,,,,,,
Bradyrhizobium sp. ORS 3257,,,,0.022222222222222223,0.02027027027027027,,,,,,0.019230769230769232,,,,,,,,,,,,,,,,,,,,
Klebsiella quasipneumoniae,,,,0.022222222222222223,,,,0.02702702702702703,,,0.038461538461538464,,,,,0.058823529411764705,,,,,,,,,,,,,,,
Mycobacteroides abscessus,,,,0.016666666666666666,,,,,,,,,,,,,,,,,,,,,,,,,,,
Bradyrhizobium symbiodeficiens,,,,0.016666666666666666,0.02027027027027027,,,,,,0.019230769230769232,,,,,,,,,,,,,,,,,,,,
Stenotrophomonas sp. ASS1,,,,0.016666666666666666,,,,,,,,0.0392156862745098,,,,,,,,,,,,,,,,,,,
Pseudomonas psychrotolerans,,,,0.016666666666666666,,,,,,,,0.058823529411764705,,,,,,,,,,,,,,,,,,,
Sphingomonas melonis,,,,0.016666666666666666,0.013513513513513514,0.009009009009009009,,,,,,0.0196078431372549,,,,,,,,,,,,,,,,,0.07692307692307693,,
Salinicola tamaricis,,,,0.011111111111111112,,,,0.02702702702702703,,,0.019230769230769232,,,,,,,,,,,,,,,,,,,,
Pseudomonas marincola,,,,0.011111111111111112,,,,,,,,,,,,,,,,,,,,,,,,,,,
Bradyrhizobium japonicum,,,,0.011111111111111112,0.02027027027027027,,,,,,0.019230769230769232,,,,,,,,,,,,,,,,,,,,
Akkermansia muciniphila,,,,0.005555555555555556,,,,,,,,,,,,,,,,,,,,,,,,,,,
Tannerella sp. oral taxon HOT-286,,,,0.005555555555555556,,,0.010416666666666666,,,,,,,,,,,,,,,,,,,,,,,,
Prevotella intermedia,,,,0.005555555555555556,,,,0.013513513513513514,,,,,,,,,,,,,,,,,,,,,,,
Bacteroides dorei,,,,0.005555555555555556,,,,,,,,,,,,,,,,,,,,,,,,,,,
Spirosoma sp. CJU-R4,,,,0.005555555555555556,,,,,,,,,,,,,,,,,,,,,,,,,,,
Pseudomonas sp. BJP69,,,,0.005555555555555556,,,,,,,,0.058823529411764705,,,,,,,,,,,,,,,,,,,
Sugiyamaella lignohabitans,,,,0.005555555555555556,,,,,,,,,,,,,,,,,,,,,,,,,,,
Sphingomonas sp. NIC1,,,,0.005555555555555556,0.013513513513513514,,,,,,,0.0196078431372549,,,,,,,,,,,,,,,,,0.07692307692307693,,
Kluyvera sp. PO2S7,,,,0.005555555555555556,,,,0.02702702702702703,,,0.038461538461538464,,,,,,,,,,,,,,,,,,,,
Kluyvera intermedia,,,,0.005555555555555556,,,,,,,,,,,,,,,,,,,,,,,,,,,
Oligella urethralis,,,,0.005555555555555556,,,,,,,,,,,,,,,,,,,,,,,,,,,
Pyricularia grisea,,,,0.005555555555555556,,,,,,,,,,,,,,,,,,,,,,,,,,,
Thermomonas sp. SY21,,,,0.005555555555555556,,,,,,,,,,,,,,,,,,,,,,,,,,,
Flavonifractor plautii,,,,0.005555555555555556,,,,,,,,,,,,,,,,,,,,,,,,,,,
Aeromonas hydrophila,,,,0.005555555555555556,0.006756756756756757,,,,,,,,,,,,,,,,,,,,,,,,,,
Aeromonas media,,,,0.005555555555555556,0.013513513513513514,,,,,,,,,,,,,,,,,,,,,,,,,,
Haemophilus influenzae,,,,0.005555555555555556,,0.009009009009009009,,0.013513513513513514,,,,,,,,,,,,,,,,,,,,,,,
Lactobacillus amylovorus,,,,0.005555555555555556,,,,0.013513513513513514,,,,,,,,,,,,,,,0.0625,,,,,,,,
Pasteurella multocida,,,,0.005555555555555556,,,,,,,,,,0.21621621621621623,,,,,,,,,,,,,,,,,
Bradyrhizobium sp. CCGE-LA001,,,,0.005555555555555556,0.02027027027027027,,,,,,,,,,,,,,,,,,,,,,,,,,
Leuconostoc carnosum,,,,0.005555555555555556,,,,,,,0.019230769230769232,,,,,,,,,,,,,,,,,,,,
Thauera humireducens,,,,0.005555555555555556,,,,,,,,,,,,,,,,,,,,,,,,,,,
Nocardia nova,,,,0.005555555555555556,,,,,,,,,,,,,,,,,,,,,,,,,,,
Atopobium parvulum,,,,0.005555555555555556,,,,,,,,,,,,,,,,,,,,,,,,,,,
Kineococcus radiotolerans,,,,0.005555555555555556,,,,,,,,,,,,,,,,,,,,,,,,,,,
Pseudomonas koreensis,,,,0.005555555555555556,,,,,,,,,,,,,,,,,0.0625,,,,,,,,0.07692307692307693,,
Pseudomonas agarici,,,,0.005555555555555556,,,,,,,,,,,,,,,,,,,,,,,,,,,
Pseudomonas simiae,,,,0.005555555555555556,,,,,,,,,,,,,,,,,,,,,,,,,,,
Thauera sp. K11,,,,0.005555555555555556,,,,,,,,,,,,,,,,,,,,,,,,,,,
Micropruina glycogenica,,,,0.005555555555555556,,,,,,,,,,,,,,,,,,,,,,,,,,,
Thauera sp. MZ1T,,,,0.005555555555555556,,,,,,,,,,,,,,,,,,,,,,,,,,,
Thauera chlorobenzoica,,,,0.005555555555555556,,,,,,,,,,,,,,,,,,,,,,,,,,,
Acinetobacter sp. NEB149,,,,,0.13513513513513514,0.009009009009009009,0.020833333333333332,,,,,0.21568627450980393,,0.13513513513513514,0.027777777777777776,,0.058823529411764705,,,,0.0625,,,,,,,,0.07692307692307693,,
Acinetobacter pittii,,,,,0.08108108108108109,,0.010416666666666666,,0.18181818181818182,,,0.09803921568627451,,,0.027777777777777776,,,,,,,,,,,,,,,,
Corynebacterium imitans,,,,,0.0472972972972973,,,,,,,,,,,,,,,,,,,,0.07142857142857142,,,,,,
Corynebacterium urealyticum,,,,,0.02702702702702703,,,0.013513513513513514,,,,,,,,,,,,,,,,,,,,,,,
Leclercia sp. 119287,,,,,0.013513513513513514,,,,,,,0.0196078431372549,,,,,,,,,0.0625,,,,,,,,,,
Bradyrhizobium amphicarpaeae,,,,,0.013513513513513514,,,,,,,,,,,,,,,,,,,,,,,,,,
Pseudomonas litoralis,,,,,0.013513513513513514,,,,,,,,,,,,,,,,,,,,,,,,,,
Pseudomonas sihuiensis,,,,,0.013513513513513514,,0.010416666666666666,,,,,,,,,,,,,,,,,,,,,,,,
Raoultella electrica,,,,,0.006756756756756757,,,,,,,,,,,,,,,,,,,,,,,,,,
Corynebacterium sp. ATCC 6931,,,,,0.006756756756756757,,,,,,,,,,,,,,,,,,,,,,,,,,
Pantoea sp. SO10,,,,,0.006756756756756757,,,,,,,0.0392156862745098,,,,,,,,,0.1875,,,,,,,,0.23076923076923078,,
Pseudomonas alcaliphila,,,,,0.006756756756756757,,0.010416666666666666,,,,,,,,,,,,,,,,,,,,,,,,
Pseudomonas sp. LAB-08,,,,,0.006756756756756757,,,,,,,,,,,,,,,,,,,,,,,,,,
Serratia rubidaea,,,,,0.006756756756756757,,,,,,,,,,,,,,0.0625,,,,,,,,,,,,
Dictyostelium discoideum,,,,,0.006756756756756757,,,,,,,,,,,,,,,,,,,,,,,,,,
Pseudomonas sp. 02C 26,,,,,0.006756756756756757,0.009009009009009009,,,,,,,,,,,,,,,0.125,,,,,,,,,,
Bifidobacterium pseudocatenulatum,,,,,0.006756756756756757,,,,,,,,,,,,,,,,,,,,0.07142857142857142,,,,,,
Leuconostoc suionicum,,,,,0.006756756756756757,,,,,,,,,,,,,,,,,,,,,,,,,,
Pseudomonas fragi,,,,,0.006756756756756757,0.02702702702702703,,,,,,,,0.02702702702702703,,,,,,,,,,,,,,,,,
Leclercia sp. 29361,,,,,0.006756756756756757,,,,,,,0.058823529411764705,,,,,,,,,0.1875,,,,,,,,0.07692307692307693,,
Acinetobacter gyllenbergii,,,,,0.006756756756756757,,0.010416666666666666,,,,,,,,,,,,,,,,,,,,,,,,
Nissabacter sp. SGAir0207,,,,,0.006756756756756757,,,,,,,,,,,0.058823529411764705,,,,,,,,,,,,,,,
Wolbachia endosymbiont of Ctenocephalides felis,,,,,0.006756756756756757,,,,,,,,,,,,,,,,,,,,,,,,,,
Sphingomonas paucimobilis,,,,,0.006756756756756757,,,,,,,0.0196078431372549,,,,,,,,,,,,,,,,,,,
Aeromonas veronii,,,,,0.006756756756756757,,,,,,,,,,,,,,,,,,,,,,,,,,
Sphingomonas sp. LM7,,,,,0.006756756756756757,,,,,,,,,,,,,,,,,,,,,,,,,,
Aeromonas salmonicida,,,,,0.006756756756756757,,,,,,,,,,,,,,,,,,,,,,,,,,
Paracoccus aminovorans,,,,,0.006756756756756757,,,0.02702702702702703,,,,,,,,,,,,,,,,,,,,,,,
Bradyrhizobium guangxiense,,,,,0.006756756756756757,,,,,,,,,,,,,,,,,,,,,,,,,,
Shewanella sp. FDAARGOS_354,,,,,0.006756756756756757,0.009009009009009009,,,,,,,,,,,,0.0625,,,,,,0.06666666666666667,,,,,,,
Acinetobacter oleivorans,,,,,0.006756756756756757,,,,,,,,,,,,,,,,,,,,,,,,,,
Acinetobacter sp. WCHA55,,,,,0.006756756756756757,0.009009009009009009,0.020833333333333332,,,,,,,,,,,,,,,,,,,,,,,,
Paenibacillus sp. FSL R5-0345,,,,,0.006756756756756757,,,,,,,,,,,,,,,,,,,,,,,,0.07692307692307693,,
Mitsuaria sp. 7,,,,,0.006756756756756757,,,,,,,,,,,,,,,,,,,,,,,,,,
Pseudomonas sp. LPH1,,,,,0.006756756756756757,,0.010416666666666666,,,,,,,,,,,,,,,,,,,,,,,,
Nostoc sphaeroides,,,,,,0.036036036036036036,,,,,,,,,,,,,,,,,,,,,,,,,
Nostoc flagelliforme,,,,,,0.036036036036036036,,,0.015151515151515152,,,,,,,,,,,,,,,,,,,,,,
Gemella haemolysans,,,,,,0.018018018018018018,,,0.015151515151515152,,,,,,,,,,,,,,,,,,,,,,
Nostoc sp. 'Peltigera membranacea cyanobiont' N6,,,,,,0.018018018018018018,,,,,,,,,,,,,,,,,,,,,,,,,
Hymenobacter swuensis,,,,,,0.018018018018018018,,,,,,,,,,,,,,,,,,,,,,,,,
Hymenobacter sp. BT182,,,,,,0.018018018018018018,,,,,,,,,,,,,,,,,,,,,,,,,
Hymenobacter sp. DG25B,,,,,,0.018018018018018018,,,,,,,,,,,,,,,,,,,,,,,,,
Sphingomonas insulae,,,,,,0.018018018018018018,,,,,0.019230769230769232,0.0196078431372549,,,,,,,,,,,,,,,,,0.07692307692307693,,
Rickettsia bellii,,,,,,0.009009009009009009,,,,,,,,,,,,,,,,,,,,,,,,,
Actinomyces radicidentis,,,,,,0.009009009009009009,,0.02702702702702703,,,0.038461538461538464,,,,,,,,,,,,,,,,,,,,
Pseudomonas sp. Lz4W,,,,,,0.009009009009009009,,,,,,,,,,,,,,,,,,,,,,,,,
Nostoc sp. 'Lobaria pulmonaria (5183) cyanobiont',,,,,,0.009009009009009009,,,,,,,,,,,,,,,,,,,,,,,,,
Fusobacterium nucleatum,,,,,,0.009009009009009009,,,,,,,,,,,,,,,,,,,,,,,,,
Candida dubliniensis,,,,,,0.009009009009009009,,,,,,,,,,,,,,,,,,,,,,,,,
Bifidobacterium adolescentis,,,,,,0.009009009009009009,,,,,0.019230769230769232,,,,,,,,,,,,,,0.07142857142857142,,,,,,
Bifidobacterium bifidum,,,,,,0.009009009009009009,,,,,,,,,,,,,,,,,,,,,,,,,
Hymenobacter sp. TS19,,,,,,0.009009009009009009,,,,,,,,,,,,,,,,,,,,,,,,,
Pseudomonas versuta,,,,,,0.009009009009009009,,,,,,,,,,,,,,,,,,,,,,,,,
Pseudomonas plecoglossicida,,,,,,0.009009009009009009,,,,,,,,,,,,,,,,,,,,,,,,,
Psychrobacter sp. PRwf-1,,,,,,0.009009009009009009,,,,,,,,,,,,,,,,,,,,,,,,,
Pectobacterium brasiliense,,,,,,0.009009009009009009,,,,,,,,,,,,,,,,,,,,,,,,,
Anaerococcus prevotii,,,,,,0.009009009009009009,,,,,,,,,,,,,,,,,,,,,,,,,
Peptoniphilus harei,,,,,,0.009009009009009009,,,,,,,,,,,,,,,,,,,,,,,,,
Lactobacillus curvatus,,,,,,0.009009009009009009,,,,,,,,,,,,,,,,,,,,,,,,,
Lactobacillus sakei,,,,,,0.009009009009009009,,,,,,,,,,,,,,,,,,,,,,,,,
Streptococcus sp. 116-D4,,,,,,0.009009009009009009,,,,,,,,,,,,,,,,,,,,,,,,,
Staphylococcus auricularis,,,,,,0.009009009009009009,,,,,,,,,,,,,,,,,,,,,,,,,
Staphylococcus succinus,,,,,,0.009009009009009009,,,,,,,,,,,,,,,,,,,,,,,,,
Acinetobacter sp. WCHA45,,,,,,,0.4583333333333333,,,,,,,,,,,,,,,,,,,,,,,,
Xanthomonas citri,,,,,,,0.17708333333333334,,,,,,,,,,,,,,,,,,,,,,,,
Acinetobacter wuhouensis,,,,,,,0.10416666666666667,,,,,,,,,,,,,,,,,,,,,,,,
Polynucleobacter necessarius,,,,,,,0.08333333333333333,,,,,,,,,,,,,,,,,,,,,,,,
Bacillus sp. BD59S,,,,,,,0.07291666666666667,,,,,,,,,,,,,,,,,,,,,,,,
Neisseria gonorrhoeae,,,,,,,0.07291666666666667,,,,,,,,,,,,,,,,,,,,,,,,
Burkholderia dolosa,,,,,,,0.052083333333333336,,,,,,,,,,,,,,,,,,,,,,,,
Komagataeibacter rhaeticus,,,,,,,0.03125,,,,,,,,,,,,,,,,,,,,,,,,
Ralstonia solanacearum,,,,,,,0.03125,,,,,,,,,,,,,,,,,,,,,,,,
Cryptococcus neoformans,,,,,,,0.020833333333333332,,,,,,,,,,,,,,,,,,,,,,,,
Streptomyces sp. ICC4,,,,,,,0.020833333333333332,,,,,,,,,,,,,,,,,,,,,,,,
Odoribacter splanchnicus,,,,,,,0.010416666666666666,,,,,,,,,,,,,,,,,,,,,,,,
Barnesiella viscericola,,,,,,,0.010416666666666666,,,,,,,,,,,,,,,,,,,,,,,,
Leptotrichia wadei,,,,,,,0.010416666666666666,,,,,,,,,,,,,,,,,,,,,,,,
Staphylococcus equorum,,,,,,,0.010416666666666666,,,,,,,,,,,,,,,,,,,,,,,,
Lawsonella clevelandensis,,,,,,,0.010416666666666666,,,,,,,,,,,,,,,,,,,,,,,,
Acinetobacter dispersus,,,,,,,0.010416666666666666,,,,,,,,,,,,,,,,,,,,,,,,
Lactobacillus nagelii,,,,,,,0.010416666666666666,,,,,,,,,,,,,,,,,,,,,,,,
Megamonas hypermegale,,,,,,,0.010416666666666666,,,,,,,,,,,,,,,,,,,,,,,,
Paracoccus denitrificans,,,,,,,,0.02702702702702703,,,,,,,,,,,,,,,,,,,,,,,
Paracoccus pantotrophus,,,,,,,,0.02702702702702703,,,,,,,,,,,,,,,,,,,,,,,
Fusobacterium pseudoperiodonticum,,,,,,,,0.013513513513513514,,,,,,,,,,,,,,,,,,,,,,,
Prevotella sp. oral taxon 299,,,,,,,,0.013513513513513514,,,,,,,,,,,,,,,,,,,,,,,
Zymobacter palmae,,,,,,,,0.013513513513513514,,,,,,,,,,,,,,,,,,,,,,,
Ustilago maydis,,,,,,,,0.013513513513513514,,,0.019230769230769232,,,0.02702702702702703,,,,,,,,,,,,,,,,,
Corynebacterium argentoratense,,,,,,,,0.013513513513513514,,,,,,,,,,,,,,,,,,,,,,,
Lactobacillus agilis,,,,,,,,0.013513513513513514,,,,,,,,,,,,,,,,,,,,,,,
Lactobacillus vaginalis,,,,,,,,0.013513513513513514,,,,,,,,,,,,,,,,,,,,,,,
Curtobacterium sp. MR_MD2014,,,,,,,,0.013513513513513514,,,0.019230769230769232,,,,,,,,,,,,,,,0.07142857142857142,,,,,
Mycolicibacterium fortuitum,,,,,,,,0.013513513513513514,,,0.019230769230769232,,,,,,,,,,,,,,,,,,,,
Acetobacter orientalis,,,,,,,,0.013513513513513514,,,,,,,,,,,,,,,,,,,,,,0.07692307692307693,
Octadecabacter temperatus,,,,,,,,,0.06060606060606061,,,,,0.2972972972972973,,,,,,,,,,,,,,,,,
Chryseobacterium haifense,,,,,,,,,0.030303030303030304,,,0.0392156862745098,,,,,,,,,,,,,,,,,,,
Glutamicibacter mishrai,,,,,,,,,0.015151515151515152,,,,,,,,,,,,,,,,,,,,,,
Pectobacterium carotovorum,,,,,,,,,0.015151515151515152,,,,,,,0.058823529411764705,,,,,,,,,,,,,,,
Phenylobacterium zucineum,,,,,,,,,0.015151515151515152,,,,,,,,,,,,,,,,,,,,,,
Ramlibacter tataouinensis,,,,,,,,,0.015151515151515152,,,,,,,,,,,,,,,,,,,,,,
Vibrio rumoiensis,,,,,,,,,,,0.038461538461538464,,,,,,,,,,,,,,,,,,,,
Rahnella aquatilis,,,,,,,,,,,0.019230769230769232,,,,,,,,,,0.0625,,,,,,,,,,
Erwinia tasmaniensis,,,,,,,,,,,0.019230769230769232,,,,,,,,,,,,,,,,,,,,
Gluconobacter thailandicus,,,,,,,,,,,0.019230769230769232,,,,,,,,,,,,,,,,,,,,
Methylobacterium nodulans,,,,,,,,,,,0.019230769230769232,,,,,,,,,,,,,,,,,,,,
Gluconobacter oxydans,,,,,,,,,,,0.019230769230769232,,,,,,,,,,,,,,,,,,,,
Chryseobacterium sp. 6424,,,,,,,,,,,,0.058823529411764705,,,,,,,,,,,,,,,,,,,
Flavobacteriaceae bacterium 3519-10,,,,,,,,,,,,0.058823529411764705,,,,,,,,,,,,,,,,,,,
Paenibacillus lautus,,,,,,,,,,,,0.0392156862745098,,,,,,,,,,,,,,,,,,,
Pantoea sp. At-9b,,,,,,,,,,,,0.0392156862745098,,,,,,,,,0.0625,,,,,,,,0.07692307692307693,,
Enterococcus sp. FDAARGOS_375,,,,,,,,,,,,0.0392156862745098,,,,,,,,,,,,,,,,,,,
Exiguobacterium sp. ZWU0009,,,,,,,,,,,,0.0196078431372549,,,,,,,,,,,,,,,,,,,
Exiguobacterium sp. U13-1,,,,,,,,,,,,0.0196078431372549,,,,,,,,,,,,,,,,,,,
Paenibacillus sp. FSL H7-0737,,,,,,,,,,,,0.0196078431372549,,,,,,,,,0.125,,,,,,,,0.15384615384615385,,
Paenibacillus sp. FSL H7-0357,,,,,,,,,,,,0.0196078431372549,,,,,,,,,,,,,,,,,,,
Bacillus altitudinis,,,,,,,,,,,,0.0196078431372549,,,,,,,,,,,,,,,,,,,
Bacillus jeotgali,,,,,,,,,,,,0.0196078431372549,,,,,,,,,,,,,,,,,,,
Neisseria meningitidis,,,,,,,,,,,,0.0196078431372549,,,,,,,,,,,,,,,,,,,
Exiguobacterium acetylicum,,,,,,,,,,,,0.0196078431372549,,,,,,,,,,,,,,,,,,,
Chryseobacterium sp.,,,,,,,,,,,,0.0196078431372549,,,,,,,,,,,,,,,,,,,
Corynebacterium provencense,,,,,,,,,,,,0.0196078431372549,,,,,,,,,,,,,,,,,,,
Enterococcus sp. CR-Ec1,,,,,,,,,,,,0.0196078431372549,,,,,,,,,,,,,,,,,,,
Acinetobacter sp. LoGeW2-3,,,,,,,,,,,,0.0196078431372549,,,,,,,,,,,,,,,,,,,
Acinetobacter sp. NCu2D-2,,,,,,,,,,,,0.0196078431372549,,,,,,,,,,,,,,,,,,,
Acinetobacter sp. dk386,,,,,,,,,,,,0.0196078431372549,,,,,,,,,,,,,,,,,,,
Pseudomonas sp. DG56-2,,,,,,,,,,,,0.0196078431372549,,,,,,,,,,,,,,,,,,,
Pseudomonas cichorii,,,,,,,,,,,,0.0196078431372549,,,,,,,,,0.0625,,,,,,,,,,
Pantoea eucalypti,,,,,,,,,,,,0.0196078431372549,,,,,,,,,0.0625,,,,,,,,0.15384615384615385,,
Pantoea ananatis,,,,,,,,,,,,0.0196078431372549,,,,,,,,,,,,,,,,,0.07692307692307693,,
Enterobacter asburiae,,,,,,,,,,,,0.0196078431372549,,,,,,,,,,,,,,,,,,,
Enterobacter chengduensis,,,,,,,,,,,,0.0196078431372549,,,,,,,,,,,,,,,,,,,
Enterobacter ludwigii,,,,,,,,,,,,0.0196078431372549,,,,,,,,,,,,,,,,,,,
Enterobacter cloacae complex sp. FDA-CDC-AR_0164,,,,,,,,,,,,0.0196078431372549,,,,,,,,,,,,,,,,,,,
Enterobacter soli,,,,,,,,,,,,0.0196078431372549,,,,,,,,,,,,,,,,,,,
Citrobacter freundii,,,,,,,,,,,,0.0196078431372549,,,,,,,,,,,,,,,,,,,
Lelliottia amnigena,,,,,,,,,,,,0.0196078431372549,,,,,,,,,0.0625,,,,,,,,,,
Xanthomonas translucens,,,,,,,,,,,,0.0196078431372549,,,,,,,,,,,,,,,,,,,
Xanthomonas sacchari,,,,,,,,,,,,0.0196078431372549,,,,,,,,,,,,,,,,,,,
Sphingomonas panacis,,,,,,,,,,,,0.0196078431372549,,,,,,,,,,,,,,,,,,,
Sphingomonas hengshuiensis,,,,,,,,,,,,0.0196078431372549,,,,,,,,,,,,,,,,,,,
Sphingobium cloacae,,,,,,,,,,,,0.0196078431372549,,,,,,,,,,,,,,,,,,,
Sphingomonas sp. HKS19,,,,,,,,,,,,0.0196078431372549,,,,,,,,,,,,,,,,,,,
Haemophilus pittmaniae,,,,,,,,,,,,0.0196078431372549,,,,,,,,,,,,,,,,,,,
Neorhizobium galegae,,,,,,,,,,,,0.0196078431372549,,,,,,,,,,,,,,,,,0.07692307692307693,,
Pseudomonas sp. LTGT-11-2Z,,,,,,,,,,,,0.0196078431372549,,,,,,,,,,,,,,,,,,,
Bradyrhizobiaceae bacterium SG-6C,,,,,,,,,,,,,0.046511627906976744,,,,,,,,,,,,,,,,,,
Pseudomonas sp. CFSAN084952,,,,,,,,,,,,,,0.24324324324324326,,,,,,,,,,,,,,,,,
Shewanella baltica,,,,,,,,,,,,,,0.24324324324324326,,,,,,,,,,,,,,,,,
Shewanella sp. WE21,,,,,,,,,,,,,,0.24324324324324326,,,,,,,,,,,,,,,,,
Halomonas sp. JS92-SW72,,,,,,,,,,,,,,0.1891891891891892,,,,,,,,,,,,,,,,,
Agromyces aureus,,,,,,,,,,,,,,0.1891891891891892,,,,,,,,,,,,,,,,,
Plasmodium coatneyi,,,,,,,,,,,,,,0.1891891891891892,,,,,,,,,,,,,,,,,
Pseudomonas lurida,,,,,,,,,,,,,,0.05405405405405406,,,,,,,,,,,,,,,,,
Elizabethkingia anophelis,,,,,,,,,,,,,,0.02702702702702703,,,,,,,,,,,,,,,,,
Pseudomonas sp. CMR5c,,,,,,,,,,,,,,0.02702702702702703,,,,,,,,,,,,,,,,,
Pseudomonas soli,,,,,,,,,,,,,,0.02702702702702703,,,,,,,,,,,,,,,,,
Burkholderia lata,,,,,,,,,,,,,,0.02702702702702703,,,,,,,,,,,,,,,,,
Staphylococcus lugdunensis,,,,,,,,,,,,,,0.02702702702702703,,,,,,,,,,,,,,,,,
Macrococcus sp. IME1552,,,,,,,,,,,,,,0.02702702702702703,,,,,,,,,,,,,,,,,
Phycicoccus sp. HDW14,,,,,,,,,,,,,,,0.027777777777777776,,,,,,,,,0.13333333333333333,,,,,,,
Microbacterium hominis,,,,,,,,,,,,,,,0.027777777777777776,,,,,,,,,0.06666666666666667,,,,,,,
Gilliamella apicola,,,,,,,,,,,,,,,0.027777777777777776,,,,,,,,,,,,,,,,
Massilia plicata,,,,,,,,,,,,,,,0.027777777777777776,,,,,,,,,,,,,,0.07692307692307693,0.07692307692307693,
Streptococcus mutans,,,,,,,,,,,,,,,0.027777777777777776,,,,,,,,,,,,,,,,
Lachnoclostridium phytofermentans,,,,,,,,,,,,,,,,0.11764705882352941,,,,,,,,,,,,,,,
Diaphorobacter sp. JS3050,,,,,,,,,,,,,,,,0.058823529411764705,,,,,,,,,,,,,,,
Diaphorobacter polyhydroxybutyrativorans,,,,,,,,,,,,,,,,0.058823529411764705,,,,,,,,,,,,,,,
Acidovorax sp. JS42,,,,,,,,,,,,,,,,0.058823529411764705,,,,,,,,,,,,,,,
Chryseobacterium gallinarum,,,,,,,,,,,,,,,,0.058823529411764705,,,,,,,,,,,,,,,
Acidovorax ebreus,,,,,,,,,,,,,,,,0.058823529411764705,,,,,,,,,,,,,,,
Chryseobacterium bernardetii,,,,,,,,,,,,,,,,0.058823529411764705,,,,,,,,,,,,,,,
Tatumella sp. TA1,,,,,,,,,,,,,,,,,0.058823529411764705,,,,,,,,,,,,,,
Bartonella apis,,,,,,,,,,,,,,,,,,,0.0625,,,,,,,,,,,,
Pseudarthrobacter equi,,,,,,,,,,,,,,,,,,,,0.0625,,,,,,,,,,,
Erwinia billingiae,,,,,,,,,,,,,,,,,,,,,0.1875,,,,,,,,0.07692307692307693,,
Chryseobacterium carnipullorum,,,,,,,,,,,,,,,,,,,,,0.125,,,,,,,,,,
Pseudomonas syringae,,,,,,,,,,,,,,,,,,,,,0.125,,,,,,,,0.15384615384615385,,
Pseudomonas cremoricolorata,,,,,,,,,,,,,,,,,,,,,0.0625,,,,,,,,,,
Duganella sp. AF9R3,,,,,,,,,,,,,,,,,,,,,0.0625,,,,,,,,0.07692307692307693,,
Bacillus mycoides,,,,,,,,,,,,,,,,,,,,,0.0625,,,,,,,,0.07692307692307693,,
Enterobacter sp. 638,,,,,,,,,,,,,,,,,,,,,0.0625,,,,,,,,,,
Pseudomonas alkylphenolica,,,,,,,,,,,,,,,,,,,,,0.0625,,,,,,,,,,
Buttiauxella sp. 3AFRM03,,,,,,,,,,,,,,,,,,,,,0.0625,,,,,,,,,,
Erwinia sp. QL-Z3,,,,,,,,,,,,,,,,,,,,,0.0625,,,,,,,,0.07692307692307693,,
Rahnella sp. ERMR1:05,,,,,,,,,,,,,,,,,,,,,0.0625,,,,,,,,,,
Morganella morganii,,,,,,,,,,,,,,,,,,,,,0.0625,,,,,,,,,,
Pseudomonas sp. SNU WT1,,,,,,,,,,,,,,,,,,,,,0.0625,,,,,,,,,,
Pseudomonas sp. B10,,,,,,,,,,,,,,,,,,,,,0.0625,,,,,,,,,,
Pseudomonas sp. HLS-6,,,,,,,,,,,,,,,,,,,,,0.0625,,,,,,,,,,
Pseudomonas sp. R32,,,,,,,,,,,,,,,,,,,,,0.0625,,,,,,,,,,
Pseudomonas sp. S150,,,,,,,,,,,,,,,,,,,,,0.0625,,,,,,,,0.07692307692307693,,
Pseudomonas viridiflava,,,,,,,,,,,,,,,,,,,,,0.0625,,,,,,,,,,
Pseudomonas asturiensis,,,,,,,,,,,,,,,,,,,,,0.0625,,,,,,,,,,
Dechlorosoma suillum,,,,,,,,,,,,,,,,,,,,,,0.0625,,,,,,,,,
Azospira sp. I09,,,,,,,,,,,,,,,,,,,,,,0.0625,,,,,,,,,
Xanthobacter autotrophicus,,,,,,,,,,,,,,,,,,,,,,0.0625,,,,,,,,,
Apis mellifera filamentous virus,,,,,,,,,,,,,,,,,,,,,,0.0625,,,,,,,,,
Methylobacterium sp. DM1,,,,,,,,,,,,,,,,,,,,,,,0.0625,,,,,,,,
Burkholderia multivorans,,,,,,,,,,,,,,,,,,,,,,,,0.06666666666666667,,,,,,,
Bosea sp. RAC05,,,,,,,,,,,,,,,,,,,,,,,,0.06666666666666667,,,,,,,
Pseudonocardia sp. HH130630-07,,,,,,,,,,,,,,,,,,,,,,,,,0.07142857142857142,,,,,,
Tsukamurella paurometabola,,,,,,,,,,,,,,,,,,,,,,,,,0.07142857142857142,,,,,,
Mycobacterium avium,,,,,,,,,,,,,,,,,,,,,,,,,0.07142857142857142,,,,,,
Anaerostipes hadrus,,,,,,,,,,,,,,,,,,,,,,,,,0.07142857142857142,,,,,,
Gemmataceae bacterium,,,,,,,,,,,,,,,,,,,,,,,,,,0.07142857142857142,,,,,
Solimonas sp. K1W22B-7,,,,,,,,,,,,,,,,,,,,,,,,,,,0.07142857142857142,,,,
Flavisolibacter sp. 17J28-1,,,,,,,,,,,,,,,,,,,,,,,,,,,,0.14285714285714285,,,
Proteus mirabilis,,,,,,,,,,,,,,,,,,,,,,,,,,,,0.14285714285714285,,,
Azotobacter chroococcum,,,,,,,,,,,,,,,,,,,,,,,,,,,,0.07142857142857142,,,
Chryseobacterium sp. 3008163,,,,,,,,,,,,,,,,,,,,,,,,,,,,,0.15384615384615385,,
Pseudomonas chlororaphis,,,,,,,,,,,,,,,,,,,,,,,,,,,,,0.15384615384615385,,
Janthinobacterium sp. 1_2014MBL_MicDiv,,,,,,,,,,,,,,,,,,,,,,,,,,,,,0.07692307692307693,,
Massilia sp. NR 4-1,,,,,,,,,,,,,,,,,,,,,,,,,,,,,0.07692307692307693,,
Massilia armeniaca,,,,,,,,,,,,,,,,,,,,,,,,,,,,,0.07692307692307693,,
Massilia flava,,,,,,,,,,,,,,,,,,,,,,,,,,,,,0.07692307692307693,,
Massilia umbonata,,,,,,,,,,,,,,,,,,,,,,,,,,,,,0.07692307692307693,,
Bacillus marisflavi,,,,,,,,,,,,,,,,,,,,,,,,,,,,,0.07692307692307693,,
Clostridium beijerinckii,,,,,,,,,,,,,,,,,,,,,,,,,,,,,0.07692307692307693,,
Janthinobacterium agaricidamnosum,,,,,,,,,,,,,,,,,,,,,,,,,,,,,0.07692307692307693,,
Sphingobacteriaceae bacterium GW460-11-11-14-LB5,,,,,,,,,,,,,,,,,,,,,,,,,,,,,0.07692307692307693,,
Pedobacter suwonensis,,,,,,,,,,,,,,,,,,,,,,,,,,,,,0.07692307692307693,,
Pedobacter sp. HDW13,,,,,,,,,,,,,,,,,,,,,,,,,,,,,0.07692307692307693,,
Pedobacter sp. G11,,,,,,,,,,,,,,,,,,,,,,,,,,,,,0.07692307692307693,,
Pedobacter sp. KBS0701,,,,,,,,,,,,,,,,,,,,,,,,,,,,,0.07692307692307693,,
Chryseobacterium camelliae,,,,,,,,,,,,,,,,,,,,,,,,,,,,,0.07692307692307693,,
Chryseobacterium shandongense,,,,,,,,,,,,,,,,,,,,,,,,,,,,,0.07692307692307693,,
Chryseobacterium sp. IHB B 17019,,,,,,,,,,,,,,,,,,,,,,,,,,,,,0.07692307692307693,,
Pseudomonas sp. R84,,,,,,,,,,,,,,,,,,,,,,,,,,,,,0.07692307692307693,,
Pseudomonas sp. DTU12.3,,,,,,,,,,,,,,,,,,,,,,,,,,,,,0.07692307692307693,,
Pseudomonas kribbensis,,,,,,,,,,,,,,,,,,,,,,,,,,,,,0.07692307692307693,,
Rhizobium pseudoryzae,,,,,,,,,,,,,,,,,,,,,,,,,,,,,0.07692307692307693,,
Rhizobium leguminosarum,,,,,,,,,,,,,,,,,,,,,,,,,,,,,0.07692307692307693,,
Ornithinimicrobium sp. AMA3305,,,,,,,,,,,,,,,,,,,,,,,,,,,,,,0.07692307692307693,
Microbacteriaceae bacterium WY83,,,,,,,,,,,,,,,,,,,,,,,,,,,,,,0.07692307692307693,
Acetobacter senegalensis,,,,,,,,,,,,,,,,,,,,,,,,,,,,,,0.07692307692307693,
Lactobacillus harbinensis,,,,,,,,,,,,,,,,,,,,,,,,,,,,,,0.07692307692307693,
Pseudomonas orientalis,,,,,,,,,,,,,,,,,,,,,,,,,,,,,,0.07692307692307693,
Cellvibrio sp. KY-YJ-3,,,,,,,,,,,,,,,,,,,,,,,,,,,,,,0.07692307692307693,
Acetobacter tropicalis,,,,,,,,,,,,,,,,,,,,,,,,,,,,,,0.07692307692307693,
Acetobacter ghanensis,,,,,,,,,,,,,,,,,,,,,,,,,,,,,,0.07692307692307693,
