Species,prevalence
Thalassiosira pseudonana,1.0
Nocardioides sp. S-1144,1.0
Nocardioides sp. HDW12B,1.0
Nocardioides sp. R-3366,1.0
Nocardioides sp. JS614,1.0
Nocardioides sp. zg-579,1.0
Nocardioides sp. CF8,1.0
Malassezia restricta,1.0
Cloacibacterium normanense,1.0
Flavobacterium haoranii,1.0
Chryseobacterium haifense,1.0
Chryseobacterium taklimakanense,1.0
Chryseobacterium sp. F5649,1.0
Sorangium cellulosum,1.0
Corallococcus coralloides,1.0
Thauera sp. MZ1T,1.0
Aquabacterium olei,1.0
Nocardioides daphniae,1.0
Nocardioides dokdonensis,1.0
Nocardioides euryhalodurans,1.0
Nocardioides seonyuensis,1.0
Nocardioides sp. HDW12A,1.0
Achromobacter spanius,1.0
Achromobacter xylosoxidans,1.0
Massilia sp. WG5,1.0
Massilia oculi,1.0
Cupriavidus taiwanensis,1.0
Burkholderia gladioli,1.0
Alicycliphilus denitrificans,1.0
Ramlibacter tataouinensis,1.0
Ottowia oryzae,1.0
Variovorax paradoxus,1.0
Hydrogenophaga sp. BA0156,1.0
Hydrogenophaga sp. PBC,1.0
Comamonas testosteroni,1.0
Comamonas aquatica,1.0
Acidovorax carolinensis,1.0
Kocuria rosea,1.0
Kocuria sp. KD4,1.0
Kocuria flava,1.0
Kocuria palustris,1.0
Micrococcus sp. KBS0714,1.0
Micrococcus luteus,1.0
Micropruina glycogenica,1.0
Acidovorax sp. KKS102,1.0
Acidovorax sp. 1608163,1.0
Skermanella pratensis,1.0
Azospirillum brasilense,1.0
Roseomonas gilardii,1.0
Roseomonas mucosa,1.0
Kocuria indica,1.0
Kocuria turfanensis,1.0
Brevundimonas vancanneytii,1.0
Brevundimonas naejangsanensis,1.0
Brevundimonas diminuta,1.0
Porphyrobacter sp. YT40,1.0
Novosphingobium resinovorum,1.0
Novosphingobium sp. THN1,1.0
Sphingopyxis macrogoltabida,1.0
Sphingomonas insulae,1.0
Sphingomonas hengshuiensis,1.0
Sphingomonas sanxanigenens,1.0
Sphingomonas taxi,1.0
Sphingomonas paucimobilis,1.0
Sphingomonas koreensis,1.0
Rothia mucilaginosa,1.0
Sphingomonas sp. LMO-1,1.0
Sphingomonas sp. PAMC26645,1.0
Sphingomonas sp. FARSPH,1.0
Sphingomonas sp. AAP5,1.0
Sphingomonas sp. LK11,1.0
Sphingomonas sp. IC081,1.0
Sphingobium sp. PAMC28499,1.0
Sphingobium sp. YG1,1.0
Sphingobium yanoikuyae,1.0
Methylorubrum populi,1.0
Rhodopseudomonas palustris,1.0
Bosea sp. F3-2,1.0
Bosea sp. Tri-49,1.0
Bosea sp. RAC05,1.0
Shinella sp. HZN7,1.0
Ensifer adhaerens,1.0
Sinorhizobium fredii,1.0
Ornithinimicrobium sp. HY006,1.0
Ornithinimicrobium sp. AMA3305,1.0
Serinicoccus marinus,1.0
Serinicoccus chungangensis,1.0
Serinicoccus profundi,1.0
Janibacter melonis,1.0
Janibacter limosus,1.0
Janibacter indicus,1.0
Agrobacterium tumefaciens,1.0
Rhizobium flavum,1.0
Rhizobium leguminosarum,1.0
Rhizobium sp. WL3,1.0
Pannonibacter phragmitetus,1.0
Haematobacter massiliensis,1.0
Microbacterium sp. 4R-513,1.0
Microbacterium sp. PM5,1.0
Microbacterium sp. LKL04,1.0
Microbacterium sp. ABRD_28,1.0
Microbacterium sp. 10M-3C3,1.0
Microbacterium sp. No. 7,1.0
Phycicoccus sp. HDW14,1.0
Ornithinimicrobium flavum,1.0
Rhodobacter sphaeroides,1.0
Paracoccus jeotgali,1.0
Paracoccus denitrificans,1.0
Paracoccus pantotrophus,1.0
Paracoccus aminovorans,1.0
Paracoccus zhejiangensis,1.0
Paracoccus contaminans,1.0
Paracoccus yeei,1.0
Microbacterium sediminis,1.0
Microbacterium oleivorans,1.0
Microbacterium hominis,1.0
Microbacterium foliorum,1.0
Microbacterium chocolatum,1.0
Microbacterium aurum,1.0
Paracoccus sanguinis,1.0
Paracoccus sp. 2251,1.0
Paracoccus sp. Arc7-R13,1.0
Paracoccus sp. AK26,1.0
Rheinheimera sp. LHK132,1.0
Shewanella putrefaciens,1.0
Shewanella sp. ANA-3,1.0
Aeromonas media,1.0
Aeromonas veronii,1.0
Aeromonas hydrophila,1.0
Aeromonas caviae,1.0
Arenimonas daejeonensis,1.0
Thermomonas sp. HDW16,1.0
Agrococcus carbonis,1.0
Thermomonas sp. SY21,1.0
Pseudoxanthomonas spadix,1.0
Pseudoxanthomonas suwonensis,1.0
Luteimonas yindakuii,1.0
Luteimonas sp. JM171,1.0
Luteimonas sp. 100111,1.0
Luteimonas sp. Gr-4,1.0
Luteimonas sp. YGD11-2,1.0
Lysobacter gummosus,1.0
Lysobacter alkalisoli,1.0
Lysobacter capsici,1.0
Lysobacter lycopersici,1.0
Lysobacter sp. TY2-98,1.0
Lysobacter maris,1.0
Lysobacter antibioticus,1.0
Lysobacter soli,1.0
Lysobacter enzymogenes,1.0
Lysobacter oculi,1.0
Xanthomonas translucens,1.0
Xanthomonas campestris,1.0
Xanthomonas sacchari,1.0
Stenotrophomonas sp. LM091,1.0
Stenotrophomonas rhizophila,1.0
Stenotrophomonas acidaminiphila,1.0
Stenotrophomonas maltophilia,1.0
Pantoea dispersa,1.0
Escherichia coli,1.0
Enterobacter cloacae,1.0
Klebsiella pneumoniae,1.0
Brachybacterium sp. P6-10-X1,1.0
Brachybacterium sp. SGAir0954,1.0
Pseudomonas saudiphocaensis,1.0
Pseudomonas oryzae,1.0
Pseudomonas psychrotolerans,1.0
Pseudomonas otitidis,1.0
Pseudomonas chlororaphis,1.0
Pseudomonas alcaliphila,1.0
Pseudomonas sihuiensis,1.0
Pseudomonas fluorescens,1.0
Pseudomonas monteilii,1.0
Pseudomonas fulva,1.0
Pseudomonas putida,1.0
Pseudomonas oryzihabitans,1.0
Pseudomonas sp. CC6-YY-74,1.0
Pseudomonas sp. PE08,1.0
Pseudomonas sp. K2W31S-8,1.0
Pseudomonas sp. LPH1,1.0
Pseudomonas sp. THAF7b,1.0
Pseudomonas sp. R2A2,1.0
Pseudomonas sp. phDV1,1.0
Pseudomonas citronellolis,1.0
Brevibacterium luteolum,1.0
Brevibacterium linens,1.0
Brevibacterium sp. YB235,1.0
Brevibacterium sp. CS2,1.0
Brachybacterium avium,1.0
Brachybacterium vulturis,1.0
Brachybacterium ginsengisoli,1.0
Brachybacterium faecium,1.0
Brachybacterium saurashtrense,1.0
Kytococcus sedentarius,1.0
Pseudomonas furukawaii,1.0
Pseudomonas oleovorans,1.0
Pseudomonas mendocina,1.0
Pseudomonas aeruginosa,1.0
Pseudomonas alcaligenes,1.0
Pseudomonas balearica,1.0
Pseudomonas stutzeri,1.0
Moraxella osloensis,1.0
Acinetobacter towneri,1.0
Acinetobacter haemolyticus,1.0
Acinetobacter tandoii,1.0
Acinetobacter schindleri,1.0
Acinetobacter baumannii,1.0
Acinetobacter indicus,1.0
Acinetobacter sp. SWBY1,1.0
Acinetobacter sp. WCHA45,1.0
Acinetobacter sp. WCHA55,1.0
Acinetobacter sp. ACNIH1,1.0
Acinetobacter junii,1.0
Acinetobacter johnsonii,1.0
Chroococcidiopsis thermalis,1.0
Deinococcus ficus,1.0
Deinococcus sp. NW-56,1.0
Aerococcus viridans,1.0
Exiguobacterium mexicanum,1.0
Staphylococcus cohnii,1.0
Staphylococcus saprophyticus,1.0
Staphylococcus arlettae,1.0
Staphylococcus hominis,1.0
Staphylococcus epidermidis,1.0
Epidermidibacterium keratini,1.0
Corynebacterium ureicelerivorans,1.0
Corynebacterium jeikeium,1.0
Corynebacterium segmentosum,1.0
Geodermatophilus obscurus,1.0
Streptomyces venezuelae,1.0
Gordonia sp. JH63,1.0
Gordonia terrae,1.0
Dietzia timorensis,1.0
Dietzia lutea,1.0
Dietzia sp. oral taxon 368,1.0
Corynebacterium mycetoides,1.0
Corynebacterium variabile,1.0
Corynebacterium genitalium,1.0
Corynebacterium imitans,1.0
Corynebacterium resistens,1.0
Corynebacterium xerosis,1.0
Corynebacterium aurimucosum,1.0
Corynebacterium sanguinis,1.0
Corynebacterium minutissimum,1.0
Propioniciclava sp. HDW11,1.0
Tessaracoccus flavus,1.0
Tessaracoccus sp. T2.5-30,1.0
Cutibacterium granulosum,1.0
Cutibacterium acnes,1.0
Corynebacterium frankenforstense,0.975609756097561
Cutibacterium avidum,0.975609756097561
Tessaracoccus flavescens,0.975609756097561
Tessaracoccus aquimaris,0.975609756097561
Corynebacterium glyciniphilum,0.975609756097561
Corynebacterium singulare,0.975609756097561
Corynebacterium sp. 2019,0.975609756097561
Tessaracoccus timonensis,0.975609756097561
Duganella sp. GN2-R2,0.975609756097561
Weissella confusa,0.975609756097561
Massilia putida,0.975609756097561
Lautropia mirabilis,0.975609756097561
Staphylococcus nepalensis,0.975609756097561
Staphylococcus haemolyticus,0.975609756097561
Staphylococcus capitis,0.975609756097561
Conexibacter woesei,0.975609756097561
Iamiaceae bacterium SCSIO 58843,0.975609756097561
Exiguobacterium sp. AT1b,0.975609756097561
Cupriavidus necator,0.975609756097561
Faecalibacterium prausnitzii,0.975609756097561
Aerococcus urinaeequi,0.975609756097561
Bradyrhizobium sp. SK17,0.975609756097561
Microvirga ossetica,0.975609756097561
Methylorubrum extorquens,0.975609756097561
Corynebacterium halotolerans,0.975609756097561
Corynebacterium vitaeruminis,0.975609756097561
Corynebacterium efficiens,0.975609756097561
Corynebacterium maris,0.975609756097561
Corynebacterium doosanense,0.975609756097561
Mycolicibacterium duvalii,0.975609756097561
Mycolicibacterium doricum,0.975609756097561
Mycolicibacterium gilvum,0.975609756097561
Mycolicibacterium aurum,0.975609756097561
Mycolicibacterium phocaicum,0.975609756097561
Corynebacterium timonense,0.975609756097561
Corynebacterium riegelii,0.975609756097561
Sphingomonas sp. MM-1,0.975609756097561
Ornithinimicrobium sp. H23M54,0.975609756097561
Serinicoccus sp. W204,0.975609756097561
Serinicoccus sp. JLT9,0.975609756097561
Sinomonas atrocyanea,0.975609756097561
Nesterenkonia sp. NBAIMH1,0.975609756097561
Methylobacterium sp. 17Sr1-1,0.975609756097561
Methylobacterium sp. 4-46,0.975609756097561
Methylobacterium sp. 17Sr1-43,0.975609756097561
Bradyrhizobium sp. 6(2017),0.975609756097561
Mycolicibacterium vaccae,0.975609756097561
Mycolicibacterium vanbaalenii,0.975609756097561
Mycolicibacterium psychrotolerans,0.975609756097561
Mycolicibacterium parafortuitum,0.975609756097561
Agrobacterium sp. MA01,0.975609756097561
Cupriavidus pauculus,0.975609756097561
Rhizobacter gummiphilus,0.975609756097561
Rubrivivax gelatinosus,0.975609756097561
Baekduia soli,0.975609756097561
Rubrobacter xylanophilus,0.975609756097561
Rubrobacter sp. SCSIO 52909,0.975609756097561
Rubrobacter sp. SCSIO 52915,0.975609756097561
Kineococcus radiotolerans,0.975609756097561
Nakamurella multipartita,0.975609756097561
Jiangella alkaliphila,0.975609756097561
Deinococcus soli Cha et al. 2016,0.975609756097561
Tabrizicola piscis,0.975609756097561
Celeribacter indicus,0.975609756097561
Paraoceanicella profunda,0.975609756097561
Sphingomonas sp. XS-10,0.975609756097561
Deinococcus actinosclerus,0.975609756097561
Deinococcus gobiensis,0.975609756097561
Deinococcus wulumuqiensis,0.975609756097561
Hydrogenophaga pseudoflava,0.975609756097561
Corynebacterium sp. 2183,0.975609756097561
Corynebacterium sp. 2184,0.975609756097561
Corynebacterium simulans,0.975609756097561
Corynebacterium striatum,0.975609756097561
Haloactinobacterium sp. HY164,0.975609756097561
Rhodobacteraceae bacterium,0.975609756097561
Rhodobacteraceae bacterium QY30,0.975609756097561
Rhodobacter capsulatus,0.975609756097561
Rhodobacter blasticus,0.975609756097561
Microbacterium sp. BH-3-3-3,0.975609756097561
Microbacterium sp. RG1,0.975609756097561
Tetrasphaera sp. HKS02,0.975609756097561
Arsenicicoccus sp. oral taxon 190,0.975609756097561
Intrasporangium calvum,0.975609756097561
Phycicoccus dokdonensis,0.975609756097561
Defluviimonas alba,0.975609756097561
Modestobacter marinus,0.975609756097561
Blastococcus saxobsidens,0.975609756097561
Actinomadura sp. WMMB499,0.975609756097561
Hydrogenophaga sp. NH-16,0.975609756097561
Beutenbergia cavernae,0.975609756097561
Miniimonas sp. S16,0.975609756097561
Georgenia sp. ZLJ0423,0.975609756097561
Georgenia sp. Z294,0.975609756097561
Microbacterium lemovicicum,0.975609756097561
Microbacterium testaceum,0.975609756097561
Microbacterium oxydans,0.975609756097561
Microbacterium sp. XT11,0.975609756097561
Phaeodactylum tricornutum,0.975609756097561
Zymoseptoria tritici,0.975609756097561
Nocardioides sp. SB3-45,0.975609756097561
Nocardioides sp. 78,0.975609756097561
Nocardioides sp. 603,0.975609756097561
Nocardioides sp. dk884,0.975609756097561
Raineyella sp. CBA3103,0.975609756097561
Auraticoccus monumenti,0.975609756097561
Sphingomonas melonis,0.975609756097561
Sphingomonas ginsengisoli An et al. 2013,0.975609756097561
Glutamicibacter creatinolyticus,0.975609756097561
Microlunatus phosphovorus,0.975609756097561
Nocardia brasiliensis,0.975609756097561
Rhodococcus rhodochrous,0.975609756097561
Rhodococcus opacus,0.975609756097561
Rhodococcus ruber,0.975609756097561
Rhodococcus sp. PBTS 1,0.975609756097561
Dietzia psychralcaliphila,0.975609756097561
Rhodobacter sp. CZR27,0.975609756097561
Rhodobacter sp. LPB0142,0.975609756097561
Paracoccus kondratievae,0.975609756097561
Paracoccus aminophilus,0.975609756097561
Georgenia sp. Z443,0.975609756097561
Isoptericola dokdonensis,0.975609756097561
Isoptericola variabilis,0.975609756097561
Cellulosimicrobium cellulans,0.975609756097561
Nocardiopsis dassonvillei,0.975609756097561
Gordonia polyisoprenivorans,0.975609756097561
Gordonia iterans,0.975609756097561
Gordonia bronchialis,0.975609756097561
Gordonia sp. KTR9,0.975609756097561
Nocardia farcinica,0.975609756097561
Nocardia cyriacigeorgica,0.975609756097561
Paracoccus sp. SC2-6,0.975609756097561
Paracoccus sp. BM15,0.975609756097561
Sphingomonas panacis,0.975609756097561
Acidovorax avenae,0.975609756097561
Kocuria sp. BT304,0.975609756097561
Kribbella flavida,0.975609756097561
Pimelobacter simplex,0.975609756097561
Friedmanniella luteola,0.975609756097561
Friedmanniella sagamiharensis,0.975609756097561
Marmoricola scoriae,0.975609756097561
Thauera humireducens,0.975609756097561
Nonomuraea sp. ATCC 55076,0.975609756097561
Nocardiopsis alba,0.975609756097561
Novosphingobium sp. P6W,0.975609756097561
Sphingopyxis sp. EG6,0.975609756097561
Streptomyces sp. TLI_053,0.975609756097561
Tsukamurella tyrosinosolvens,0.975609756097561
Tsukamurella paurometabola,0.975609756097561
Acidovorax sp. RAC01,0.975609756097561
Acinetobacter lwoffii,0.975609756097561
Acinetobacter pittii,0.975609756097561
Kutzneria albida,0.975609756097561
Saccharothrix syringae,0.975609756097561
Saccharopolyspora erythraea,0.975609756097561
Saccharopolyspora sp. ASAGF58,0.975609756097561
Amycolatopsis methanolica,0.975609756097561
Amycolatopsis mediterranei,0.975609756097561
Pseudonocardia dioxanivorans,0.975609756097561
Agromyces flavus,0.975609756097561
Agrococcus jejuensis,0.975609756097561
Agrococcus sp. SGAir0287,0.975609756097561
Halomonas hydrothermalis,0.975609756097561
Thermothelomyces thermophilus,0.975609756097561
Thermothielavioides terrestris,0.975609756097561
Colletotrichum higginsianum,0.975609756097561
Aspergillus oryzae,0.975609756097561
Aspergillus fumigatus,0.975609756097561
Pseudonocardia autotrophica,0.975609756097561
Pseudonocardia sp. HH130629-09,0.975609756097561
Pseudonocardia sp. HH130630-07,0.975609756097561
Pseudonocardia sp. AL041005-10,0.975609756097561
Pseudonocardia sp. Gen01,0.975609756097561
Lentzea guizhouensis,0.975609756097561
Cellulomonas sp. JZ18,0.975609756097561
Cellulomonas sp. Y8,0.975609756097561
Cellulomonas sp. PSBB021,0.975609756097561
Luteipulveratus mongoliensis,0.975609756097561
Dermacoccus nishinomiyaensis,0.975609756097561
Brevibacterium sandarakinum,0.975609756097561
Brevibacterium siliguriense,0.975609756097561
Pseudomonas resinovorans,0.975609756097561
Brevibacterium aurantiacum,0.975609756097561
Microbacterium pygmaeum,0.975609756097561
Microbacterium protaetiae,0.975609756097561
Microbacterium oryzae,0.975609756097561
Clavibacter michiganensis,0.975609756097561
Leifsonia xyli,0.975609756097561
Streptomyces albus,0.975609756097561
Planctomycetes bacterium ETA_A1,0.975609756097561
Altererythrobacter dongtanensis,0.975609756097561
Altererythrobacter sp. TH136,0.975609756097561
Altererythrobacter sp. NS1,0.975609756097561
Gemmatirosa kalamazoonesis,0.975609756097561
Sphingobacterium daejeonense,0.975609756097561
Xanthomonas hyacinthi,0.975609756097561
Erythrobacter litoralis,0.975609756097561
Erythrobacter flavus,0.975609756097561
Brevibacterium sp. o2,0.975609756097561
Brevibacterium sp. 'Marine',0.975609756097561
Brevibacterium sp. WO024,0.975609756097561
Dermabacter vaginalis,0.975609756097561
Cellulomonas flavigena,0.975609756097561
Cellulomonas sp. H30R-01,0.975609756097561
Actinomyces sp. oral taxon 897,0.975609756097561
Brevundimonas sp. LM2,0.975609756097561
Brevundimonas sp. MF30-B,0.975609756097561
Microterricola viridarii,0.975609756097561
Actinomyces sp. oral taxon 414,0.975609756097561
Brevundimonas sp. GW460-12-10-14-LB2,0.975609756097561
Brevundimonas sp. M20,0.975609756097561
Brevundimonas sp. SGAir0440,0.975609756097561
Phenylobacterium zucineum,0.975609756097561
Arthrobacter sp. YC-RL1,0.975609756097561
Kocuria rhizophila,0.975609756097561
Empedobacter brevis,0.975609756097561
Chryseobacterium sp. H6466,0.975609756097561
Schaalia odontolytica,0.975609756097561
Actinomyces radicidentis,0.975609756097561
Actinomyces viscosus,0.975609756097561
Brevundimonas mediterranea,0.975609756097561
Ochrobactrum anthropi,0.975609756097561
Corynebacterium humireducens,0.975609756097561
Corynebacterium urealyticum,0.975609756097561
Propionibacterium freudenreichii,0.975609756097561
Pseudopropionibacterium propionicum,0.975609756097561
Acidipropionibacterium jensenii,0.975609756097561
Acidipropionibacterium acidipropionici,0.975609756097561
Sphaerotilus natans,0.975609756097561
Aeromicrobium erythreum,0.975609756097561
Aeromicrobium choanae,0.975609756097561
Nocardioides humi,0.975609756097561
Nocardioides sp. HY056,0.975609756097561
Nocardioides sp. dk3136,0.975609756097561
Nocardioides sp. KUDC 5002,0.975609756097561
Nocardioides sp. JQ2195,0.975609756097561
Corynebacterium stationis,0.975609756097561
Corynebacterium glaucum,0.975609756097561
Corynebacterium casei,0.975609756097561
Corynebacterium flavescens,0.975609756097561
Corynebacterium marinum,0.975609756097561
Corynebacterium nuruki,0.975609756097561
Methylobacterium nodulans,0.975609756097561
Methylobacterium aquaticum,0.975609756097561
Methylobacterium durans,0.975609756097561
Methylobacterium brachiatum,0.975609756097561
Aureimonas sp. AU20,0.9512195121951219
Methylobacterium terrae,0.9512195121951219
Methylobacterium currus,0.9512195121951219
Methylobacterium mesophilicum,0.9512195121951219
Corynebacterium testudinoris,0.9512195121951219
Corynebacterium sphenisci,0.9512195121951219
Streptococcus mitis,0.9512195121951219
Brevundimonas subvibrioides,0.9512195121951219
Brevundimonas vesicularis,0.9512195121951219
Actinomyces howellii,0.9512195121951219
Caulobacter flavus,0.9512195121951219
Pseudomonas knackmussii,0.9512195121951219
Pseudomonas entomophila,0.9512195121951219
Microbacteriaceae bacterium WY83,0.9512195121951219
Brevundimonas sp. DS20,0.9512195121951219
Brevundimonas sp. Bb-A,0.9512195121951219
Brevundimonas sp. 'scallop',0.9512195121951219
Kitasatospora sp. MMS16-BH015,0.9512195121951219
Kitasatospora setae,0.9512195121951219
Streptomyces spectabilis,0.9512195121951219
Microcella alkaliphila,0.9512195121951219
Protaetiibacter intestinalis,0.9512195121951219
Herbiconiux sp. SALV-R1,0.9512195121951219
Roseomonas sp. FDAARGOS_362,0.9512195121951219
Archangium gephyra,0.9512195121951219
Cellulomonas sp. 40-2,0.9512195121951219
Cellulomonas fimi,0.9512195121951219
Cellulomonas gilvus,0.9512195121951219
Cellulomonas shaoxiangyii,0.9512195121951219
Oerskovia sp. KBS0722,0.9512195121951219
Dermabacter hominis,0.9512195121951219
Dermabacter jinjuensis,0.9512195121951219
Erythrobacter seohaensis,0.9512195121951219
Erythrobacter aureus,0.9512195121951219
Flavisolibacter sp. 17J28-1,0.9512195121951219
Streptomyces niveus,0.9512195121951219
Streptomyces tsukubensis,0.9512195121951219
Streptomyces griseorubiginosus,0.9512195121951219
Serratia marcescens,0.9512195121951219
Altererythrobacter marensis,0.9512195121951219
Dokdonella koreensis,0.9512195121951219
Planctomycetes bacterium ElP,0.9512195121951219
Streptomyces lydicus,0.9512195121951219
Streptomyces chartreusis,0.9512195121951219
Curtobacterium sp. SGAir0471,0.9512195121951219
Leucobacter triazinivorans,0.9512195121951219
Leucobacter sp. DSM 101948,0.9512195121951219
Microbacterium wangchenii,0.9512195121951219
Porphyrobacter sp. CACIAM 03H1,0.9512195121951219
Allokutzneria albata,0.9512195121951219
Sphingosinicella sp. BN140058,0.9512195121951219
Streptomyces cattleya,0.9512195121951219
Neurospora crassa,0.9512195121951219
Agromyces sp. LHK192,0.9512195121951219
Agromyces sp. KACC 19306,0.9512195121951219
Agromyces aureus,0.9512195121951219
Agromyces protaetiae,0.9512195121951219
Amycolatopsis sp. YIM 10,0.9512195121951219
Amycolatopsis albispora,0.9512195121951219
Micromonospora echinospora,0.9512195121951219
Saccharopolyspora sp. E2A,0.9512195121951219
Saccharothrix espanaensis,0.9512195121951219
Acinetobacter radioresistens,0.9512195121951219
Gordonia phthalatica,0.9512195121951219
Streptomyces sp. RTd22,0.9512195121951219
Streptomyces sp. SCSIO 03032,0.9512195121951219
Streptomyces sp. NHF165,0.9512195121951219
Microbacterium sp. CBA3102,0.9512195121951219
Microbacterium sp. Y-01,0.9512195121951219
Halomonas meridiana,0.9512195121951219
Sphingopyxis fribergensis,0.9512195121951219
Novosphingobium sp. ABRDHK2,0.9512195121951219
Novosphingobium aromaticivorans,0.9512195121951219
Novosphingobium ginsenosidimutans,0.9512195121951219
Aeromicrobium marinum,0.9512195121951219
Streptomonospora sp. M2,0.9512195121951219
Thauera sp. K11,0.9512195121951219
Alloactinosynnema sp. L-07,0.9512195121951219
Kibdelosporangium phytohabitans,0.9512195121951219
Actinopolymorpha singaporensis,0.9512195121951219
Sphingomonas indica,0.9512195121951219
Sphingopyxis sp. FD7,0.9512195121951219
Vibrio cholerae,0.9512195121951219
Nocardia asteroides,0.9512195121951219
Nocardia terpenica,0.9512195121951219
Gordonia sp. 1D,0.9512195121951219
Gordonia insulae,0.9512195121951219
Sanguibacter sp. HDW7,0.9512195121951219
Sanguibacter keddieii,0.9512195121951219
Mobilicoccus sp. NJES-13,0.9512195121951219
Micromonospora echinaurantiaca,0.9512195121951219
Actinoplanes sp. OR16,0.9512195121951219
Actinoplanes sp. N902-109,0.9512195121951219
Actinoplanes teichomyceticus,0.9512195121951219
Actinoplanes derwentensis,0.9512195121951219
Actinoplanes friuliensis,0.9512195121951219
Xylanimonas cellulosilytica,0.9512195121951219
Xylanimicrobium sp. FW10M-9,0.9512195121951219
Rhodococcus sp. X156,0.9512195121951219
Rhodococcus hoagii,0.9512195121951219
Candida orthopsilosis,0.9512195121951219
Natronococcus occultus,0.9512195121951219
Halalkalicoccus jeotgali,0.9512195121951219
Microbacterium sp. L-031,0.9512195121951219
Ruania sp. HY168,0.9512195121951219
Deinococcus metallilatus,0.9512195121951219
Hydrogenophaga sp. BPS33,0.9512195121951219
Frankia inefficax,0.9512195121951219
Nonomuraea sp. WYY166,0.9512195121951219
Streptosporangium roseum,0.9512195121951219
Actinomadura sp. WMMA1423,0.9512195121951219
Actinomadura amylolytica,0.9512195121951219
Mycobacterium grossiae,0.9512195121951219
Mycolicibacterium chitae,0.9512195121951219
Microbacterium sp. PAMC 28756,0.9512195121951219
Microbacterium sp. ST-M6,0.9512195121951219
Rhodovulum sulfidophilum,0.9512195121951219
Bifidobacterium adolescentis,0.9512195121951219
Burkholderiales bacterium JOSHI_001,0.9512195121951219
Luteimicrobium xylanilyticum,0.9512195121951219
Corynebacterium sp. LMM-1652,0.9512195121951219
Corynebacterium sp. ATCC 6931,0.9512195121951219
Corynebacterium sp. NML98-0116,0.9512195121951219
Variovorax sp. HW608,0.9512195121951219
Mycolicibacterium arabiense,0.9512195121951219
Sphingomonas sp. AP4-R1,0.9512195121951219
Sphingomonas sp. AE3,0.9512195121951219
Sphingomonas sp. C33,0.9512195121951219
Arthrobacter crystallopoietes,0.9512195121951219
Brevirhabdus pacifica,0.9512195121951219
Rhizobium sp. Khangiran2,0.9512195121951219
Salipiger profundus,0.9512195121951219
Stappia indica,0.9512195121951219
Silicimonas algicola,0.9512195121951219
Sagittula sp. P11,0.9512195121951219
Yangia pacifica,0.9512195121951219
Pseudactinotalea sp. HY158,0.9512195121951219
Jiangella sp. DSM 45060,0.9512195121951219
Catenulispora acidiphila,0.9512195121951219
Leptothrix cholodnii,0.9512195121951219
Cellulosimicrobium sp. BI34T,0.9512195121951219
Sphingomonas sp. HDW15C,0.9512195121951219
Sphingomonas sp. Cra20,0.9512195121951219
Rhizobium pseudoryzae,0.9512195121951219
Sphingomonas sp. HKS19,0.9512195121951219
Sphingomonas sp. NIC1,0.9512195121951219
Mycolicibacterium chubuense,0.9512195121951219
Mycolicibacterium fortuitum,0.9512195121951219
Mycolicibacterium mageritense,0.9512195121951219
Mycolicibacterium smegmatis,0.9512195121951219
Mycolicibacterium rutilum,0.9512195121951219
Mycolicibacterium sediminis,0.9512195121951219
Bradyrhizobium erythrophlei,0.9512195121951219
Methylobacterium sp. WL1,0.9512195121951219
Mycolicibacterium phlei,0.9512195121951219
Corynebacterium terpenotabidum,0.9512195121951219
Neorhizobium galegae,0.9512195121951219
Sphingobium cloacae,0.9512195121951219
Microvirga sp. HR1,0.9512195121951219
Weissella cibaria,0.9512195121951219
Staphylococcus sciuri,0.9512195121951219
Ralstonia solanacearum,0.9512195121951219
Corynebacterium camporealensis,0.9512195121951219
Bosea sp. AS-1,0.926829268292683
Aeromicrobium sp. MF47,0.926829268292683
Mycolicibacterium frederiksbergense,0.926829268292683
Mycolicibacterium madagascariense,0.926829268292683
Aeromicrobium sp. 592,0.926829268292683
Propionibacterium acidifaciens,0.926829268292683
Mesorhizobium oceanicum,0.926829268292683
Sinorhizobium meliloti,0.926829268292683
Sphingomonas sp. HDW15B,0.926829268292683
Jeotgalibacillus malaysiensis,0.926829268292683
Agrobacterium sp. RAC06,0.926829268292683
Sphingomonas sp. LM7,0.926829268292683
Achromobacter denitrificans,0.926829268292683
Sphingobium amiense,0.926829268292683
Rhodoferax koreense,0.926829268292683
Cercospora beticola,0.926829268292683
Mycobacterium avium,0.926829268292683
Mycobacterium dioxanotrophicus,0.926829268292683
Mameliella alba,0.926829268292683
Roseovarius indicus,0.926829268292683
Confluentimicrobium sp. EMB200-NS6,0.926829268292683
Marinovum algicola,0.926829268292683
Pelagibaca abyssi,0.926829268292683
Thioclava nitratireducens,0.926829268292683
Gemmobacter sp. HYN0069,0.926829268292683
Yangia sp. CCB-MM3,0.926829268292683
Arthrobacter dokdonellae,0.926829268292683
Mycolicibacterium litorale,0.926829268292683
Staphylococcus aureus,0.926829268292683
Mycolicibacterium tokaiense,0.926829268292683
Mycobacterium sp. YC-RL4,0.926829268292683
Mycolicibacterium goodii,0.926829268292683
Rhodobacteraceae bacterium SH-1,0.926829268292683
Rhodovulum sp. MB263,0.926829268292683
Delftia tsuruhatensis,0.926829268292683
Gryllotalpicola sp. 2DFW10M-5,0.926829268292683
Actinoplanes missouriensis,0.926829268292683
Rhodococcus sp. MTM3W5.2,0.926829268292683
Gordonia rubripertincta,0.926829268292683
Paracoccus mutanolyticus,0.926829268292683
Mitsuaria sp. 7,0.926829268292683
Citromicrobium sp. JL477,0.926829268292683
Porphyrobacter neustonensis,0.926829268292683
Myxococcus xanthus,0.926829268292683
Shewanella sp. FDAARGOS_354,0.926829268292683
Sandaracinus amylolyticus,0.926829268292683
Shewanella bicestrii,0.926829268292683
Actinomyces sp. oral taxon 171,0.926829268292683
Croceicoccus marinus,0.926829268292683
Xanthomonas citri,0.926829268292683
Altererythrobacter sp. BO-6,0.926829268292683
Stenotrophomonas sp. ESTM1D_MKCIP4_1,0.926829268292683
Devosia sp. A16,0.926829268292683
Qipengyuania sediminis,0.926829268292683
Streptomyces xiamenensis,0.926829268292683
Xanthobacter autotrophicus,0.926829268292683
Streptomyces xinghaiensis,0.926829268292683
Enterobacter hormaechei,0.926829268292683
Xanthomonas oryzae,0.926829268292683
Porphyrobacter sp. LM 6,0.926829268292683
Curtobacterium sp. MR_MD2014,0.926829268292683
Caulobacter mirabilis,0.926829268292683
Curtobacterium sp. BH-2-1-1,0.926829268292683
Erythrobacter sp. HKB08,0.926829268292683
Rathayibacter sp. VKM Ac-2759,0.926829268292683
Pseudomonas guangdongensis,0.926829268292683
Azospirillum lipoferum,0.926829268292683
Stella humosa,0.926829268292683
Aquisphaera giovannonii,0.926829268292683
Luteitalea pratensis,0.926829268292683
Streptomyces bingchenggensis,0.926829268292683
Streptomyces hygroscopicus,0.926829268292683
Arthrobacter sp. QXT-31,0.926829268292683
Sphingomonas wittichii,0.926829268292683
Saccharomonospora marina,0.926829268292683
Gordonia sp. YC-JH1,0.926829268292683
Acinetobacter sp. ACNIH2,0.926829268292683
Bifidobacterium longum,0.926829268292683
Thermomonospora curvata,0.926829268292683
Comamonas serinivorans,0.926829268292683
Paraoerskovia marina,0.926829268292683
Pseudomonas sp. TCU-HL1,0.926829268292683
Polymorphum gilvum,0.926829268292683
Sphingopyxis sp. QXT-31,0.926829268292683
Sphingopyxis sp. PAMC25046,0.926829268292683
Amycolatopsis keratiniphila,0.926829268292683
Amycolatopsis sp. AA4,0.926829268292683
Pseudomonas luteola,0.926829268292683
Sphingomonas sp. HDW15A,0.926829268292683
Microbacterium amylolyticum,0.9024390243902439
Rhodococcus sp. SGAir0479,0.9024390243902439
Aeromicrobium sp. A1-2,0.9024390243902439
Propionibacterium australiense,0.9024390243902439
Nocardioides baekrokdamisoli,0.9024390243902439
Streptococcus thermophilus,0.9024390243902439
Neorhizobium sp. SOG26,0.9024390243902439
Altererythrobacter mangrovi,0.9024390243902439
Altererythrobacter sp. B11,0.9024390243902439
Corynebacterium endometrii,0.9024390243902439
Streptomyces aquilus,0.9024390243902439
Streptomyces albireticuli,0.9024390243902439
Altererythrobacter epoxidivorans,0.9024390243902439
Porphyrobacter sp. HT-58-2,0.9024390243902439
Rhizorhabdus dicambivorans,0.9024390243902439
Chryseobacterium sp. NEB161,0.9024390243902439
Azospirillum sp. CFH 70021,0.9024390243902439
Agromyces sp. MF30-A,0.9024390243902439
Frondihabitans sp. 762G35,0.9024390243902439
Stenotrophomonas sp. 364,0.9024390243902439
Stenotrophomonas sp. SAU14A_NAIMI4_5,0.9024390243902439
Erythrobacter sp. HL-111,0.9024390243902439
Humibacter sp. WJ7-1,0.9024390243902439
Novosphingobium sp. Gsoil 351,0.9024390243902439
Phreatobacter cathodiphilus,0.9024390243902439
Micromonospora auratinigra,0.9024390243902439
Mycobacterium paragordonae,0.9024390243902439
Mycolicibacterium hassiacum,0.9024390243902439
Mycolicibacterium celeriflavum,0.9024390243902439
Mycolicibacterium moriokaense,0.9024390243902439
Halovulum dunhuangense,0.9024390243902439
Rhizobium sp. S41,0.9024390243902439
Hydrogenophaga sp. RAC07,0.9024390243902439
Mycolicibacterium pulveris,0.9024390243902439
Dinoroseobacter shibae,0.9024390243902439
Rhodovulum sp. P5,0.9024390243902439
Haloterrigena daqingensis,0.9024390243902439
[Polyangium] brachysporum,0.9024390243902439
Xylanimonas allomyrinae,0.9024390243902439
Mycolicibacterium fallax,0.9024390243902439
Mycolicibacterium thermoresistibile,0.9024390243902439
Salinicoccus halodurans,0.9024390243902439
Actinopolyspora erythraea,0.9024390243902439
Cupriavidus oxalaticus,0.9024390243902439
Acidipropionibacterium virtanenii,0.9024390243902439
Mesorhizobium sp. 8,0.9024390243902439
Sinorhizobium sp. RAC02,0.9024390243902439
Neorhizobium sp. NCHU2750,0.9024390243902439
Rhizobium sp. ACO-34A,0.9024390243902439
Thermobispora bispora,0.9024390243902439
Hydrogenophaga sp. PBL-H3,0.9024390243902439
Microbacterium sp. TPU 3598,0.9024390243902439
Microbacterium sp. 1S1,0.9024390243902439
Bosea sp. PAMC 26642,0.9024390243902439
Bosea vaviloviae,0.9024390243902439
Shewanella decolorationis,0.9024390243902439
Rheinheimera sp. D18,0.9024390243902439
Microlunatus sp. KUDC0627,0.9024390243902439
Microlunatus sp. Gsoil 973,0.9024390243902439
Agromyces sp. HY052,0.9024390243902439
Acinetobacter wuhouensis,0.9024390243902439
Actinoalloteichus hoggarensis,0.9024390243902439
Acinetobacter ursingii,0.9024390243902439
Microlunatus soli,0.9024390243902439
Micromonospora krabiensis,0.9024390243902439
Micrococcus sp. A1,0.9024390243902439
Rhodococcus fascians,0.9024390243902439
Nocardiopsis gilva,0.9024390243902439
Streptosporangium sp. 'caverna',0.9024390243902439
Prauserella marina,0.9024390243902439
Frankia sp. EAN1pec,0.9024390243902439
Curtobacterium pusillum,0.9024390243902439
Curtobacterium flaccumfaciens,0.9024390243902439
Minicystis rosea,0.9024390243902439
Sphingopyxis alaskensis,0.9024390243902439
Streptomyces sp. C8S0,0.9024390243902439
Acinetobacter venetianus,0.9024390243902439
Sphingopyxis sp. 113P3,0.9024390243902439
Solimonas sp. K1W22B-7,0.9024390243902439
Leifsonia sp. PS1209,0.9024390243902439
Planctomyces sp. SH-PL62,0.9024390243902439
Arthrobacter sp. ERGS1:01,0.9024390243902439
Toxoplasma gondii,0.8780487804878049
Plantactinospora sp. KBS50,0.8780487804878049
Micromonospora coxensis,0.8780487804878049
Sphingobium sp. CAP-1,0.8780487804878049
Corynebacterium provencense,0.8780487804878049
Aminobacter sp. MSH1,0.8780487804878049
Deinococcus radiodurans,0.8780487804878049
Rubrobacter radiotolerans,0.8780487804878049
Deinococcus proteolyticus,0.8780487804878049
Mycobacteroides abscessus,0.8780487804878049
Neisseria mucosa,0.8780487804878049
Variovorax sp. PMC12,0.8780487804878049
Ruegeria pomeroyi,0.8780487804878049
Streptomyces rimosus,0.8780487804878049
Ilumatobacter coccineus,0.8780487804878049
Melaminivora sp. SC2-9,0.8780487804878049
Mycolicibacterium rhodesiae,0.8780487804878049
Lactobacillus fermentum,0.8780487804878049
Lactococcus lactis,0.8780487804878049
Micromonospora terminaliae,0.8780487804878049
Frankia sp. QA3,0.8780487804878049
Streptomyces sp. SAT1,0.8780487804878049
Cystobacter fuscus,0.8780487804878049
Myxococcus stipitatus,0.8780487804878049
Haemophilus parainfluenzae,0.8780487804878049
Tomitella sp. HY188,0.8780487804878049
Streptomyces sp. CdTB01,0.8780487804878049
Chromohalobacter salexigens,0.8780487804878049
Salinicola tamaricis,0.8780487804878049
Micromonospora echinofusca,0.8780487804878049
Micromonospora sp. WMMC415,0.8780487804878049
Pseudarthrobacter phenanthrenivorans,0.8780487804878049
Nocardia otitidiscaviarum,0.8780487804878049
Nocardia mangyaensis,0.8780487804878049
Acinetobacter soli,0.8780487804878049
Acinetobacter bereziniae,0.8780487804878049
Acidovorax sp. T1,0.8780487804878049
Haliangium ochraceum,0.8780487804878049
Caulobacter sp. FWC26,0.8780487804878049
Tistrella mobilis,0.8780487804878049
Streptomyces griseoviridis,0.8780487804878049
Frondihabitans sp. PAMC 28766,0.8780487804878049
Streptomyces albulus,0.8780487804878049
Streptomyces vietnamensis,0.8780487804878049
Enterobacter roggenkampii,0.8780487804878049
Altererythrobacter namhicola,0.8780487804878049
Rathayibacter festucae,0.8780487804878049
Starkeya novella,0.8780487804878049
Streptacidiphilus sp. DSM 106435,0.8780487804878049
Devosia sp. I507,0.8780487804878049
Corynebacterium glutamicum,0.8780487804878049
Devosia ginsengisoli,0.8780487804878049
Burkholderia cenocepacia,0.8780487804878049
Chelatococcus sp. CO-6,0.8536585365853658
Rathayibacter sp. VKM Ac-2760,0.8536585365853658
Pantoea vagans,0.8536585365853658
Mixta calida,0.8536585365853658
Sphingobium sp. TKS,0.8536585365853658
Mycolicibacterium gadium,0.8536585365853658
Rhizobium rhizoryzae,0.8536585365853658
Streptomyces globosus,0.8536585365853658
Weissella paramesenteroides,0.8536585365853658
Stackebrandtia nassauensis,0.8536585365853658
Sphingomonas sp. MK52,0.8536585365853658
Collinsella aerofaciens,0.8536585365853658
Arthrobacter sp. U41,0.8536585365853658
Streptomyces clavuligerus,0.8536585365853658
Micromonospora siamensis,0.8536585365853658
Sphingobium sp. SYK-6,0.8536585365853658
Corynebacterium uterequi,0.8536585365853658
Actinomyces slackii,0.8536585365853658
Lysinimonas sp. KACC 19322,0.8536585365853658
Streptomyces alboflavus,0.8536585365853658
Streptomyces olivoreticuli,0.8536585365853658
Xylophilus sp. KACC 21265,0.8536585365853658
Acinetobacter cumulans,0.8536585365853658
Glutamicibacter nicotianae,0.8536585365853658
Austwickia chelonae,0.8536585365853658
Paracoccus marcusii,0.8536585365853658
Halomonas elongata,0.8536585365853658
Streptomyces sp. WAC 01438,0.8536585365853658
Shewanella sp. MR-4,0.8536585365853658
Streptomyces griseus,0.8536585365853658
Shewanella sp. MR-7,0.8536585365853658
Saccharomonospora azurea,0.8536585365853658
Pseudomonas sp. LTJR-52,0.8536585365853658
Staphylococcus xylosus,0.8536585365853658
Micromonospora purpureochromogenes,0.8536585365853658
Corynebacterium diphtheriae,0.8536585365853658
Sphingobium baderi,0.8292682926829268
Sphingobium hydrophobicum,0.8292682926829268
Streptomyces antibioticus,0.8292682926829268
Azorhizobium caulinodans,0.8292682926829268
Escherichia fergusonii,0.8292682926829268
Roseivivax sp. THAF30,0.8292682926829268
Pulveribacter suum,0.8292682926829268
Roseibacterium elongatum,0.8292682926829268
Streptomyces sp. YIM 121038,0.8292682926829268
Saccharomonospora glauca,0.8292682926829268
Sphingomonas sp. C8-2,0.8292682926829268
Glutamicibacter sp. ZJUTW,0.8292682926829268
Streptomyces luteoverticillatus,0.8292682926829268
Neisseria subflava,0.8292682926829268
Micromonospora sp. WMMA2032,0.8292682926829268
Streptomyces scabiei,0.8292682926829268
Streptomyces sp. GSSD-12,0.8292682926829268
Variovorax sp. WDL1,0.8292682926829268
Glutamicibacter mishrai,0.8292682926829268
Mycobacterium sp. MS1601,0.8292682926829268
Olsenella umbonata,0.8292682926829268
Paraburkholderia fungorum,0.8292682926829268
Leuconostoc pseudomesenteroides,0.8292682926829268
Amycolatopsis orientalis,0.8292682926829268
Leifsonia sp. 21MFCrub1.1,0.8292682926829268
Aeromonas sp. ASNIH5,0.8292682926829268
Sporisorium graminicola,0.8292682926829268
Indioceanicola profundi,0.8292682926829268
Corallococcus macrosporus,0.8292682926829268
Arthrobacter sp. UKPF54-2,0.8292682926829268
Streptomyces sp. W1SF4,0.8292682926829268
Actinomyces oris,0.8292682926829268
Nitratireductor sp. SY7,0.8292682926829268
Streptomyces sp. QMT-12,0.8292682926829268
Streptomyces sp. ZFG47,0.8292682926829268
Streptomyces sp. P3,0.8292682926829268
Chryseobacterium gleum,0.8292682926829268
Bordetella hinzii,0.8292682926829268
Caulobacter sp. K31,0.8292682926829268
Caulobacter vibrioides,0.8292682926829268
Nocardia seriolae,0.8048780487804879
Anaeromyxobacter sp. Fw109-5,0.8048780487804879
Actinomyces naeslundii,0.8048780487804879
Microvirga sp. 17 mud 1-3,0.8048780487804879
Corynebacterium matruchotii,0.8048780487804879
Sphingopyxis lindanitolerans,0.8048780487804879
Nocardia nova,0.8048780487804879
Sulfitobacter sp. AM1-D1,0.8048780487804879
Clostridium botulinum,0.8048780487804879
Corynebacterium sp. 2039,0.8048780487804879
Lactobacillus plantarum,0.8048780487804879
Croceicoccus naphthovorans,0.8048780487804879
Streptomyces actuosus,0.8048780487804879
Streptomyces sp. DSM 40868,0.8048780487804879
Frankia alni,0.8048780487804879
Prevotella intermedia,0.8048780487804879
Nocardia sp. CS682,0.8048780487804879
Streptomyces ficellus,0.8048780487804879
Acidovorax sp. HDW3,0.7804878048780488
Staphylococcus sp. M0911,0.7804878048780488
Streptomyces sp. MK-45,0.7804878048780488
Prevotella melaninogenica,0.7804878048780488
Paracoccus aestuarii,0.7804878048780488
Phaeobacter gallaeciensis,0.7804878048780488
Nakamurella panacisegetis,0.7804878048780488
Micromonospora inositola,0.7804878048780488
Mesorhizobium sp. NIBRBAC000500504,0.7804878048780488
Bordetella genomosp. 13,0.7804878048780488
Mycolicibacterium confluentis,0.7804878048780488
Arthrobacter sp. KBS0702,0.7804878048780488
Pseudomonas xanthomarina,0.7804878048780488
Massilia armeniaca,0.7804878048780488
Sphingosinithalassobacter sp. zrk23,0.7804878048780488
Sphingobium sp. RAC03,0.7804878048780488
Arthrobacter alpinus,0.7804878048780488
Leclercia adecarboxylata,0.7804878048780488
Sphingomonas sp. KC8,0.7804878048780488
Autographa californica multiple nucleopolyhedrovirus,0.7804878048780488
Nocardia sp. CFHS0054,0.7560975609756098
Veillonella parvula,0.7560975609756098
Arthrobacter sp. PAMC25564,0.7560975609756098
Streptomyces lavendulae,0.7560975609756098
Streptomyces lincolnensis,0.7560975609756098
Micromonospora coriariae,0.7560975609756098
Massilia flava,0.7560975609756098
Streptococcus pneumoniae,0.7560975609756098
Streptococcus sanguinis,0.7560975609756098
Macrococcus sp. IME1552,0.7560975609756098
Caulobacter rhizosphaerae,0.7560975609756098
Actinomyces sp. Chiba101,0.7560975609756098
Acinetobacter nosocomialis,0.7560975609756098
Streptomyces sp. M2,0.7560975609756098
Aeromonas sp. ASNIH2,0.7560975609756098
Gemmataceae bacterium,0.7560975609756098
Streptococcus oralis,0.7560975609756098
Pseudenhygromyxa sp. WMMC2535,0.7560975609756098
Salmonella enterica,0.7560975609756098
Aminobacter aminovorans,0.7560975609756098
Massilia violaceinigra,0.7560975609756098
Streptomyces sp. GY16,0.7317073170731707
Chryseobacterium sp.,0.7317073170731707
Streptomyces aureoverticillatus,0.7317073170731707
Streptomyces sp. GS7,0.7317073170731707
Micromonospora sp. HM134,0.7317073170731707
Aeromonas sp. ASNIH1,0.7317073170731707
Hypericibacter adhaerens,0.7317073170731707
Streptomyces sp. HM190,0.7317073170731707
Saccharomonospora cyanea,0.7317073170731707
Aeromonas sp. ASNIH7,0.7317073170731707
Burkholderia cepacia,0.7317073170731707
Acinetobacter sp. TTH0-4,0.7317073170731707
Neisseria elongata,0.7317073170731707
Roseateles depolymerans,0.7317073170731707
Nocardia arthritidis,0.7317073170731707
Gemmata obscuriglobus,0.7317073170731707
Streptococcus suis,0.7317073170731707
Flaviflexus salsibiostraticola,0.7317073170731707
Finegoldia magna,0.7317073170731707
Celeribacter manganoxidans,0.7317073170731707
Rothia dentocariosa,0.7317073170731707
Rothia aeria,0.7317073170731707
Streptococcus infantarius,0.7317073170731707
Beijerinckiaceae bacterium RH AL1,0.7317073170731707
Starkeya sp. ORNL1,0.7317073170731707
Micromonospora viridifaciens,0.7073170731707317
Lactobacillus delbrueckii,0.7073170731707317
Cryobacterium sp. LW097,0.7073170731707317
Amycolatopsis sp. BJA-103,0.7073170731707317
Staphylococcus kloosii,0.7073170731707317
Ancylobacter sp. TS-1,0.7073170731707317
Novosphingobium pentaromativorans,0.7073170731707317
Streptomyces hundungensis,0.7073170731707317
Caulobacter segnis,0.7073170731707317
Streptococcus gordonii,0.7073170731707317
Georhizobium profundi,0.7073170731707317
Acinetobacter sp. LoGeW2-3,0.7073170731707317
Gemella haemolysans,0.7073170731707317
Erythrobacter gangjinensis,0.7073170731707317
Massilia albidiflava,0.7073170731707317
Yoonia vestfoldensis,0.7073170731707317
Nitrospirillum amazonense,0.7073170731707317
Rhodoplanes sp. Z2-YC6860,0.7073170731707317
Rhizobium etli,0.7073170731707317
Deinococcus geothermalis,0.6829268292682927
Rhizobium sp. IRBG74,0.6829268292682927
Streptococcus sp. oral taxon 431,0.6829268292682927
Massilia umbonata,0.6829268292682927
Egicoccus halophilus,0.6829268292682927
Burkholderia multivorans,0.6829268292682927
Sphingobacterium hotanense,0.6829268292682927
Acinetobacter sp. WCHAc010034,0.6829268292682927
Comamonas sp. NLF-7-7,0.6829268292682927
Corynebacterium deserti,0.6829268292682927
Streptomyces parvulus,0.6829268292682927
Mycolicibacterium aubagnense,0.6829268292682927
Mycobacterium sp. JS623,0.6829268292682927
Ralstonia pickettii,0.6829268292682927
Paracoccus haeundaensis,0.6829268292682927
Phreatobacter stygius,0.6829268292682927
Alcanivorax pacificus,0.6829268292682927
Altererythrobacter atlanticus,0.6829268292682927
Streptomyces sp. SM18,0.6829268292682927
Anaeromyxobacter dehalogenans,0.6829268292682927
Actinosynnema pretiosum,0.6829268292682927
Limnobacter sp. SAORIC-580,0.6829268292682927
Acinetobacter defluvii,0.6829268292682927
Arthrobacter sp. ZXY-2,0.6585365853658537
Corynebacterium ammoniagenes,0.6585365853658537
Halomonas sp. JS92-SW72,0.6585365853658537
Serpentinomonas mccroryi,0.6585365853658537
Caulobacter sp. Ji-3-8,0.6585365853658537
Acinetobacter gyllenbergii,0.6585365853658537
Aeromonas sp. ASNIH3,0.6585365853658537
Deinococcus swuensis,0.6585365853658537
Gloeocapsa sp. PCC 7428,0.6585365853658537
Auritidibacter sp. NML130574,0.6585365853658537
Streptomyces tendae,0.6585365853658537
Ketogulonicigenium vulgare,0.6585365853658537
Leisingera aquaemixtae,0.6585365853658537
Streptomyces nigra,0.6585365853658537
Diaminobutyricimonas sp. LJ205,0.6585365853658537
Streptococcus cristatus,0.6585365853658537
Massilia lutea,0.6585365853658537
Mycolicibacterium poriferae,0.6585365853658537
Pantoea sp. PSNIH1,0.6585365853658537
Streptococcus salivarius,0.6585365853658537
Achromobacter insolitus,0.6585365853658537
Mycolicibacterium insubricum,0.6585365853658537
Streptomyces sp. 3214.6,0.6585365853658537
Rhodospirillum centenum,0.6585365853658537
Micromonospora rifamycinica,0.6585365853658537
Acinetobacter sp. NCu2D-2,0.6585365853658537
Erythrobacter sp. THAF29,0.6585365853658537
Marisediminicola antarctica,0.6341463414634146
Maribius sp. THAF1,0.6341463414634146
Labrys neptuniae,0.6341463414634146
Melittangium boletus,0.6341463414634146
Streptomyces sp. Z423-1,0.6341463414634146
Rhodanobacter denitrificans,0.6341463414634146
Martelella mediterranea,0.6341463414634146
Mesorhizobium sp. DCY119,0.6341463414634146
Micromonospora narathiwatensis,0.6341463414634146
Corynebacterium kroppenstedtii,0.6341463414634146
Azospirillum thiophilum,0.6341463414634146
Lawsonella clevelandensis,0.6341463414634146
Pantoea agglomerans,0.6341463414634146
Oceanicola sp. D3,0.6341463414634146
Xanthomonas arboricola,0.6341463414634146
Acinetobacter sp. NEB149,0.6341463414634146
Sulfitobacter sp. THAF37,0.6341463414634146
Mycobacterium gallinarum,0.6341463414634146
Streptococcus gwangjuense,0.6341463414634146
Streptomyces nitrosporeus,0.6341463414634146
Xanthomonas vesicatoria,0.6341463414634146
Comamonas kerstersii,0.6097560975609756
Azoarcus communis,0.6097560975609756
Methylobacterium radiotolerans,0.6097560975609756
Corynebacterium phocae,0.6097560975609756
Dyella thiooxydans,0.6097560975609756
Micavibrio aeruginosavorus,0.6097560975609756
Flavobacterium indicum,0.6097560975609756
Pseudomonas sp. DY-1,0.6097560975609756
Novosphingobium tardaugens,0.6097560975609756
Streptomyces sp. fd1-xmd,0.6097560975609756
Roseovarius sp. THAF9,0.6097560975609756
Pseudomonas syringae,0.6097560975609756
Hymenobacter sp. DG01,0.6097560975609756
Azoarcus sp. DD4,0.6097560975609756
Verrucosispora maris,0.6097560975609756
Xanthomonas albilineans,0.6097560975609756
Variovorax sp. PAMC 28711,0.6097560975609756
Streptomyces davaonensis,0.6097560975609756
Streptomyces fungicidicus,0.6097560975609756
Bacillus megaterium,0.6097560975609756
Streptomyces prasinus,0.6097560975609756
Bifidobacterium pseudolongum,0.6097560975609756
Mesorhizobium loti,0.6097560975609756
Salinibacterium sp. dk2585,0.5853658536585366
Streptomyces sp. JB150,0.5853658536585366
Streptomyces sp. QHH-9511,0.5853658536585366
Glutamicibacter halophytocola,0.5853658536585366
Bradyrhizobium sp. BTAi1,0.5853658536585366
Mesorhizobium sp. Pch-S,0.5853658536585366
Streptomyces subrutilus,0.5853658536585366
Streptomyces seoulensis,0.5853658536585366
Streptomyces katrae,0.5853658536585366
Streptomyces asterosporus,0.5853658536585366
Streptomyces vinaceus,0.5853658536585366
Streptomyces lunaelactis,0.5853658536585366
Phaeobacter inhibens,0.5853658536585366
Celeribacter ethanolicus,0.5853658536585366
Arthrobacter sp. 24S4-2,0.5853658536585366
Arthrobacter sp. PGP41,0.5853658536585366
Xanthomonas cucurbitae,0.5853658536585366
[Ruminococcus] gnavus,0.5853658536585366
Actinoalloteichus hymeniacidonis,0.5853658536585366
Phenylobacterium sp. HYN0004,0.5853658536585366
Thauera aromatica,0.5853658536585366
Pseudomonas denitrificans (nomen rejiciendum),0.5853658536585366
Rhodoferax sediminis,0.5853658536585366
Dolosigranulum pigrum,0.5853658536585366
Truepera radiovictrix,0.5853658536585366
Staphylococcus warneri,0.5853658536585366
Staphylococcus pasteuri,0.5853658536585366
Pseudomonas sp. ATCC 13867,0.5853658536585366
Acinetobacter dispersus,0.5853658536585366
Pseudomonas protegens,0.5853658536585366
Mycolicibacterium anyangense,0.5853658536585366
Streptomyces gilvosporeus,0.5853658536585366
Variovorax sp. PBS-H4,0.5853658536585366
Streptomyces ambofaciens,0.5609756097560976
Pauljensenia hongkongensis,0.5609756097560976
Labilithrix luteola,0.5609756097560976
Mycolicibacterium boenickei,0.5609756097560976
Saccharomonospora sp. 31sw,0.5609756097560976
Ketogulonicigenium robustum,0.5609756097560976
Limnoglobus roseus,0.5609756097560976
Flavihumibacter sp. SB-02,0.5609756097560976
Rhizobium daejeonense,0.5609756097560976
Pochonia chlamydosporia,0.5609756097560976
Rhodococcus coprophilus,0.5609756097560976
Streptomyces sp. SirexAA-E,0.5609756097560976
Mycobacterium saskatchewanense,0.5609756097560976
Methylibium petroleiphilum,0.5609756097560976
Euzebya sp. DY32-46,0.5609756097560976
Cupriavidus gilardii,0.5609756097560976
Verminephrobacter eiseniae,0.5609756097560976
Mycolicibacillus koreensis,0.5609756097560976
Pluralibacter gergoviae,0.5609756097560976
Chryseobacterium sp. POL2,0.5609756097560976
Thauera chlorobenzoica,0.5609756097560976
Babesia bigemina,0.5609756097560976
Aeromonas salmonicida,0.5609756097560976
Achromobacter sp. MFA1 R4,0.5609756097560976
Streptomyces viridosporus,0.5609756097560976
Leisingera methylohalidivorans,0.5365853658536586
Duganella sp. AF9R3,0.5365853658536586
Variovorax sp. RA8,0.5365853658536586
Variovorax boronicumulans,0.5365853658536586
Micromonospora chokoriensis,0.5365853658536586
Corynebacterium atypicum,0.5365853658536586
Veillonella dispar,0.5365853658536586
Methylibium sp. Pch-M,0.5365853658536586
Pigmentiphaga sp. H8,0.5365853658536586
Streptococcus sp. 116-D4,0.5365853658536586
Myxococcus hansupus,0.5365853658536586
Streptomyces sp. T44,0.5365853658536586
Streptomyces sp. CMB-StM0423,0.5365853658536586
Streptomyces sp. Z022,0.5365853658536586
Streptomyces exfoliatus,0.5365853658536586
Cellvibrio sp. KY-GH-1,0.5365853658536586
Pseudorhodobacter sp. S12M18,0.5365853658536586
Janthinobacterium agaricidamnosum,0.5365853658536586
Massilia sp. NR 4-1,0.5365853658536586
Martelella sp. AD-3,0.5365853658536586
Erythrobacter atlanticus,0.5365853658536586
Rathayibacter sp. VKM Ac-2804,0.5365853658536586
Pectobacterium carotovorum,0.5365853658536586
Streptomyces peucetius,0.5365853658536586
Streptomyces griseochromogenes,0.5365853658536586
Streptomyces cacaoi,0.5365853658536586
Sulfitobacter sp. SK025,0.5365853658536586
Arthrobacter sp. FB24,0.5365853658536586
Alcanivorax sp. N3-2A,0.5365853658536586
Inhella inkyongensis,0.5365853658536586
Azotobacter chroococcum,0.5121951219512195
Ancylobacter pratisalsi,0.5121951219512195
Halomonas sp. 1513,0.5121951219512195
Niveispirillum cyanobacteriorum,0.5121951219512195
Massilia plicata,0.5121951219512195
Candidatus Promineofilum breve,0.5121951219512195
Botrytis cinerea,0.5121951219512195
Streptomyces sp. 2323.1,0.5121951219512195
Mycolicibacterium helvum,0.5121951219512195
Streptomyces sp. Go-475,0.5121951219512195
Streptomyces sp. TN58,0.5121951219512195
Antarctobacter heliothermus,0.5121951219512195
Streptomyces nodosus,0.5121951219512195
Paludisphaera borealis,0.5121951219512195
Rathayibacter tanaceti,0.5121951219512195
Klebsiella quasipneumoniae,0.5121951219512195
Stigmatella aurantiaca,0.5121951219512195
Plautia stali symbiont,0.5121951219512195
Mycobacterium parmense,0.5121951219512195
Agrobacterium larrymoorei,0.5121951219512195
Ustilago maydis,0.5121951219512195
Sphingobium sp. EP60837,0.5121951219512195
Streptomyces collinus,0.5121951219512195
Sphingosinicella microcystinivorans,0.5121951219512195
Paucibacter sp. KCTC 42545,0.5121951219512195
Cryobacterium sp. GCJ02,0.5121951219512195
Turicibacter sp. H121,0.5121951219512195
Micromonospora zamorensis,0.5121951219512195
Bifidobacterium catenulatum,0.4878048780487805
Cronobacter sakazakii,0.4878048780487805
Bradyrhizobium sp. ORS 285,0.4878048780487805
Nordella sp. HKS 07,0.4878048780487805
Streptomyces tirandamycinicus,0.4878048780487805
Mycobacterium sp. DL592,0.4878048780487805
Streptococcus sp. NPS 308,0.4878048780487805
Sulfitobacter sp. D7,0.4878048780487805
Fusarium venenatum,0.4878048780487805
Hyphomonas sp. CACIAM 19H1,0.4878048780487805
Nitratireductor sp. OM-1,0.4878048780487805
Pseudomonas sp. SCB32,0.4878048780487805
Streptomyces qaidamensis,0.4878048780487805
Vibrio fluvialis,0.4878048780487805
Streptomyces fodineus,0.4878048780487805
Streptomyces glaucescens,0.4878048780487805
Monaibacterium sp. ALG8,0.4878048780487805
Blautia sp. SC05B48,0.4878048780487805
Orrella dioscoreae,0.4878048780487805
Streptomyces formicae,0.4878048780487805
Streptomyces qinzhouensis,0.4878048780487805
Streptomyces violaceoruber,0.4878048780487805
Variovorax sp. PBL-H6,0.4878048780487805
Erythrobacter sp. KY5,0.4878048780487805
Candidatus Frankia datiscae,0.4878048780487805
Bifidobacterium pseudocatenulatum,0.4878048780487805
Bradyrhizobiaceae bacterium SG-6C,0.4878048780487805
Acinetobacter sp. 185,0.4878048780487805
Mycobacterium sp. EPa45,0.4634146341463415
Zhihengliuella sp. ISTPL4,0.4634146341463415
Cryobacterium arcticum,0.4634146341463415
Pseudorhodoplanes sinuspersici,0.4634146341463415
Mycobacterium sp. DL90,0.4634146341463415
Parvibaculum lavamentivorans,0.4634146341463415
Micromonospora sp. B006,0.4634146341463415
Auricoccus indicus,0.4634146341463415
Clostridium perfringens,0.4634146341463415
Ottowia sp. oral taxon 894,0.4634146341463415
Alcanivorax xenomutans,0.4634146341463415
Roseovarius sp. MME-070,0.4634146341463415
Streptomyces avermitilis,0.4634146341463415
Aerosticca soli,0.4634146341463415
Hartmannibacter diazotrophicus,0.4634146341463415
Youhaiella tibetensis,0.4634146341463415
Azospirillum sp. TSA2s,0.4634146341463415
Hyphomicrobium nitrativorans,0.4634146341463415
Neisseria sp. oral taxon 014,0.4634146341463415
Chondrocystis sp. NIES-4102,0.4634146341463415
Novosphingobium sp. PP1Y,0.4634146341463415
Neisseria meningitidis,0.4634146341463415
Deinococcus sp. AJ005,0.4634146341463415
Acinetobacter baylyi,0.4634146341463415
Bradyrhizobium sp. ORS 278,0.4634146341463415
Streptococcus australis,0.4634146341463415
Blastochloris tepida,0.4634146341463415
Polaromonas sp. JS666,0.4634146341463415
Acinetobacter sp. dk386,0.4634146341463415
Mycobacterium branderi,0.4634146341463415
Breoghania sp. L-A4,0.43902439024390244
Acinetobacter sp. TGL-Y2,0.43902439024390244
Simplicispira suum,0.43902439024390244
Mycobacterium conspicuum,0.43902439024390244
Mycobacterium kansasii,0.43902439024390244
Chondromyces crocatus,0.43902439024390244
Klebsiella aerogenes,0.43902439024390244
Stanieria cyanosphaera,0.43902439024390244
Corynebacterium aquilae,0.43902439024390244
Tardibacter chloracetimidivorans,0.43902439024390244
Streptomyces coeruleorubidus,0.43902439024390244
Pelagibacterium halotolerans,0.43902439024390244
Immundisolibacter cernigliae,0.43902439024390244
Pseudarthrobacter chlorophenolicus,0.43902439024390244
Actinobacteria bacterium YIM 96077,0.43902439024390244
Streptomyces globisporus,0.43902439024390244
Tateyamaria omphalii,0.43902439024390244
Streptomyces atratus,0.43902439024390244
Chelativorans sp. BNC1,0.43902439024390244
Methylobacterium sp. C1,0.43902439024390244
Diaphorobacter sp. HDW4A,0.43902439024390244
Polaromonas naphthalenivorans,0.43902439024390244
Megasphaera elsdenii,0.43902439024390244
Cupriavidus basilensis,0.43902439024390244
Cellvibrio sp. KY-YJ-3,0.43902439024390244
Scytonema sp. NIES-4073,0.43902439024390244
Sphingobium chlorophenolicum,0.43902439024390244
Sphaerobacter thermophilus,0.43902439024390244
Hypericibacter terrae,0.43902439024390244
Rhodococcus sp. ABRD24,0.43902439024390244
Streptomyces dengpaensis,0.4146341463414634
Azoarcus sp. CIB,0.4146341463414634
Scytonema sp. HK-05,0.4146341463414634
Streptomyces pristinaespiralis,0.4146341463414634
Sphingomonas sp. CSW-10,0.4146341463414634
Caulobacter henricii,0.4146341463414634
Sphingopyxis granuli,0.4146341463414634
Hylemonella gracilis,0.4146341463414634
Saccharomonospora viridis,0.4146341463414634
Staphylococcus auricularis,0.4146341463414634
Rhizobium pusense,0.4146341463414634
Planctomycetes bacterium Pan44,0.4146341463414634
Sphingobium herbicidovorans,0.4146341463414634
Streptomyces sp. RPA4-2,0.4146341463414634
Streptomyces galilaeus,0.4146341463414634
Acidovorax citrulli,0.4146341463414634
Roseitalea porphyridii,0.4146341463414634
Mesorhizobium sp. M4B.F.Ca.ET.058.02.1.1,0.4146341463414634
Frankia casuarinae,0.4146341463414634
Streptomyces sp. SYP-A7193,0.4146341463414634
Hymenobacter oligotrophus,0.4146341463414634
Planctomyces sp. SH-PL14,0.4146341463414634
Planctomycetales bacterium,0.4146341463414634
Streptomyces spongiicola,0.4146341463414634
Pseudolabrys taiwanensis,0.4146341463414634
Glutamicibacter arilaitensis,0.4146341463414634
Sulfitobacter pseudonitzschiae,0.4146341463414634
Deinococcus irradiatisoli,0.4146341463414634
Arthrobacter sp. PAMC 25486,0.4146341463414634
Alcaligenes faecalis,0.4146341463414634
Streptomyces kanamyceticus,0.4146341463414634
Egibacter rhizosphaerae,0.4146341463414634
Achromobacter sp. AONIH1,0.4146341463414634
Burkholderia plantarii,0.4146341463414634
Streptomyces roseochromogenus,0.4146341463414634
Blastochloris viridis,0.4146341463414634
Bradyrhizobium oligotrophicum,0.4146341463414634
Corynebacteriaceae bacterium 'ARUP UnID 227',0.4146341463414634
Mesorhizobium amorphae,0.4146341463414634
Rhizobium sp. Y9,0.4146341463414634
Hymenobacter sp. BT182,0.4146341463414634
Streptomyces pactum,0.4146341463414634
Bifidobacterium thermophilum,0.4146341463414634
Hydrogenophaga crassostreae,0.4146341463414634
Aromatoleum aromaticum,0.3902439024390244
Neomicrococcus aestuarii,0.3902439024390244
Mycolicibacter sinensis,0.3902439024390244
Luteibacter pinisoli,0.3902439024390244
Chryseobacterium sp. 6424,0.3902439024390244
Pyricularia oryzae,0.3902439024390244
Rhodococcus pyridinivorans,0.3902439024390244
Acinetobacter guillouiae,0.3902439024390244
Acinetobacter sp. 323-1,0.3902439024390244
Mesorhizobium sp. M3A.F.Ca.ET.080.04.2.1,0.3902439024390244
Planctomycetes bacterium I41,0.3902439024390244
Mycobacterium sp. THAF192,0.3902439024390244
Sphingobacterium mizutaii,0.3902439024390244
Acidovorax sp. JS42,0.3902439024390244
Deinococcus deserti,0.3902439024390244
Gardnerella vaginalis,0.3902439024390244
Jatrophihabitans sp. GAS493,0.3902439024390244
Streptomyces sp. WAC 01529,0.3902439024390244
Rhodobacteraceae bacterium 9Alg 56,0.3902439024390244
Bradyrhizobium sp. CCBAU 051011,0.3902439024390244
Rhodospirillaceae bacterium B3,0.3902439024390244
Azoarcus sp. KH32C,0.3902439024390244
Streptomyces alboniger,0.3902439024390244
Corynebacterium lactis,0.3902439024390244
Sphingobium sp. SCG-1,0.3902439024390244
Mycolicibacterium alvei,0.3902439024390244
Micromonospora tulbaghiae,0.3902439024390244
Acetobacteraceae bacterium,0.3902439024390244
Asticcacaulis excentricus,0.3902439024390244
Deinococcus maricopensis,0.3902439024390244
Megamonas funiformis,0.3902439024390244
Streptomyces anulatus,0.3902439024390244
Frankineae bacterium MT45,0.3902439024390244
Devosia sp. 1566,0.3902439024390244
Herbaspirillum seropedicae,0.3902439024390244
Bordetella bronchialis,0.3902439024390244
Cupriavidus metallidurans,0.3902439024390244
Halomonas sp. BC-M4-5,0.3902439024390244
Herbaspirillum robiniae,0.3902439024390244
Pseudarthrobacter equi,0.36585365853658536
Streptomyces sp. S4.7,0.36585365853658536
Bradyrhizobium icense,0.36585365853658536
Bradyrhizobium paxllaeri,0.36585365853658536
Hyphomicrobium denitrificans,0.36585365853658536
Pseudolabrys sp. FHR47,0.36585365853658536
Mesorhizobium sp. M1E.F.Ca.ET.045.02.1.1,0.36585365853658536
Streptomyces sp. QMT-28,0.36585365853658536
Bordetella petrii,0.36585365853658536
Noviherbaspirillum sp. UKPF54,0.36585365853658536
Candidatus Thiodictyon syntrophicum,0.36585365853658536
Halomonas sp. THAF12,0.36585365853658536
Azospirillum sp. M2T2B2,0.36585365853658536
Azospirillum sp. TSH100,0.36585365853658536
Rhodobaca barguzinensis,0.36585365853658536
Halomonas sp. NBT06E8,0.36585365853658536
Serpentinomonas raichei,0.36585365853658536
Cupriavidus campinensis,0.36585365853658536
Hydrogenophaga sp. PAMC20947,0.36585365853658536
Azoarcus sp. DN11,0.36585365853658536
Azoarcus sp. SY39,0.36585365853658536
Epibacterium mobile,0.36585365853658536
Corynebacterium renale,0.36585365853658536
Mesorhizobium sp. M1B.F.Ca.ET.045.04.1.1,0.36585365853658536
Bradyrhizobium sp. ORS 3257,0.36585365853658536
Rhizobium grahamii,0.36585365853658536
Burkholderia ubonensis,0.36585365853658536
Sphingobium sp. MI1205,0.36585365853658536
Acidibrevibacterium fodinaquatile,0.36585365853658536
Castellaniella defragrans,0.36585365853658536
Actinomyces sp. Z16,0.36585365853658536
Lactobacillus manihotivorans,0.36585365853658536
Nitrosomonadales bacterium 0125_3,0.36585365853658536
Methyloversatilis sp. RAC08,0.36585365853658536
Vogesella sp. LIG4,0.36585365853658536
Ferrovibrio terrae,0.36585365853658536
Martelella endophytica,0.36585365853658536
Hymenobacter sp. APR13,0.36585365853658536
Streptomyces sp. Tu 2975,0.36585365853658536
Debaryomyces hansenii,0.36585365853658536
Sinorhizobium medicae,0.34146341463414637
Pyricularia pennisetigena,0.34146341463414637
Mycolicibacter terrae,0.34146341463414637
Hymenobacter sp. BT18,0.34146341463414637
Dyella japonica,0.34146341463414637
Bifidobacterium bifidum,0.34146341463414637
Salinispora arenicola,0.34146341463414637
Pseudomonas parafulva,0.34146341463414637
Paraburkholderia sp. 7MH5,0.34146341463414637
Deinococcus puniceus,0.34146341463414637
Kosakonia cowanii,0.34146341463414637
Azospirillum humicireducens,0.34146341463414637
Diaphorobacter sp. HDW4B,0.34146341463414637
Actinomyces sp. dk561,0.34146341463414637
Streptomyces pluripotens,0.34146341463414637
Bacteroides vulgatus,0.34146341463414637
Halomonas socia,0.34146341463414637
Paraburkholderia aromaticivorans,0.34146341463414637
Betaproteobacteria bacterium GR16-43,0.34146341463414637
Mycobacterium shigaense,0.34146341463414637
Mesorhizobium sp. M1D.F.Ca.ET.043.01.1.1,0.34146341463414637
Methylobacterium sp. DM1,0.34146341463414637
Variibacter gotjawalensis,0.34146341463414637
Roseburia intestinalis,0.34146341463414637
Lacunisphaera limnophila,0.34146341463414637
Streptomyces sp. jing01,0.34146341463414637
Bradyrhizobium symbiodeficiens,0.34146341463414637
Methylosinus trichosporium,0.34146341463414637
Rhodothermus marinus,0.34146341463414637
Ensifer alkalisoli,0.34146341463414637
Planctomycetes bacterium Pla175,0.34146341463414637
Sinorhizobium americanum,0.34146341463414637
Streptomyces sp. KPB2,0.34146341463414637
Gluconacetobacter diazotrophicus,0.34146341463414637
Chelatococcus daeguensis,0.34146341463414637
Thalassococcus sp. S3,0.34146341463414637
Sulfurifustis variabilis,0.34146341463414637
Phreatobacter sp. NMCR1094,0.34146341463414637
Hymenobacter sp. PAMC 26554,0.3170731707317073
Hymenobacter swuensis,0.3170731707317073
Altererythrobacter sp. ZODW24,0.3170731707317073
Scheffersomyces stipitis,0.3170731707317073
Gordonia sp. HY186,0.3170731707317073
Streptococcus pseudopneumoniae,0.3170731707317073
Tolumonas auensis,0.3170731707317073
Rhodococcus jostii,0.3170731707317073
Mycolicibacter hiberniae,0.3170731707317073
Mycobacterium colombiense,0.3170731707317073
Cnuibacter physcomitrellae,0.3170731707317073
Phycisphaera mikurensis,0.3170731707317073
Micrococcus sp. V7,0.3170731707317073
Bradyrhizobium guangdongense,0.3170731707317073
Bradyrhizobium guangxiense,0.3170731707317073
Bacteroides fragilis,0.3170731707317073
Bradyrhizobium japonicum,0.3170731707317073
Bradyrhizobium lablabi,0.3170731707317073
Bradyrhizobium canariense,0.3170731707317073
Agrobacterium fabrum,0.3170731707317073
Cellulosimicrobium sp. 72-3,0.3170731707317073
Magnetospirillum gryphiswaldense,0.3170731707317073
Rhizobium favelukesii,0.3170731707317073
Bradyrhizobium sp. CCGE-LA001,0.3170731707317073
Mycobacterium heidelbergense,0.3170731707317073
Staphylococcus caprae,0.3170731707317073
Halomonas beimenensis,0.3170731707317073
Lachnospiraceae bacterium GAM79,0.3170731707317073
Methylobacterium sp. AMS5,0.3170731707317073
Phaeobacter piscinae,0.3170731707317073
Dechloromonas aromatica,0.3170731707317073
Jannaschia sp. CCS1,0.3170731707317073
Corynebacterium cystitidis,0.3170731707317073
Chryseobacterium shandongense,0.3170731707317073
Pantoea sp. At-9b,0.3170731707317073
Haemophilus haemolyticus,0.3170731707317073
Streptococcus parasanguinis,0.2926829268292683
Staphylococcus virus Andhra,0.2926829268292683
Singulisphaera acidiphila,0.2926829268292683
Alienimonas californiensis,0.2926829268292683
Pichia kudriavzevii,0.2926829268292683
Nostocales cyanobacterium HT-58-2,0.2926829268292683
Nostoc sp. NIES-4103,0.2926829268292683
Marinobacter hydrocarbonoclasticus,0.2926829268292683
Pasteurella multocida,0.2926829268292683
Streptococcus sp. A12,0.2926829268292683
Burkholderia glumae,0.2926829268292683
Bordetella genomosp. 8,0.2926829268292683
Streptomyces antimycoticus,0.2926829268292683
Stanieria sp. NIES-3757,0.2926829268292683
Streptomyces fulvissimus,0.2926829268292683
Azospirillum sp. TSH58,0.2926829268292683
Rhodospirillum rubrum,0.2926829268292683
Diaphorobacter polyhydroxybutyrativorans,0.2926829268292683
Kurthia sp. 11kri321,0.2926829268292683
Chryseobacterium indologenes,0.2926829268292683
Thermobifida fusca,0.2926829268292683
Prevotella jejuni,0.2926829268292683
Vibrio metschnikovii,0.2926829268292683
Rhizobium sp. NXC24,0.2926829268292683
Porphyromonas gingivalis,0.2926829268292683
Sphingobacterium sp. G1-14,0.2926829268292683
Herbaspirillum huttiense,0.2926829268292683
Haemophilus parahaemolyticus,0.2926829268292683
Litoreibacter sp. LN3S51,0.2926829268292683
Nitrosomonadales bacterium Swamp67,0.2926829268292683
Corynebacterium sp. 1959,0.2926829268292683
Microcoleus sp. PCC 7113,0.2926829268292683
Streptomyces sp. CCM_MD2014,0.2926829268292683
Rhizobium phaseoli,0.2926829268292683
Bradyrhizobium zhanjiangense,0.2926829268292683
Fusobacterium nucleatum,0.2926829268292683
Mycobacterium sp. DL440,0.2926829268292683
Bradyrhizobium guangzhouense,0.2926829268292683
Streptomyces sp. 769,0.2926829268292683
Exiguobacterium sp. MH3,0.2682926829268293
Oscillatoria nigro-viridis,0.2682926829268293
Neisseria flavescens,0.2682926829268293
Stappia sp. ES.058,0.2682926829268293
Ralstonia mannitolilytica,0.2682926829268293
Roseovarius sp. THAF27,0.2682926829268293
Mycetocola sp. 449,0.2682926829268293
Ensifer sojae,0.2682926829268293
Cellulosimicrobium sp. TH-20,0.2682926829268293
Pyricularia grisea,0.2682926829268293
Bradyrhizobium sp. 1(2017),0.2682926829268293
Burkholderia pseudomallei,0.2682926829268293
Enterobacter bugandensis,0.2682926829268293
Shewanella oneidensis,0.2682926829268293
Cellvibrio sp. PSBB023,0.2682926829268293
[Clostridium] hiranonis,0.2682926829268293
Blastomonas sp. RAC04,0.2682926829268293
Salinispora tropica,0.2682926829268293
Opitutus sp. GAS368,0.2682926829268293
Mycobacterium sp. ELW1,0.2682926829268293
Fusarium verticillioides,0.2682926829268293
Magnetospirillum sp. XM-1,0.2682926829268293
Limnohabitans sp. 63ED37-2,0.2682926829268293
Sphingomonas sp. YZ-8,0.2682926829268293
Bordetella sp. N,0.2682926829268293
Enterococcus casseliflavus,0.2682926829268293
Klebsiella oxytoca,0.2682926829268293
Sphingorhabdus sp. IMCC1753,0.2682926829268293
Streptomyces sp. WAC 06738,0.2682926829268293
Pseudomonas nitroreducens,0.2682926829268293
Streptomyces sp. CB09001,0.2682926829268293
Gordonia sp. 135,0.24390243902439024
Rhodococcus sp. p52,0.24390243902439024
Haloterrigena turkmenica,0.24390243902439024
Bordetella flabilis,0.24390243902439024
Leptolyngbya sp. NIES-3755,0.24390243902439024
Bacillus cereus,0.24390243902439024
Amycolatopsis japonica,0.24390243902439024
Rhizobium sp. 11515TR,0.24390243902439024
Vulgatibacter incomptus,0.24390243902439024
Streptomyces sp. SUK 48,0.24390243902439024
Acinetobacter equi,0.24390243902439024
Capnocytophaga sputigena,0.24390243902439024
Aggregatibacter aphrophilus,0.24390243902439024
Streptomyces albidoflavus,0.24390243902439024
Bacteroides thetaiotaomicron,0.24390243902439024
Anaerobutyricum hallii,0.24390243902439024
Fusarium pseudograminearum,0.24390243902439024
Bifidobacterium breve,0.24390243902439024
Ruminococcus sp. JE7A12,0.24390243902439024
Microbacterium paraoxydans,0.24390243902439024
Prevotella denticola,0.24390243902439024
Marichromatium purpuratum,0.24390243902439024
Dyadobacter fermentans,0.24390243902439024
Halomonas sp. THAF5a,0.24390243902439024
Mycobacterium cookii,0.24390243902439024
Streptococcus pyogenes,0.24390243902439024
Boseongicola sp. CCM32,0.24390243902439024
Veillonella atypica,0.24390243902439024
Rhizobium oryzihabitans,0.24390243902439024
Janthinobacterium sp. 1_2014MBL_MicDiv,0.24390243902439024
Rhodanobacter glycinis,0.24390243902439024
Xanthomonas euvesicatoria,0.24390243902439024
Rhodoferax ferrireducens,0.24390243902439024
Mesorhizobium sp. M9A.F.Ca.ET.002.03.1.2,0.24390243902439024
Sphingorhabdus sp. YGSMI21,0.24390243902439024
Pseudomonas pohangensis,0.24390243902439024
Blastomonas fulva,0.24390243902439024
Bordetella trematum,0.24390243902439024
Herbaspirillum rubrisubalbicans,0.24390243902439024
Lichenihabitans psoromatis,0.24390243902439024
Gemmata massiliana,0.24390243902439024
Opitutus terrae,0.24390243902439024
Mesorhizobium australicum,0.24390243902439024
Microbacterium sp. SGAir0570,0.21951219512195122
Candidatus Solibacter usitatus,0.21951219512195122
Prevotella sp. oral taxon 299,0.21951219512195122
Peptoniphilus harei,0.21951219512195122
Oligotropha carboxidovorans,0.21951219512195122
Dictyostelium discoideum,0.21951219512195122
Thiomonas sp. X19,0.21951219512195122
Planctomycetes bacterium MalM25,0.21951219512195122
Burkholderia lata,0.21951219512195122
Bifidobacterium angulatum,0.21951219512195122
Gemmata sp. SH-PL17,0.21951219512195122
Burkholderia sp. KK1,0.21951219512195122
Acidovorax cattleyae,0.21951219512195122
Pantoea ananatis,0.21951219512195122
Ralstonia insidiosa,0.21951219512195122
Corynebacterium callunae,0.21951219512195122
Paraburkholderia sp. DHF22,0.21951219512195122
Leclercia sp. J807,0.21951219512195122
Komagataeibacter xylinus,0.21951219512195122
Pseudogulbenkiania sp. NH8B,0.21951219512195122
Pseudomonas sp. BJP69,0.21951219512195122
Aggregatibacter segnis,0.21951219512195122
Chryseobacterium sp. H3001,0.21951219512195122
Clostridiales bacterium CCNA10,0.21951219512195122
Tannerella sp. oral taxon HOT-286,0.21951219512195122
Mesorhizobium sp. M6A.T.Cr.TU.016.01.1.1,0.21951219512195122
Streptomyces sp. ADI95-16,0.21951219512195122
Acinetobacter larvae,0.21951219512195122
Pandoraea pnomenusa,0.21951219512195122
Halomonas sp. PGE1,0.21951219512195122
Flavisolibacter ginsenosidimutans,0.21951219512195122
Gemmatimonas sp. TET16,0.21951219512195122
Pseudomonas sp. StFLB209,0.21951219512195122
Acinetobacter calcoaceticus,0.21951219512195122
Nibricoccus aquaticus,0.1951219512195122
Magnetospirillum magneticum,0.1951219512195122
Streptococcus sp. HSISM1,0.1951219512195122
Thiomonas intermedia,0.1951219512195122
Stenotrophomonas sp. ZAC14D2_NAIMI4_7,0.1951219512195122
Collimonas fungivorans,0.1951219512195122
Bordetella genomosp. 9,0.1951219512195122
Rhodoferax saidenbachensis,0.1951219512195122
Enterococcus faecium,0.1951219512195122
Psychrobacter sp. AntiMn-1,0.1951219512195122
Klebsiella variicola,0.1951219512195122
Octadecabacter sp. SW4,0.1951219512195122
Spirosoma sp. CJU-R4,0.1951219512195122
Pseudohalocynthiibacter aestuariivivens,0.1951219512195122
Streptococcus sp. LPB0220,0.1951219512195122
Humibacter sp. BT305,0.1951219512195122
Rathayibacter iranicus,0.1951219512195122
Neisseria cinerea,0.1951219512195122
Hymenobacter sp. PAMC 26628,0.1951219512195122
Anaerococcus prevotii,0.1951219512195122
Prevotella ruminicola,0.1951219512195122
Rhizobium jaguaris,0.1951219512195122
Fusarium fujikuroi,0.1951219512195122
Pectobacterium brasiliense,0.1951219512195122
Enterovirus C,0.1951219512195122
Corynebacterium epidermidicanis,0.1951219512195122
Chryseobacterium indoltheticum,0.1951219512195122
Prevotella oris,0.1951219512195122
Flavonifractor plautii,0.1951219512195122
Methylosinus sp. C49,0.1951219512195122
Methylocystis rosea,0.1951219512195122
Chryseobacterium jeonii,0.1951219512195122
Sphingobacterium sp. B29,0.1951219512195122
Prevotella dentalis,0.1951219512195122
Streptomyces violaceusniger,0.1951219512195122
Mycolicibacterium aichiense,0.1951219512195122
Actinomyces sp. oral taxon 848,0.1951219512195122
Haemophilus influenzae,0.1951219512195122
Anaerostipes hadrus,0.1951219512195122
Hymenobacter sedentarius,0.17073170731707318
Rathayibacter sp. VKM Ac-2801,0.17073170731707318
Leclercia sp. 1106151,0.17073170731707318
Olsenella sp. oral taxon 807,0.17073170731707318
Cardiobacterium hominis,0.17073170731707318
Nostoc linckia,0.17073170731707318
Deinococcus peraridilitoris,0.17073170731707318
Nitrobacter hamburgensis,0.17073170731707318
Sphingobacterium sp. CZ-2,0.17073170731707318
Fischerella sp. NIES-4106,0.17073170731707318
Lactobacillus ruminis,0.17073170731707318
Leptolyngbya boryana,0.17073170731707318
Microbacterium paludicola,0.17073170731707318
Thioflavicoccus mobilis,0.17073170731707318
Halobiforma lacisalsi,0.17073170731707318
Halopiger xanaduensis,0.17073170731707318
Pseudomonas multiresinivorans,0.17073170731707318
Leptotrichia wadei,0.17073170731707318
Desulfovibrio vulgaris,0.17073170731707318
Opitutaceae bacterium TAV5,0.17073170731707318
Blautia sp. N6H1-15,0.17073170731707318
Lachnospiraceae bacterium Choco86,0.17073170731707318
Roseburia hominis,0.17073170731707318
Prevotella scopos,0.17073170731707318
Methylocystis parvus,0.17073170731707318
Sulfuritalea hydrogenivorans,0.17073170731707318
Denitratisoma sp. DHT3,0.17073170731707318
Actinomyces sp. 432,0.17073170731707318
Kitasatospora albolonga,0.17073170731707318
Candidatus Accumulibacter phosphatis,0.17073170731707318
Planctomycetes bacterium Pla163,0.17073170731707318
Chryseobacterium sp. NBC 122,0.17073170731707318
Acinetobacter sp. C16S1,0.17073170731707318
Thiobacillus denitrificans,0.17073170731707318
Flintibacter sp. KGMB00164,0.17073170731707318
Chryseobacterium carnis,0.17073170731707318
Variovorax sp. SRS16,0.17073170731707318
Comamonas thiooxydans,0.17073170731707318
Staphylococcus succinus,0.17073170731707318
Macrococcus caseolyticus,0.17073170731707318
Lactobacillus agilis,0.17073170731707318
Sphingobium sp. RSMS,0.17073170731707318
Pantoea rwandensis,0.17073170731707318
Cupriavidus pinatubonensis,0.17073170731707318
Kluyvera sp. PO2S7,0.17073170731707318
Lactobacillus pentosus,0.17073170731707318
Streptococcus equinus,0.17073170731707318
Xanthomonas vasicola,0.17073170731707318
Burkholderia sp. DHOD12,0.17073170731707318
Pseudomonas marincola,0.17073170731707318
Planctomycetes bacterium Poly30,0.17073170731707318
Luteolibacter sp. G-1-1-1,0.17073170731707318
Pirellula sp. SH-Sr6A,0.14634146341463414
Xanthomonas cassavae,0.14634146341463414
Azotobacter salinestris,0.14634146341463414
Leclercia sp. W6,0.14634146341463414
Lactobacillus mucosae,0.14634146341463414
Magnetospirillum sp. ME-1,0.14634146341463414
Sphingorhabdus sp. SMR4y,0.14634146341463414
Acidovorax ebreus,0.14634146341463414
Corynebacterium ulcerans,0.14634146341463414
Rubrobacter indicoceani,0.14634146341463414
Pantoea stewartii,0.14634146341463414
Burkholderia sp. THE68,0.14634146341463414
Hymenobacter sp. TS19,0.14634146341463414
Afipia sp. GAS231,0.14634146341463414
Natrialba magadii,0.14634146341463414
Mesorhizobium sp. NZP2077,0.14634146341463414
Oryzomicrobium terrae,0.14634146341463414
Bradyrhizobium betae,0.14634146341463414
Rhodococcus sp. B7740,0.14634146341463414
Cylindrospermum stagnale,0.14634146341463414
Calothrix sp. NIES-2098,0.14634146341463414
Natrinema pellirubrum,0.14634146341463414
Nostoc piscinale,0.14634146341463414
Crenobacter cavernae,0.14634146341463414
Salinibacter ruber,0.14634146341463414
Aeromonas dhakensis,0.14634146341463414
Jeotgalicoccus saudimassiliensis,0.14634146341463414
Exiguobacterium acetylicum,0.14634146341463414
Kushneria sp. YCWA18,0.14634146341463414
Natrinema versiforme,0.14634146341463414
Enterococcus faecalis,0.14634146341463414
Mycobacterium shinjukuense,0.14634146341463414
Mycobacterium mantenii,0.14634146341463414
Bacteroides salanitronis,0.14634146341463414
Lactobacillus crispatus,0.14634146341463414
Bacteroides dorei,0.14634146341463414
Mycobacterium xenopi,0.14634146341463414
Thalassobius gelatinovorus,0.14634146341463414
Microbacterium endophyticum,0.14634146341463414
Mycobacterium marseillense,0.14634146341463414
Eikenella corrodens,0.14634146341463414
Streptococcus sp. 1643,0.14634146341463414
Planococcus plakortidis,0.14634146341463414
Rhizobium tropici,0.14634146341463414
Romboutsia sp. CE17,0.14634146341463414
Jeongeupia sp. USM3,0.14634146341463414
Streptomyces cyaneogriseus,0.14634146341463414
Peptostreptococcaceae bacterium oral taxon 929,0.14634146341463414
Sulfuritortus calidifontis,0.14634146341463414
Burkholderia contaminans,0.12195121951219512
Variovorax sp. PBL-E5,0.12195121951219512
Pseudomonas sp. S-6-2,0.12195121951219512
Stenotrophomonas sp. YAU14D1_LEIMI4_1,0.12195121951219512
Pseudomonas synxantha,0.12195121951219512
Bacillus jeotgali,0.12195121951219512
Paraburkholderia sp. 7Q-K02,0.12195121951219512
Paraburkholderia caribensis,0.12195121951219512
Rathayibacter tritici,0.12195121951219512
Shewanella baltica,0.12195121951219512
Blautia producta,0.12195121951219512
Xanthomonas fragariae,0.12195121951219512
Gordonia alkanivorans,0.12195121951219512
Parabacteroides distasonis,0.12195121951219512
Mycobacterium florentinum,0.12195121951219512
Tepidiforma bonchosmolovskayae,0.12195121951219512
Salinisphaera sp. LB1,0.12195121951219512
Pantoea alhagi,0.12195121951219512
Hymenobacter sp. BRD72,0.12195121951219512
Rhodobacteraceae bacterium BAR1,0.12195121951219512
Gemmatimonas aurantiaca,0.12195121951219512
Gemmatimonas phototrophica,0.12195121951219512
Calothrix brevissima,0.12195121951219512
Rhizobium gallicum,0.12195121951219512
Mycobacterium simiae,0.12195121951219512
Mycobacterium noviomagense,0.12195121951219512
Rhodomicrobium vannielii,0.12195121951219512
Flavobacterium sangjuense,0.12195121951219512
Natronolimnobius aegyptiacus,0.12195121951219512
Calothrix sp. NIES-2100,0.12195121951219512
Chromobacterium sp. ATCC 53434,0.12195121951219512
Oceanithermus profundus,0.12195121951219512
Nostoc sphaeroides,0.12195121951219512
Streptomyces sp. CNQ-509,0.12195121951219512
Nostoc sp. 'Lobaria pulmonaria (5183) cyanobiont',0.12195121951219512
Methylocystis heyeri,0.12195121951219512
Dechloromonas sp. HYN0024,0.12195121951219512
Vibrio navarrensis,0.12195121951219512
Mesorhizobium opportunistum,0.12195121951219512
Mesorhizobium japonicum,0.12195121951219512
Sphingobium sp. YBL2,0.12195121951219512
Bordetella sp. H567,0.12195121951219512
Methylocella silvestris,0.12195121951219512
Aeromonas encheleia,0.12195121951219512
Planctomycetes bacterium Mal4,0.12195121951219512
Lactobacillus iners,0.12195121951219512
Streptococcus viridans,0.12195121951219512
Leclercia sp. W17,0.12195121951219512
Bacillus subtilis,0.12195121951219512
Leuconostoc lactis,0.12195121951219512
Salinigranum rubrum,0.12195121951219512
Mycobacterium sp. KMS,0.12195121951219512
Halorientalis sp. IM1011,0.12195121951219512
Clostridioides difficile,0.12195121951219512
Leclercia sp. LSNIH1,0.12195121951219512
Romboutsia hominis,0.12195121951219512
Fibrella aestuarina,0.12195121951219512
Halostagnicola larsenii,0.12195121951219512
Pseudomonas azotoformans,0.0975609756097561
Klebsiella michiganensis,0.0975609756097561
Azotobacter vinelandii,0.0975609756097561
Enterobacter asburiae,0.0975609756097561
Psychrobacter sp. P11F6,0.0975609756097561
Moraxella catarrhalis,0.0975609756097561
Halobellus limi,0.0975609756097561
Fusobacterium pseudoperiodonticum,0.0975609756097561
Haloprofundus sp. MHR1,0.0975609756097561
Pseudomonas cichorii,0.0975609756097561
Halovivax ruber,0.0975609756097561
Yarrowia lipolytica,0.0975609756097561
Fusarium oxysporum,0.0975609756097561
Streptococcus virus DT1,0.0975609756097561
Serratia rubidaea,0.0975609756097561
Gemella sanguinis,0.0975609756097561
Caulobacteraceae bacterium 0127_4,0.0975609756097561
Granulibacter bethesdensis,0.0975609756097561
Cellvibrio japonicus,0.0975609756097561
Lachnospira eligens,0.0975609756097561
Rickettsia felis,0.0975609756097561
Pyruvatibacter mobilis,0.0975609756097561
Flavobacterium columnare,0.0975609756097561
Alcaligenaceae bacterium SJ-26,0.0975609756097561
Janthinobacterium sp. 17J80-10,0.0975609756097561
Burkholderiales bacterium GJ-E10,0.0975609756097561
Paraburkholderia sp. SOS3,0.0975609756097561
Lactobacillus salivarius,0.0975609756097561
Bradyrhizobium amphicarpaeae,0.0975609756097561
Nostoc sp. 'Peltigera membranacea cyanobiont' N6,0.0975609756097561
Natronorubrum aibiense,0.0975609756097561
Natronorubrum bangense,0.0975609756097561
Intestinibaculum porci,0.0975609756097561
Calothrix sp. PCC 7507,0.0975609756097561
Prevotella fusca,0.0975609756097561
Streptomyces noursei,0.0975609756097561
Ruminococcus bicirculans,0.0975609756097561
Methylocystis bryophila,0.0975609756097561
Ruthenibacterium lactatiformans,0.0975609756097561
Micromonospora aurantiaca,0.0975609756097561
Schaalia meyeri,0.0975609756097561
Vibrio furnissii,0.0975609756097561
Streptomyces sp. S1D4-11,0.0975609756097561
Capnocytophaga gingivalis,0.0975609756097561
Chromobacterium vaccinii,0.0975609756097561
Hyphomicrobium sp. MC1,0.0975609756097561
Chryseobacterium sp. SNU WT5,0.0975609756097561
Chryseobacterium sp. 3008163,0.0975609756097561
Capnocytophaga sp. FDAARGOS_737,0.0975609756097561
Mycobacterium stomatepiae,0.0975609756097561
Chryseobacterium sp. IHB B 17019,0.0975609756097561
Chryseobacterium antarcticum,0.0975609756097561
Enterococcus hirae,0.0975609756097561
Enterococcus cecorum,0.0975609756097561
Nostoc flagelliforme,0.0975609756097561
Nostoc sp. PCC 7107,0.0975609756097561
Nostoc sp. PCC 7524,0.0975609756097561
Streptomyces sp. Mg1,0.0975609756097561
Nostoc sp. CENA543,0.0975609756097561
Anabaenopsis circularis,0.0975609756097561
Mycoplasma mycoides,0.0975609756097561
Corynebacterium argentoratense,0.0975609756097561
Leptotrichia sp. oral taxon 212,0.0975609756097561
Deinococcus sp. S14-83,0.0975609756097561
Sphingobacterium thalpophilum,0.0975609756097561
Mycobacterium lacus,0.0975609756097561
Mycolicibacterium monacense,0.0975609756097561
Moorea producens,0.0975609756097561
Bacteroides uniformis,0.0975609756097561
Capnocytophaga leadbetteri,0.0975609756097561
Fischerella sp. NIES-3754,0.0975609756097561
Sugiyamaella lignohabitans,0.0975609756097561
Alistipes megaguti,0.0975609756097561
Pseudomonas sp. HLS-6,0.0975609756097561
Thioalkalivibrio sulfidiphilus,0.0975609756097561
Alteromonas macleodii,0.0975609756097561
Natronolimnobius sulfurireducens,0.0975609756097561
Kushneria konosiri,0.0975609756097561
Kushneria marisflavi,0.0975609756097561
Olsenella sp. GAM18,0.0975609756097561
Kosakonia sacchari,0.0975609756097561
Fusobacterium mortiferum,0.0975609756097561
Pseudomonas litoralis,0.07317073170731707
Ochrobactrum pseudogrignonense,0.07317073170731707
Corynebacterium geronticis,0.07317073170731707
Hymenobacter nivis,0.07317073170731707
Spirosoma sp. TS118,0.07317073170731707
Stenotrophomonas sp. ASS1,0.07317073170731707
Symbiobacterium thermophilum,0.07317073170731707
Nitrobacter winogradskyi,0.07317073170731707
Calothrix parasitica,0.07317073170731707
Methylobacterium phyllosphaerae,0.07317073170731707
Pseudomonas plecoglossicida,0.07317073170731707
Oscillatoria acuminata,0.07317073170731707
Lachnoanaerobaculum umeaense,0.07317073170731707
Selenomonas sputigena,0.07317073170731707
Geitlerinema sp. PCC 7407,0.07317073170731707
Crinalium epipsammum,0.07317073170731707
Mobiluncus curtisii,0.07317073170731707
Desulfovibrio desulfuricans,0.07317073170731707
Rhizobium sp. TCK,0.07317073170731707
Enterobacter cloacae complex sp. ECNIH7,0.07317073170731707
Stenotrophomonas sp. ZAC14D2_NAIMI4_6,0.07317073170731707
Spirosoma montaniterrae,0.07317073170731707
Runella sp. HYN0085,0.07317073170731707
Haloarcula sp. JP-L23,0.07317073170731707
Plantibacter flavus,0.07317073170731707
Natronobacterium gregoryi,0.07317073170731707
Agrobacterium sp. T29,0.07317073170731707
[Clostridium] scindens,0.07317073170731707
Enterocloster bolteae,0.07317073170731707
Pseudomonas sp. SK,0.07317073170731707
Dysosmobacter welbionis,0.07317073170731707
Sphingobium japonicum,0.07317073170731707
Steroidobacter denitrificans,0.07317073170731707
Caldilinea aerophila,0.07317073170731707
Mixta gaviniae,0.07317073170731707
Pseudomonas xinjiangensis,0.07317073170731707
Pseudomonas rhizosphaerae,0.07317073170731707
Luteibacter rhizovicinus,0.07317073170731707
Vibrio parahaemolyticus,0.07317073170731707
Burkholderia stabilis,0.07317073170731707
Bacillus filamentosus,0.07317073170731707
Streptococcus gallolyticus,0.07317073170731707
Atlantibacter hermannii,0.07317073170731707
Pararhodospirillum photometricum,0.07317073170731707
Pseudomonas sabulinigri,0.07317073170731707
Pseudomonas alkylphenolica,0.07317073170731707
Herbaspirillum hiltneri,0.07317073170731707
Achromobacter sp. B7,0.07317073170731707
Chryseobacterium balustinum,0.07317073170731707
Diaphorobacter sp. JS3050,0.07317073170731707
Chryseobacterium glaciei,0.07317073170731707
Chryseobacterium bernardetii,0.07317073170731707
Schizosaccharomyces pombe,0.07317073170731707
Streptomyces sp. HF10,0.07317073170731707
Dietzia sp. DQ12-45-1b,0.07317073170731707
Citrobacter werkmanii,0.07317073170731707
Cronobacter dublinensis,0.07317073170731707
Bacteroides sp. CBA7301,0.07317073170731707
Bacteroides ovatus,0.07317073170731707
Bacteroides caccae,0.07317073170731707
Atopobium parvulum,0.07317073170731707
Oligella urethralis,0.07317073170731707
Vitreoscilla filiformis,0.07317073170731707
Gemella morbillorum,0.07317073170731707
Bacillus sp. Y1,0.07317073170731707
Streptomyces leeuwenhoekii,0.07317073170731707
Streptomyces koyangensis,0.07317073170731707
TM7 phylum sp. oral taxon 488,0.07317073170731707
Buchnera aphidicola,0.07317073170731707
Pseudarthrobacter sp. YJ56,0.07317073170731707
Agrobacterium vitis,0.07317073170731707
Agrobacterium rhizogenes,0.07317073170731707
Pseudomonas sp. SGAir0191,0.07317073170731707
Streptococcus virus phiAbc2,0.07317073170731707
Chromobacterium violaceum,0.07317073170731707
Cellvibrio sp. PSBB006,0.07317073170731707
Actinomyces gaoshouyii,0.07317073170731707
Actinomyces pacaensis,0.07317073170731707
Flavobacterium sediminis,0.07317073170731707
Pistricoccus aurantiacus,0.07317073170731707
Alcanivorax dieselolei,0.07317073170731707
Zobellella denitrificans,0.07317073170731707
Bacteroides xylanisolvens,0.07317073170731707
Nodularia spumigena,0.07317073170731707
Pseudomonas tolaasii,0.07317073170731707
Pseudomonas orientalis,0.07317073170731707
Chryseobacterium sp. G0201,0.07317073170731707
Longibaculum sp. KGMB06250,0.07317073170731707
Leptotrichia buccalis,0.07317073170731707
Helicobacter cinaedi,0.04878048780487805
Haloplanus rallus,0.04878048780487805
Fusarium graminearum,0.04878048780487805
Nostoc sp. ATCC 53789,0.04878048780487805
Paeniclostridium sordellii,0.04878048780487805
Campylobacter concisus,0.04878048780487805
Campylobacter gracilis,0.04878048780487805
Mesorhizobium sp. M2A.F.Ca.ET.043.05.1.1,0.04878048780487805
Pseudomonas mosselii,0.04878048780487805
Calothrix parietina,0.04878048780487805
Halobacterium hubeiense,0.04878048780487805
Plasmodium relictum,0.04878048780487805
Anabaena cylindrica,0.04878048780487805
Nostoc carneum,0.04878048780487805
Nostoc punctiforme,0.04878048780487805
Rathayibacter rathayi,0.04878048780487805
Mycobacterium chimaera,0.04878048780487805
Jonesia denitrificans,0.04878048780487805
Halapricum salinum,0.04878048780487805
Natronomonas moolapensis,0.04878048780487805
Planctomycetes bacterium Pla85_3_4,0.04878048780487805
Methanobrevibacter olleyae,0.04878048780487805
Methanobrevibacter sp. YE315,0.04878048780487805
Psychrobacter sp. DAB_AL43B,0.04878048780487805
Psychrobacter sp. P11G3,0.04878048780487805
Pseudomonas simiae,0.04878048780487805
Bacteroides intestinalis,0.04878048780487805
Bacteroides zoogleoformans,0.04878048780487805
Bacteroides heparinolyticus,0.04878048780487805
Bacteroides cellulosilyticus,0.04878048780487805
Campylobacter showae,0.04878048780487805
Desulfobulbus propionicus,0.04878048780487805
Staphylococcus equorum,0.04878048780487805
Staphylococcus lugdunensis,0.04878048780487805
Plesiomonas shigelloides,0.04878048780487805
Shewanella sp. Pdp11,0.04878048780487805
Halomonas aestuarii,0.04878048780487805
Sphingobacterium lactis,0.04878048780487805
Sphingobacterium sp. DR205,0.04878048780487805
Streptomyces sp. RPA4-5,0.04878048780487805
Flavobacterium anhuiense,0.04878048780487805
Flavobacterium sp. CJ74,0.04878048780487805
Chryseobacterium sp. T16E-39,0.04878048780487805
Mycolicibacterium sarraceniae,0.04878048780487805
Pseudomonas rhodesiae,0.04878048780487805
Alteromonas sp. RKMC-009,0.04878048780487805
Marinobacter sp. LQ44,0.04878048780487805
Ogataea parapolymorpha,0.04878048780487805
Alistipes shahii,0.04878048780487805
Porphyromonas asaccharolytica,0.04878048780487805
Chryseobacterium sp. 17S1E7,0.04878048780487805
Chryseobacterium sp. StRB126,0.04878048780487805
Sulfurospirillum sp. UCH001,0.04878048780487805
Arcobacter butzleri,0.04878048780487805
Myroides odoratus,0.04878048780487805
Flavobacterium psychrophilum,0.04878048780487805
Streptomyces sp. S063,0.04878048780487805
Propionimicrobium sp. Marseille-P3275,0.04878048780487805
Riemerella anatipestifer,0.04878048780487805
Flavobacteriaceae bacterium 3519-10,0.04878048780487805
Arcobacter cryaerophilus,0.04878048780487805
Chitinolyticbacter meiyuanensis,0.04878048780487805
Bordetella bronchiseptica,0.04878048780487805
Adlercreutzia equolifaciens,0.04878048780487805
Olsenella uli,0.04878048780487805
Shewanella algae,0.04878048780487805
Bifidobacterium gallinarum,0.04878048780487805
Kosakonia sp. CCTCC M2018092,0.04878048780487805
Candida dubliniensis,0.04878048780487805
Gordonia westfalica,0.04878048780487805
Mycolicibacter minnesotensis,0.04878048780487805
Mycobacterium seoulense,0.04878048780487805
Bacteroides sp. A1C1,0.04878048780487805
Citrobacter koseri,0.04878048780487805
Pectobacterium parmentieri,0.04878048780487805
Bifidobacterium choerinum,0.04878048780487805
Flavobacterium commune,0.04878048780487805
Stenotrophomonas sp. pho,0.04878048780487805
Curvibacter sp. AEP1-3,0.04878048780487805
Paraburkholderia sp. CCGE1002,0.04878048780487805
Burkholderia insecticola,0.04878048780487805
Streptococcus sp. HSISS3,0.04878048780487805
Chryseobacterium camelliae,0.04878048780487805
Collimonas pratensis,0.04878048780487805
Janthinobacterium sp. LM6,0.04878048780487805
Janthinobacterium sp. SNU WT3,0.04878048780487805
Pandoraea pulmonicola,0.04878048780487805
Haemophilus sp. oral taxon 036,0.04878048780487805
Thiohalobacter thiocyanaticus,0.04878048780487805
Acidihalobacter prosperus,0.04878048780487805
Sphingorhabdus sp. M41,0.04878048780487805
Sphingobium indicum,0.04878048780487805
Streptococcus mutans,0.04878048780487805
Streptococcus koreensis,0.04878048780487805
Streptococcus vestibularis,0.04878048780487805
Bacillus oceanisediminis,0.04878048780487805
Idiomarina sp. X4,0.04878048780487805
Halieaceae bacterium IMCC3088,0.04878048780487805
Burkholderia stagnalis,0.04878048780487805
Streptococcus sp. CNU G3,0.04878048780487805
Streptococcus sp. HSISS2,0.04878048780487805
Enterobacter cloacae complex sp.,0.04878048780487805
Asaia bogorensis,0.04878048780487805
Gluconobacter oxydans,0.04878048780487805
Acetobacter ghanensis,0.04878048780487805
Acetobacter orientalis,0.04878048780487805
Vibrio alginolyticus,0.04878048780487805
Pseudomonas sp. R32,0.04878048780487805
Pseudomonas sp. OIL-1,0.04878048780487805
Pseudolysobacter antarcticus,0.04878048780487805
Xanthomonas hortorum,0.04878048780487805
Xanthomonas axonopodis,0.04878048780487805
Pseudomonas pelagia,0.04878048780487805
Tannerella forsythia,0.04878048780487805
Bacteroides helcogenes,0.04878048780487805
Pseudomonas frederiksbergensis,0.04878048780487805
Pseudomonas extremaustralis,0.04878048780487805
Tatumella citrea,0.04878048780487805
Pantoea sp. SO10,0.04878048780487805
Mixta theicola,0.04878048780487805
Pseudescherichia vulneris,0.04878048780487805
Pseudomonas sp. SNU WT1,0.04878048780487805
Methylophaga nitratireducenticrescens,0.04878048780487805
Methylocaldum marinum,0.04878048780487805
Altererythrobacter ishigakiensis,0.04878048780487805
Leuconostoc citreum,0.04878048780487805
Pediococcus pentosaceus,0.04878048780487805
Lactobacillus acidophilus,0.04878048780487805
Streptococcus sp. oral taxon 064,0.04878048780487805
Salicibibacter halophilus,0.04878048780487805
Sinimarinibacterium sp. NLF-5-8,0.04878048780487805
Neisseria sp. KEM232,0.04878048780487805
Roseobacter ponti,0.04878048780487805
Celeribacter baekdonensis,0.04878048780487805
Pseudomonas sp. BIOMIG1BAC,0.04878048780487805
Lactobacillus johnsonii,0.04878048780487805
Lactobacillus amylovorus,0.04878048780487805
Pseudomonas sp. CMR5c,0.04878048780487805
Streptococcus sp. CNU G2,0.04878048780487805
Mesorhizobium erdmanii,0.04878048780487805
Oscillibacter valericigenes,0.04878048780487805
Pseudomonas sp. 02C 26,0.04878048780487805
Methylovirgula ligni,0.04878048780487805
Lachnospiraceae bacterium,0.04878048780487805
Pseudomonas sp. gcc21,0.04878048780487805
Hymenobacter sp. DG25B,0.04878048780487805
Mesorhizobium sp. M7D.F.Ca.US.005.01.1.1,0.04878048780487805
Rhodocytophaga sp. 172606-1,0.04878048780487805
Halobacterium salinarum,0.04878048780487805
Salinarchaeum sp. Harcht-Bsk1,0.04878048780487805
Stenotrophomonas sp. WZN-1,0.04878048780487805
Enterobacter sp. E76,0.04878048780487805
Ahniella affigens,0.04878048780487805
Frateuria aurantia,0.04878048780487805
Streptococcus anginosus,0.04878048780487805
Pandoraea thiooxydans,0.04878048780487805
Roseiflexus sp. RS-1,0.04878048780487805
Anaerococcus mediterraneensis,0.04878048780487805
Selenomonas sp. oral taxon 126,0.04878048780487805
Rivularia sp. PCC 7116,0.04878048780487805
Acinetobacter sp. WCHAc010052,0.04878048780487805
Selenomonas sp. oral taxon 920,0.04878048780487805
Pseudomonas salegens,0.04878048780487805
Pseudomonas moraviensis,0.04878048780487805
Pseudomonas fragi,0.04878048780487805
Pseudomonas lundensis,0.04878048780487805
Pseudomonas viridiflava,0.04878048780487805
Lysobacter sp. HDW10,0.04878048780487805
Pontibacter sp. BT214,0.04878048780487805
Pontibacter sp. BT326,0.04878048780487805
Corynebacterium pseudopelargi,0.04878048780487805
Corynebacterium pelargi,0.04878048780487805
Mesorhizobium ciceri,0.04878048780487805
Halostella pelagica,0.04878048780487805
Leptotrichia trevisanii,0.04878048780487805
Leptotrichia hofstadii,0.04878048780487805
Leptotrichia hongkongensis,0.04878048780487805
Verrucomicrobia bacterium IMCC26134,0.04878048780487805
Akkermansia muciniphila,0.04878048780487805
Methanobrevibacter millerae,0.04878048780487805
Salarchaeum sp. JOR-1,0.04878048780487805
Halorussus sp. RC-68,0.04878048780487805
Halobacterium sp. DL1,0.04878048780487805
Pseudomonas versuta,0.04878048780487805
Dialister massiliensis,0.04878048780487805
Streptococcus virus 7201,0.04878048780487805
Dialister hominis,0.04878048780487805
Pseudomonas phage PS-1,0.04878048780487805
Helicobacter bilis,0.024390243902439025
Erysipelotrichaceae bacterium GAM147,0.024390243902439025
Fusobacterium varium,0.024390243902439025
Fusobacterium ulcerans,0.024390243902439025
Treponema succinifaciens,0.024390243902439025
Escherichia virus Goslar,0.024390243902439025
Pseudomonas psychrophila,0.024390243902439025
Pseudomonas antarctica,0.024390243902439025
Pseudomonas palleroniana,0.024390243902439025
Pseudomonas lurida,0.024390243902439025
Psychrobacter sp. G,0.024390243902439025
Psychrobacter sp. P2G3,0.024390243902439025
Halalkaliarchaeum desulfuricum,0.024390243902439025
Methanosarcina barkeri,0.024390243902439025
Methanothrix soehngenii,0.024390243902439025
Methanobrevibacter ruminantium,0.024390243902439025
Cardinium endosymbiont of Sogatella furcifera,0.024390243902439025
Capnocytophaga sp. H4358,0.024390243902439025
Capnocytophaga sp. H2931,0.024390243902439025
Planctomycetes bacterium ETA_A8,0.024390243902439025
Halorubrum sp. BOL3-1,0.024390243902439025
Planktothrix agardhii,0.024390243902439025
Tetragenococcus halophilus,0.024390243902439025
Neisseria zoodegmatis,0.024390243902439025
Neisseria lactamica,0.024390243902439025
Pleurocapsa minor,0.024390243902439025
[Eubacterium] cellulosolvens,0.024390243902439025
Selenomonas sp. oral taxon 478,0.024390243902439025
Faecalitalea cylindroides,0.024390243902439025
Limnochorda pilosa,0.024390243902439025
Thermus scotoductus,0.024390243902439025
Bradyrhizobium diazoefficiens,0.024390243902439025
Calothrix sp. NIES-3974,0.024390243902439025
Calothrix sp. 336/3,0.024390243902439025
Sphaerospermopsis kisseleviana,0.024390243902439025
Pseudomonas trivialis,0.024390243902439025
Acinetobacter chinensis,0.024390243902439025
Lachnoclostridium phocaeense,0.024390243902439025
Methylocella tundrae,0.024390243902439025
Mogibacterium diversum,0.024390243902439025
Mogibacterium pumilum,0.024390243902439025
[Eubacterium] sulci,0.024390243902439025
Massilistercora timonensis,0.024390243902439025
Hoeflea sp. IMCC20628,0.024390243902439025
Hoeflea phototrophica,0.024390243902439025
Ochrobactrum quorumnocens,0.024390243902439025
Ochrobactrum pituitosum,0.024390243902439025
Methyloceanibacter caenitepidi,0.024390243902439025
Ruminococcus champanellensis,0.024390243902439025
Clostridium sp. SY8519,0.024390243902439025
Pseudomonas sp. DG56-2,0.024390243902439025
Microchaete diplosiphon,0.024390243902439025
Tolypothrix sp. PCC 7910,0.024390243902439025
Clostridium butyricum,0.024390243902439025
Clostridium beijerinckii,0.024390243902439025
Paraclostridium bifermentans,0.024390243902439025
Roseiflexus castenholzii,0.024390243902439025
Streptococcus intermedius,0.024390243902439025
Fluviibacterium aquatile,0.024390243902439025
Hyphomonas neptunium,0.024390243902439025
Rhizobium sp. CIAT894,0.024390243902439025
Rhizobium selenitireducens,0.024390243902439025
Pseudomonas sp. LAB-08,0.024390243902439025
Pseudomonas sp. Leaf58,0.024390243902439025
Pseudomonas sp. URMO17WK12:I11,0.024390243902439025
Pseudomonas sp. ADAK13,0.024390243902439025
Pseudomonas sp. UW4,0.024390243902439025
Enterococcus avium,0.024390243902439025
Lachnospiraceae bacterium KM106-2,0.024390243902439025
Roseovarius sp. THAF8,0.024390243902439025
Sulfitobacter sp. JL08,0.024390243902439025
Ruegeria sp. TM1040,0.024390243902439025
Ruegeria sp. THAF33,0.024390243902439025
Labrenzia sp. VG12,0.024390243902439025
Bifidobacterium dentium,0.024390243902439025
Collimonas arenae,0.024390243902439025
Methylococcus sp. IM1,0.024390243902439025
Lactobacillus helveticus,0.024390243902439025
Lactobacillus rhamnosus,0.024390243902439025
Lactobacillus farciminis,0.024390243902439025
Pediococcus acidilactici,0.024390243902439025
Leuconostoc gelidum,0.024390243902439025
Jeotgalibaca sp. H21T32,0.024390243902439025
Sphingobium fuliginis,0.024390243902439025
Clostridium tetani,0.024390243902439025
Thalassospira xiamenensis,0.024390243902439025
Rhodoferax antarcticus,0.024390243902439025
Delftia acidovorans,0.024390243902439025
Arthrobacter sp. YN,0.024390243902439025
Gallaecimonas mangrovi,0.024390243902439025
Methylophaga frappieri,0.024390243902439025
Pseudomonas sp. M30-35,0.024390243902439025
Pseudomonas sp. 7SR1,0.024390243902439025
Haemophilus pittmaniae,0.024390243902439025
Pasteurellaceae bacterium Orientalotternb1,0.024390243902439025
Vibrio natriegens,0.024390243902439025
Vibrio owensii,0.024390243902439025
Gluconobacter albidus,0.024390243902439025
Streptococcus sp. I-G2,0.024390243902439025
Sphingobium sp. LF-16,0.024390243902439025
Lactobacillus reuteri,0.024390243902439025
Idiomarina piscisalsi,0.024390243902439025
Bacillus flexus,0.024390243902439025
Bacillus thermoamylovorans,0.024390243902439025
Oceanobacillus iheyensis,0.024390243902439025
Geobacillus thermodenitrificans,0.024390243902439025
Virgibacillus halodenitrificans,0.024390243902439025
Anoxybacillus flavithermus,0.024390243902439025
Parageobacillus genomosp. 1,0.024390243902439025
Paenibacillus bovis,0.024390243902439025
Streptococcus sp. CNU 77-61,0.024390243902439025
Streptococcus lutetiensis,0.024390243902439025
Lactococcus garvieae,0.024390243902439025
Enterobacter soli,0.024390243902439025
Citrobacter freundii,0.024390243902439025
Salinibacterium sp. CGMCC 1.16371,0.024390243902439025
Thalassospira indica,0.024390243902439025
Macrococcus canis,0.024390243902439025
Limnohabitans sp. 103DPR2,0.024390243902439025
Stenotrophomonas sp. Pemsol,0.024390243902439025
Vibrio sp. HBUAS61001,0.024390243902439025
Vibrio sp. ZWAL4003,0.024390243902439025
Vibrio mimicus,0.024390243902439025
Vibrio vulnificus,0.024390243902439025
Vibrio anguillarum,0.024390243902439025
Vibrio cincinnatiensis,0.024390243902439025
Vibrio tapetis,0.024390243902439025
Photobacterium damselae,0.024390243902439025
Microbulbifer sp. SH-1,0.024390243902439025
Pseudoalteromonas spongiae,0.024390243902439025
Pseudoalteromonas phenolica,0.024390243902439025
Idiomarina andamanensis,0.024390243902439025
Idiomarina sp. OT37-5b,0.024390243902439025
Salinimonas sp. KX18D6,0.024390243902439025
Paraglaciecola sp. L3A3,0.024390243902439025
Pandoraea sp. XY-2,0.024390243902439025
Chryseobacterium arthrosphaerae,0.024390243902439025
Saccharibacillus brassicae,0.024390243902439025
Solibacillus silvestris,0.024390243902439025
Thermoactinomyces vulgaris,0.024390243902439025
Streptococcus sp. I-P16,0.024390243902439025
Stenotrophomonas sp. ZAC14A_NAIMI4_1,0.024390243902439025
Burkholderia thailandensis,0.024390243902439025
Cupriavidus nantongensis,0.024390243902439025
Staphylococcus pettenkoferi,0.024390243902439025
Staphylococcus simiae,0.024390243902439025
Staphylococcus vitulinus,0.024390243902439025
Staphylococcus schleiferi,0.024390243902439025
Staphylococcus stepanovicii,0.024390243902439025
Neisseria weaveri,0.024390243902439025
Exiguobacterium sp. N4-1P,0.024390243902439025
Bacillus paralicheniformis,0.024390243902439025
Bacillus coagulans,0.024390243902439025
Paraburkholderia phymatum,0.024390243902439025
Idiomarinaceae bacterium HL-53,0.024390243902439025
Ferrimonas balearica,0.024390243902439025
Allochromatium vinosum,0.024390243902439025
Thiocystis violascens,0.024390243902439025
Nitrosococcus oceani,0.024390243902439025
Alkalilimnicola ehrlichii,0.024390243902439025
Sulfurivermis fontis,0.024390243902439025
Alteromonas mediterranea,0.024390243902439025
Alteromonas pelagimontana,0.024390243902439025
Salinimonas lutimaris,0.024390243902439025
Salinimonas sediminis,0.024390243902439025
Saliniradius amylolyticus,0.024390243902439025
Pseudoalteromonas sp. R3,0.024390243902439025
Pseudoalteromonas sp. DL-6,0.024390243902439025
Pseudoalteromonas sp. A25,0.024390243902439025
Pseudoalteromonas donghaensis,0.024390243902439025
Pseudoalteromonas piscicida,0.024390243902439025
Pseudoalteromonas luteoviolacea,0.024390243902439025
Pseudoalteromonas tunicata,0.024390243902439025
Pseudoalteromonas rubra,0.024390243902439025
Shewanella sp. WE21,0.024390243902439025
Shewanella sp. W3-18-1,0.024390243902439025
Shewanella khirikhana,0.024390243902439025
Shewanella amazonensis,0.024390243902439025
Shewanella marisflavi,0.024390243902439025
Neisseria animaloris,0.024390243902439025
Neisseria canis,0.024390243902439025
Aeromonas virus 56,0.024390243902439025
Aeromonas phage AhSzw-1,0.024390243902439025
Aeromonas phage AhSzq-1,0.024390243902439025
Shewanella xiamenensis,0.024390243902439025
Vibrio sp. 2521-89,0.024390243902439025
Simonsiella muelleri,0.024390243902439025
Actinomyces qiguomingii,0.024390243902439025
Schaalia cardiffensis,0.024390243902439025
Flaviflexus sp. H23T48,0.024390243902439025
Trueperella pyogenes,0.024390243902439025
Zoogloeaceae bacteirum Par-f-2,0.024390243902439025
Azospira sp. I09,0.024390243902439025
Dechlorosoma suillum,0.024390243902439025
Chryseobacterium carnipullorum,0.024390243902439025
Bifidobacterium scardovii,0.024390243902439025
Lacimicrobium alkaliphilum,0.024390243902439025
Shewanella chilikensis,0.024390243902439025
Shewanella denitrificans,0.024390243902439025
Shewanella maritima,0.024390243902439025
Shewanella frigidimarina,0.024390243902439025
Shewanella woodyi,0.024390243902439025
Marinobacter sp. JH2,0.024390243902439025
Marinobacter salarius,0.024390243902439025
Alteromonas sp. I4,0.024390243902439025
Pseudomonas sp. 09C 129,0.024390243902439025
Pseudomonas veronii,0.024390243902439025
Pseudomonas mediterranea,0.024390243902439025
Pseudomonas mucidolens,0.024390243902439025
Methanosarcina vacuolata,0.024390243902439025
Streptococcus virus Sfi19,0.024390243902439025
Streptococcus virus ALQ132,0.024390243902439025
Enterobacter phage phiEap-2,0.024390243902439025
Halomonas huangheensis,0.024390243902439025
Halotalea alkalilenta,0.024390243902439025
Thalassolituus oleivorans,0.024390243902439025
Nitrincola sp. KXZD1103,0.024390243902439025
Shewanella sp. SNU WT4,0.024390243902439025
Aeromonas sp. CA23,0.024390243902439025
Aeromonas schubertii,0.024390243902439025
Streptomyces sp. RLB1-33,0.024390243902439025
Elizabethkingia anophelis,0.024390243902439025
Methylobacillus flagellatus,0.024390243902439025
Nitrosomonas communis,0.024390243902439025
Anaeromyxobacter sp. K,0.024390243902439025
Desulfovibrio carbinoliphilus,0.024390243902439025
Bradymonas sediminis,0.024390243902439025
Streptomyces rochei,0.024390243902439025
Pseudonocardia sp. EC080625-04,0.024390243902439025
Myroides profundi,0.024390243902439025
Bergeyella cardium,0.024390243902439025
Mucilaginibacter rubeus,0.024390243902439025
Arcobacter ellisii,0.024390243902439025
Bdellovibrio sp. ZAP7,0.024390243902439025
Bdellovibrio exovorus,0.024390243902439025
Hydrogenophilus thermoluteolus,0.024390243902439025
Chryseobacterium sp. G0186,0.024390243902439025
Chryseobacterium gallinarum,0.024390243902439025
Chryseobacterium piperi,0.024390243902439025
Chryseobacterium nakagawai,0.024390243902439025
Rhodococcus erythropolis,0.024390243902439025
Pasteurella dagmatis,0.024390243902439025
Sterolibacterium denitrificans,0.024390243902439025
Streptomyces sp. Tue 6075,0.024390243902439025
Pseudomonas cedrina,0.024390243902439025
Pseudomonas sp. FGI182,0.024390243902439025
Pseudomonas sp. ADAK18,0.024390243902439025
Pseudomonas sp. S35,0.024390243902439025
Pseudomonas sp. IB20,0.024390243902439025
Pseudomonas sp. NS1(2017),0.024390243902439025
Pseudomonas sp. LG1E9,0.024390243902439025
Serratia sp. ATCC 39006,0.024390243902439025
Serratia plymuthica,0.024390243902439025
Rahnella sp. ERMR1:05,0.024390243902439025
Rahnella aquatilis,0.024390243902439025
Pectobacterium polaris,0.024390243902439025
Capnocytophaga sp. oral taxon 878,0.024390243902439025
Capnocytophaga canimorsus,0.024390243902439025
Capnocytophaga endodontalis,0.024390243902439025
Capnocytophaga cynodegmi,0.024390243902439025
Capnocytophaga stomatis,0.024390243902439025
Dickeya fangzhongdai,0.024390243902439025
Providencia stuartii,0.024390243902439025
Proteus mirabilis,0.024390243902439025
Proteus vulgaris,0.024390243902439025
Morganella morganii,0.024390243902439025
Arsenophonus nasoniae,0.024390243902439025
Escherichia albertii,0.024390243902439025
Citrobacter rodentium,0.024390243902439025
Cronobacter malonaticus,0.024390243902439025
Bacteroides caecimuris,0.024390243902439025
Streptomyces sp. NEAU-S7GS2,0.024390243902439025
Cryptococcus neoformans,0.024390243902439025
Oceanimonas sp. GK1,0.024390243902439025
Pseudomonas sp. R76,0.024390243902439025
Pseudomonas sp. S09G 359,0.024390243902439025
Pseudomonas sp. PONIH3,0.024390243902439025
Eremothecium gossypii,0.024390243902439025
Mixta intestinalis,0.024390243902439025
Erwinia persicina,0.024390243902439025
Tatumella ptyseos,0.024390243902439025
Tatumella sp. TA1,0.024390243902439025
Pseudomonas cremoricolorata,0.024390243902439025
Pseudomonas graminis,0.024390243902439025
Porphyromonas cangingivalis,0.024390243902439025
Alistipes communis,0.024390243902439025
Muribaculaceae bacterium DSM 108610,0.024390243902439025
Proteiniphilum saccharofermentans,0.024390243902439025
Streptomyces sp. S8,0.024390243902439025
Paraprevotella xylaniphila,0.024390243902439025
Pectobacterium odoriferum,0.024390243902439025
Pectobacterium versatile,0.024390243902439025
Dickeya zeae,0.024390243902439025
Pseudomonas taetrolens,0.024390243902439025
Pseudomonas umsongensis,0.024390243902439025
Pseudomonas brassicacearum,0.024390243902439025
Pseudomonas agarici,0.024390243902439025
Pseudomonas vancouverensis,0.024390243902439025
Enterobacter sichuanensis,0.024390243902439025
Psychrobacter sp. P11G5,0.024390243902439025
Psychrobacter urativorans,0.024390243902439025
Psychrobacter arcticus,0.024390243902439025
Psychrobacter cryohalolentis,0.024390243902439025
Spirosoma sp. KCTC 42546,0.024390243902439025
Spirosoma aerolatum,0.024390243902439025
Spirosoma pollinicola,0.024390243902439025
Spirosoma rigui,0.024390243902439025
Runella sp. SP2,0.024390243902439025
Mycobacterium canettii,0.024390243902439025
Halorubrum sp. PV6,0.024390243902439025
Halorubrum trapanicum,0.024390243902439025
Halorubrum lacusprofundi,0.024390243902439025
Halopenitus persicus,0.024390243902439025
Halorubrum ezzemoulense,0.024390243902439025
halophilic archaeon DL31,0.024390243902439025
Dermatophilus congolensis,0.024390243902439025
Plantibacter sp. PA-3-X8,0.024390243902439025
Plantibacter sp. M259,0.024390243902439025
Algoriphagus sanaruensis,0.024390243902439025
Methyloceanibacter sp. wino2,0.024390243902439025
Hymenobacter jejuensis,0.024390243902439025
Stenotrophomonas sp. G4,0.024390243902439025
Pseudomonas extremorientalis,0.024390243902439025
Pseudomonas asturiensis,0.024390243902439025
Pseudomonas syringae group genomosp. 3,0.024390243902439025
Severe acute respiratory syndrome-related coronavirus,0.024390243902439025
Proteus columbae,0.024390243902439025
Haloplanus aerogenes,0.024390243902439025
Methanosarcina sp. Kolksee,0.024390243902439025
Nitrospira moscoviensis,0.024390243902439025
Amphibacillus xylanus,0.024390243902439025
Halorhabdus tiamatea,0.024390243902439025
Haloarculaceae archaeon HArcel1,0.024390243902439025
haloarchaeon 3A1-DGR,0.024390243902439025
Enterobacter virus KDA1,0.024390243902439025
Pseudomonas virus LKA1,0.024390243902439025
Lactobacillus gallinarum,0.024390243902439025
Flavisolibacter tropicus,0.024390243902439025
Panacibacter ginsenosidivorans,0.024390243902439025
Niastella koreensis,0.024390243902439025
Haliscomenobacter hydrossis,0.024390243902439025
Bradyrhizobium sp.,0.024390243902439025
Trichormus azollae,0.024390243902439025
Candida albicans,0.024390243902439025
Saccharomyces cerevisiae,0.024390243902439025
Leishmania mexicana,0.024390243902439025
Natrinema sp. J7-2,0.024390243902439025
Natrinema pallidum,0.024390243902439025
TM7 phylum sp. oral taxon 957,0.024390243902439025
Treponema sp. OMZ 804,0.024390243902439025
Treponema sp. OMZ 838,0.024390243902439025
Treponema denticola,0.024390243902439025
Halorussus sp. ZS-3,0.024390243902439025
Microbacterium sp. CGR1,0.024390243902439025
Verrucomicrobium sp. GAS474,0.024390243902439025
Roseimicrobium sp. ORNL1,0.024390243902439025
Frederiksenia canicola,0.024390243902439025
